{"type":"FeatureCollection","crs":{"type":"name","properties":{"name":"EPSG:4326"}},"features":[{"type":"Feature","id":1,"geometry":{"type":"Polygon","coordinates":[[[-80.1083524686915,26.0547699746547],[-80.1103883431475,26.0375679988641],[-80.1121167357987,26.0121236978504],[-80.1123210581703,26.0104783935631],[-80.1125740365625,26.008435462127],[-80.1139985330059,26.0015525341222],[-80.1143836379945,25.9937767097274],[-80.1145420589688,25.9924863840395],[-80.1146140577925,25.9919023831885],[-80.1152160585742,25.9870083814317],[-80.1152970587123,25.9863503807655],[-80.1148458391641,25.9844441894479],[-80.1152973554885,25.9753274237217],[-80.1152990579051,25.9753273751583],[-80.1160180586864,25.9753233758731],[-80.1161500584784,25.975313375412],[-80.1180860605232,25.9752513752508],[-80.119005060635,25.9752213747667],[-80.1194700604949,25.9752093751126],[-80.1195730598488,25.9752063749743],[-80.1198340601937,25.9752013747437],[-80.1208500611813,25.9751733752511],[-80.1212480615488,25.9751613746977],[-80.1214930611558,25.9751543752743],[-80.1222150620754,25.9751353743981],[-80.1225640619818,25.9751253757356],[-80.1228280624651,25.9751183745134],[-80.1229540628797,25.9751153743751],[-80.123314062394,25.9751123751361],[-80.1234860631313,25.9751013746288],[-80.1237560629919,25.9750903750208],[-80.1237710627843,25.9748993752061],[-80.1237930628995,25.9746363747689],[-80.1237940629456,25.9746253742617],[-80.1238350630377,25.9745613740082],[-80.1238790623688,25.9744933744697],[-80.1280800654426,25.9743283749546],[-80.1304160670478,25.9742363743093],[-80.13315806849,25.9741293738716],[-80.1338670688102,25.9741193734104],[-80.1338720690407,25.9748773741915],[-80.133987068948,25.9748773741915],[-80.1340540684405,25.9748753740993],[-80.1421300730444,25.9746853734313],[-80.143506075345,25.9745203739162],[-80.1436800743759,25.9745133735934],[-80.1438540752054,25.9745063732706],[-80.144478075203,25.9745033731322],[-80.1447280750406,25.9744813739163],[-80.1456270760287,25.9744793738241],[-80.1459540758199,25.974478373778],[-80.1459960768574,25.9744763727864],[-80.1461200753811,25.9744713734552],[-80.1462600764413,25.9744653731785],[-80.1469210772459,25.9744343735475],[-80.1475750768283,25.9744053740089],[-80.1475970778428,25.9744063731556],[-80.1476430763668,25.9744073732018],[-80.147782077381,25.9744133734785],[-80.1478290768504,25.9744153735707],[-80.1478690768964,25.9744173727636],[-80.1479080768962,25.9744163736168],[-80.1480250768957,25.9744053731095],[-80.14806807708,25.9744163727175],[-80.1484810781392,25.974401372925],[-80.1497210777655,25.9743603737323],[-80.1501350788707,25.9743463730867],[-80.1501540788476,25.9743453739399],[-80.1502110787782,25.9743433729483],[-80.1502310779019,25.9743433738477],[-80.1505330792382,25.9743293732021],[-80.151441079742,25.9742913732483],[-80.1517440793257,25.9742783735481],[-80.1518430802939,25.9742763734559],[-80.1519330799476,25.9742753734098],[-80.1521220796702,25.9742723732714],[-80.1521420796932,25.9742713732253],[-80.1521820797391,25.9742713732253],[-80.1522420798081,25.9742703740786],[-80.1523270801306,25.974268373087],[-80.1525820801988,25.9742653729486],[-80.1526680796681,25.9742643729026],[-80.152886080728,25.9742543724414],[-80.1535410803565,25.974225373802],[-80.1537600805633,25.974216373387],[-80.1538510811624,25.9742113731564],[-80.1541240811614,25.9742003726491],[-80.1542160809073,25.974196373364],[-80.1544310809296,25.9741903730873],[-80.1550760818956,25.9741723731565],[-80.1552910819179,25.9741663728798],[-80.155476081456,25.9741603735025],[-80.156032081915,25.9741453728108],[-80.1562180814992,25.9741403725802],[-80.1562400816144,25.9741393725341],[-80.1563090820984,25.9741373733411],[-80.1563320822597,25.9741373724418],[-80.1565830830428,25.9741293729722],[-80.1573370827401,25.9741093738486],[-80.157439082048,25.974107372857],[-80.1575890835693,25.9741033726726],[-80.157690082831,25.9741003734335],[-80.1577980824155,25.9740963732491],[-80.1581220838671,25.9740883728801],[-80.1582310825983,25.9740853727418],[-80.1586390834269,25.9740743731339],[-80.1598650842062,25.9740433726036],[-80.1602740841816,25.9740333730418],[-80.1606790848718,25.9740213733877],[-80.1618960861354,25.973986372673],[-80.1623020850731,25.973975373065],[-80.1628490860165,25.9739583722811],[-80.1644930862869,25.9739103727655],[-80.1650410872763,25.973894372927],[-80.1651810865379,25.973894372927],[-80.1653970875055,25.9738963721199],[-80.165594087597,25.973834372858],[-80.1657290875273,25.9737923727198],[-80.1659150871116,25.9737423731121],[-80.1659460876418,25.973733372697],[-80.1659860876878,25.9737223730891],[-80.1661246237523,25.9736846411333],[-80.166186720141,25.9736826122628],[-80.174154092937,25.9735783718444],[-80.174289091968,25.9735783718444],[-80.1743350922906,25.9735783718444],[-80.174350092083,25.9735783718444],[-80.1743970924519,25.9735783718444],[-80.1744130931897,25.9735783718444],[-80.1744350933049,25.9735783718444],[-80.1744700922209,25.9735783718444],[-80.1744930923823,25.9735753717061],[-80.1745030928434,25.9735733716138],[-80.1745038590658,25.9735729408386],[-80.1757601211327,25.9735327636262],[-80.1786530944647,25.9734793717756],[-80.1789910956625,25.9734793717756],[-80.1801250966958,25.9734793717756],[-80.1805030961409,25.9734793717756],[-80.1806830963478,25.9734843720062],[-80.1809960963927,25.9734923714758],[-80.181090096231,25.9734933715219],[-80.1812260962074,25.973494371568],[-80.1814070964603,25.9735043711299],[-80.1815290966904,25.9735013718908],[-80.1818960974269,25.9734933715219],[-80.1820190968039,25.9734913714297],[-80.1821710975181,25.9734773716834],[-80.1826280979084,25.9734363715913],[-80.1826950983001,25.9734303713146],[-80.1827650979309,25.9734243719373],[-80.1827810977694,25.9734233718912],[-80.1830290984141,25.9734153715222],[-80.1837750977425,25.9733943714531],[-80.1840240984334,25.9733883711764],[-80.1840890987329,25.9733863710842],[-80.1842850987783,25.9733823717991],[-80.1843510991239,25.973381371753],[-80.1844780986853,25.9733793716607],[-80.1848600992142,25.9733743714302],[-80.1849880988217,25.973373371384],[-80.1850800985677,25.9733713712918],[-80.1853580996965,25.9733693720989],[-80.1854510994886,25.9733683720528],[-80.1856410992573,25.9733623717761],[-80.1862130995548,25.9733483711305],[-80.1862831000849,25.9733463710383],[-80.1864040993697,25.9733433717992],[-80.1867250997835,25.9733343713842],[-80.1903941017064,25.973241371592],[-80.1908441026732,25.9732373705083],[-80.1910161025111,25.9732303710848],[-80.1944271042274,25.9731783704855],[-80.1980341068885,25.9730423705091],[-80.1987631063323,25.9730193712471],[-80.1997111077814,25.9729883707168],[-80.2009541084453,25.9729493707169],[-80.2016851088806,25.9729283706478],[-80.2018371086956,25.9729223703711],[-80.2020881085793,25.9729143700022],[-80.2022951082326,25.9729083706248],[-80.202448108993,25.9729033703943],[-80.2028781090374,25.972889370648],[-80.203234110166,25.9728763700485],[-80.2039901099556,25.9728523707404],[-80.2044841111528,25.972780370118],[-80.2056001104567,25.9727323706025],[-80.2060151116081,25.9726893704182],[-80.2062241113536,25.9726563697957],[-80.2062783134933,25.9726515683152],[-80.2131024995807,25.9724263600885],[-80.2134811159607,25.9724493692431],[-80.2138251165359,25.9724493701424],[-80.2140341162814,25.97243437035],[-80.2142611159577,25.9724053699119],[-80.2144198804731,25.9723889554859],[-80.2213915391881,25.9722926300009],[-80.2228251205828,25.9723253689207],[-80.2231271210198,25.9723353693818],[-80.2239771224462,25.9723323692435],[-80.2244851224903,25.9723323692435],[-80.2246341221669,25.9723263698661],[-80.2250051221886,25.9723133692666],[-80.2255631227399,25.9723073698893],[-80.226977124095,25.9722913691514],[-80.2278151240687,25.9722823687364],[-80.2286481247111,25.9722643688056],[-80.2295001244312,25.9722433687365],[-80.2295911250304,25.9722413695436],[-80.2295981244538,25.972388369128],[-80.2296061248228,25.9725993698651],[-80.2296271248919,25.9731113691944],[-80.2296321260218,25.9732323693784],[-80.2296411246381,25.9734443692623],[-80.229738125514,25.9751343707546],[-80.2297501251681,25.9753343709844],[-80.2297881251218,25.9767353717401],[-80.2298191256521,25.977506371322],[-80.2299021258823,25.9793483735287],[-80.2299271252366,25.9802103737098],[-80.229942125029,25.9807143735695],[-80.2299661261358,25.9812183734292],[-80.2299681253287,25.9817683736116],[-80.2299691253748,25.9819033744412],[-80.2299451251674,25.9824893744851],[-80.2299181257209,25.9828523750371],[-80.229827126021,25.9837543752643],[-80.229798125583,25.9839583756785],[-80.2297251258138,25.9844823746619],[-80.2296381253991,25.9849603760206],[-80.2294071264377,25.9859553760398],[-80.2292591259079,25.9865563767754],[-80.2289331252635,25.9876013773018],[-80.2285801251726,25.9885393773904],[-80.2282381246897,25.989373378079],[-80.2280041246906,25.9898643782385],[-80.2278481246911,25.9902063778221],[-80.2275581248076,25.9906873784198],[-80.2272521241861,25.9912143784409],[-80.2269831243717,25.9916483795691],[-80.2269061244181,25.9917723789922],[-80.2264971244427,25.9923653793588],[-80.2264801245581,25.9923903796124],[-80.2260871235219,25.9930093802787],[-80.2259421240298,25.9931903805317],[-80.2256111231547,25.9936323802302],[-80.2254141239626,25.9938773807366],[-80.2248611227426,25.994531380319],[-80.2247281238038,25.9946893804106],[-80.2243961237821,25.9950203812856],[-80.2242401228833,25.9951773813311],[-80.224358122929,25.9951733811467],[-80.2244471234359,25.9951703810083],[-80.2244761229746,25.9951703810083],[-80.2246291228357,25.9951633806855],[-80.2247821235961,25.9951563803627],[-80.2249821238259,25.9951463808009],[-80.2250701242868,25.9951423806164],[-80.2252021231794,25.9951373803859],[-80.2252781239862,25.9951343811468],[-80.2254211233861,25.995127380824],[-80.2258501233845,25.9951083808472],[-80.2259941237298,25.9951023805705],[-80.2262341240056,25.9950963811931],[-80.2269551248791,25.9950773803169],[-80.2271961243017,25.9950723809856],[-80.2274061249926,25.995066380709],[-80.2280351252208,25.9950503808704],[-80.2282461250586,25.9950453806398],[-80.2283461260728,25.9950393803632],[-80.2286481256104,25.9950233805246],[-80.2287491257715,25.9950193803402],[-80.2288291258635,25.9950173811472],[-80.2290711262315,25.9950133809628],[-80.2291521263695,25.9950123809167],[-80.2292311264153,25.9950093807783],[-80.2294711266911,25.9950023804556],[-80.2295511258837,25.9950003803633],[-80.2296531260909,25.9949973811243],[-80.2299621268506,25.9949873806631],[-80.2300651262046,25.9949853805709],[-80.2303071265726,25.9949823804326],[-80.2310361269157,25.9949753810091],[-80.231280127376,25.994974380963],[-80.2319451274656,25.994974380963],[-80.2320931279954,25.9949753801097],[-80.2329061277156,25.9949753810091],[-80.2337551281965,25.9949553809861],[-80.233940128634,25.9949503807555],[-80.2340261290026,25.9949483806633],[-80.2346051287237,25.9949363801099],[-80.2353661296431,25.994925380502],[-80.2376521307412,25.9948923798795],[-80.2384141317067,25.9948823803177],[-80.2393591312189,25.9948703806636],[-80.2421971334909,25.994836379995],[-80.2431441339946,25.9948253803871],[-80.243948134199,25.9948293805715],[-80.2454061348852,25.994839379234],[-80.2463611366571,25.9948263804332],[-80.2471661369077,25.994816379972],[-80.2472071361004,25.9948153799259],[-80.2472781366766,25.9948153799259],[-80.2473251370454,25.9948153799259],[-80.2473711364688,25.9948113806407],[-80.247414136653,25.9948143798798],[-80.2474691373907,25.9948143798798],[-80.2475441363528,25.9948133798337],[-80.2475881365832,25.994813380733],[-80.2477491368132,25.9948083796031],[-80.2482361376876,25.9947933798107],[-80.2483981370643,25.9947893796262],[-80.2485891377784,25.9947823802027],[-80.2491621372228,25.9947653794188],[-80.2493541379831,25.9947603800875],[-80.2501961381412,25.9947143797648],[-80.2527241396073,25.9945793798346],[-80.2535671398116,25.994534379558],[-80.253680140526,25.9945273801345],[-80.2540201400174,25.9945103793506],[-80.2541341407779,25.9945043790739],[-80.2546851410064,25.9944763795813],[-80.2556811419711,25.9944263799735],[-80.2562171424071,25.9944033789129],[-80.256339141738,25.9944003796738],[-80.2568701428428,25.9943913792588],[-80.2568911420125,25.9943913792588],[-80.2569371423352,25.9943903792127],[-80.2569981424503,25.9943883791204],[-80.2577141430932,25.9943663790052],[-80.2601491438679,25.9942953793283],[-80.2601861437755,25.994295378429],[-80.261011144049,25.9942953793283],[-80.263233145793,25.994301379605],[-80.2632591460927,25.9951543793712],[-80.2633461456081,25.9978653811825],[-80.2633751460461,25.9987703815479],[-80.2633981462075,25.9992593816152],[-80.2634681458382,26.0007263827164],[-80.263492146945,26.0012163819305],[-80.2634931460918,26.0012433822763],[-80.2634971462762,26.0013253824605],[-80.2634991463685,26.001353381953],[-80.2635001464146,26.0013793822528],[-80.2635031465529,26.0014603823908],[-80.2635051466452,26.0014873827366],[-80.2635091459303,26.0016263828513],[-80.2635231465759,26.0020433831957],[-80.2635281468065,26.0021833833565],[-80.2635321460916,26.0022973823184],[-80.263544146645,26.002642383839],[-80.2635481459301,26.002757382847],[-80.2635491468756,26.0027993829852],[-80.2635531470601,26.0029283835381],[-80.2635551471523,26.0029713837224],[-80.2635601464836,26.0031383833298],[-80.2635771472675,26.0036413840427],[-80.2635831457455,26.0038093845955],[-80.2635861467832,26.0039653845949],[-80.2635971463911,26.0044333845931],[-80.2636011465757,26.0045893836931],[-80.263604146714,26.0047283847072],[-80.263613147129,26.0051453850515],[-80.2636171464142,26.0052843851663],[-80.2636291469675,26.0059893853019],[-80.2636631467368,26.0078123857331],[-80.2636751472902,26.0081063858011],[-80.2636961464599,26.0086173859837],[-80.2637041468289,26.0088123859829],[-80.26371414729,26.0090603866276],[-80.2637461469671,26.0098053868092],[-80.263757146575,26.0100543875],[-80.2637661469901,26.0101813870614],[-80.2637951474281,26.010561387498],[-80.2638051469899,26.0106893871056],[-80.2638101472205,26.0107653870131],[-80.2638281471512,26.0109963877731],[-80.2638341465286,26.0110733877267],[-80.2638361466208,26.0111333877957],[-80.2638431469437,26.0113163881409],[-80.263846147082,26.0113773882559],[-80.2638551465977,26.0116193886239],[-80.2638841470357,26.0123463879755],[-80.2638941474969,26.0125893883896],[-80.2638971467359,26.0126993880664],[-80.2639091472893,26.0130293888952],[-80.2639131474737,26.013139388572],[-80.2639321474506,26.0137033894],[-80.2639891473812,26.0153963901313],[-80.2640081473581,26.0159613901061],[-80.2640131475886,26.016113389921],[-80.264028147381,26.0165693902652],[-80.2640341467584,26.0167223901262],[-80.2640371477961,26.0168593901488],[-80.264048147404,26.017273391254],[-80.2640521475885,26.0174113904234],[-80.264056147773,26.0175563908148],[-80.2640711475653,26.017992391136],[-80.264076147796,26.0181383906743],[-80.2640811471272,26.0182803909274],[-80.2640961478189,26.0187103918711],[-80.2641021471963,26.018853391271],[-80.2641091475191,26.0189953924234],[-80.2641301484875,26.0194233914764],[-80.2641371470117,26.0195663917756],[-80.2641411480955,26.0197093920748],[-80.2641461483261,26.0198813919128],[-80.2641531477495,26.0201383920732],[-80.2641551478417,26.020197392096],[-80.2641491475651,26.0202823924185],[-80.2641721486257,26.0208473923933],[-80.2641771470576,26.0209423922776],[-80.2641791480492,26.0209843933151],[-80.2641861474727,26.0211343921385],[-80.2641991480722,26.0215633930362],[-80.2642041474035,26.0217063924361],[-80.2642111477263,26.0218443934041],[-80.2642321486946,26.0222593927568],[-80.2642401481643,26.0223983937709],[-80.2642451483948,26.0225593931016],[-80.2642621473802,26.0230423937915],[-80.2642681476569,26.0232033931222],[-80.2642681485562,26.0232173937678],[-80.264269147703,26.023262393145],[-80.2642701477491,26.0232773938367],[-80.2642921487636,26.0239773937418],[-80.2643611483483,26.0260783944024],[-80.2643841485096,26.0267793961523],[-80.2643871486479,26.0268623954832],[-80.264396149063,26.0271113961741],[-80.2643991474027,26.027194395505],[-80.2644011483943,26.0272563956662],[-80.2644081478177,26.0274433961959],[-80.2644111479561,26.0275063955038],[-80.2644161481866,26.0276103958031],[-80.2644311479791,26.0279223967013],[-80.2644371482558,26.0280263961013],[-80.2644471478176,26.0282083964004],[-80.26448014844,26.0287543963983],[-80.264491148048,26.0289373967435],[-80.264563147771,26.0298993970396],[-80.2645881489239,26.0305543975675],[-80.2645911490623,26.0307493975667],[-80.263904147958,26.0307693975897],[-80.2635591473368,26.030780398097],[-80.2620061467662,26.0308273975664],[-80.2613731463536,26.0308473984887],[-80.2611411473461,26.0308543979122],[-80.2607071462178,26.0308683976585],[-80.2604481459651,26.0308753979813],[-80.2602171461044,26.0308833983502],[-80.2580041447755,26.0309503978426],[-80.2565491433282,26.0309953981192],[-80.2551591430799,26.0310383983035],[-80.2543481425527,26.0310603975194],[-80.2528491417744,26.0311123981187],[-80.2513681409269,26.0311643978188],[-80.2507771397532,26.0311853978878],[-80.2492281402664,26.0312243978877],[-80.2491561396441,26.0312223986948],[-80.2491161386988,26.0312203986026],[-80.249075139506,26.0312193985565],[-80.2490281400366,26.0312173984642],[-80.2489971395063,26.0312163984181],[-80.2489581386072,26.031215398372],[-80.2489001395298,26.0312133982798],[-80.2488211394839,26.0312103990407],[-80.2487251395535,26.0312073989024],[-80.2486681396229,26.031206397957],[-80.2486661395307,26.0312163984181],[-80.2486611393001,26.0312493981412],[-80.248660139254,26.0312603986486],[-80.2486221393003,26.0315143986706],[-80.2485861394388,26.0317583991309],[-80.2485761389776,26.0318663987153],[-80.2485451393467,26.032217398714],[-80.2485411391622,26.0322813989674],[-80.2485291395082,26.032539399174],[-80.2485231383321,26.0326423994272],[-80.2485221391854,26.032680399381],[-80.2485241383782,26.0329523993338],[-80.2485251393237,26.0330563996332],[-80.2485031392085,26.0330563996332],[-80.2484391398544,26.0330583988261],[-80.248418138886,26.0330593988722],[-80.2483931386324,26.0330603989183],[-80.2480461388182,26.0331283993562],[-80.2480241396023,26.0331343987336],[-80.247742138289,26.0332193990561],[-80.2476201380589,26.0332703996093],[-80.247509138336,26.033319399171],[-80.2473091390055,26.0334333999315],[-80.2472061378529,26.0335033995623],[-80.2470431384301,26.0336354002536],[-80.2469781381305,26.0336964003686],[-80.2468851383384,26.0337864000224],[-80.2466671381778,26.0339483993991],[-80.246639137786,26.0339694003676],[-80.2463451386172,26.0341664004591],[-80.2463081378103,26.0341884005743],[-80.2461411382029,26.0342904007814],[-80.2458451371433,26.0344554002966],[-80.2451491374227,26.0347583998803],[-80.2447991374702,26.0349114006407],[-80.2447541371936,26.0349303997182],[-80.2447411374935,26.0349364008942],[-80.2447221366173,26.0349454004099],[-80.2447021374936,26.0349534007789],[-80.2446891368941,26.0349594001563],[-80.2442921365728,26.0351304008474],[-80.2431031366004,26.0356464003611],[-80.2427071363253,26.0358184010984],[-80.2424981356804,26.0359044005677],[-80.2418721346912,26.0361614007281],[-80.2416641349918,26.0362484011429],[-80.2412091355931,26.0364354007732],[-80.2411961349936,26.0364414010498],[-80.2407281340961,26.0366334009108],[-80.2400651340987,26.0369214016014],[-80.2398521341687,26.0370134013474],[-80.2394011340551,26.0372094022921],[-80.2392711343553,26.0372624020383],[-80.2388811334575,26.0374224013228],[-80.2387521329046,26.0374764020144],[-80.2383241329524,26.0376614015525],[-80.2381011334605,26.0377594015752],[-80.2377821331389,26.0379284021741],[-80.2374101321718,26.0381464023346],[-80.237127132611,26.0383754030025],[-80.2367651330044,26.0386694021713],[-80.2363811323833,26.0390234023082],[-80.2362371329373,26.0391584031378],[-80.2352481322955,26.0401044035954],[-80.2348721320432,26.0404664041013],[-80.2347221305218,26.0406024040777],[-80.2342741314459,26.0410124040992],[-80.2341251317694,26.0411494041218],[-80.2340761313084,26.041192404306],[-80.2339331319085,26.041324404098],[-80.2338851305943,26.0413684043285],[-80.2336921306872,26.0415584040971],[-80.2331141310123,26.0421304043947],[-80.2329221311514,26.0423214042095],[-80.2328611310363,26.0421924045559],[-80.2328541307135,26.0421764047173],[-80.2328331297451,26.0417684047881],[-80.2328271303678,26.0416274036818],[-80.2324351293777,26.0416354040507],[-80.2312611291977,26.0416634044426],[-80.2308701291531,26.0416724048577],[-80.2308701291531,26.0418074038886],[-80.2308701291531,26.0422144046711],[-80.2308711291992,26.0422644051782],[-80.2308841288994,26.0423104046015],[-80.2309041298217,26.0423424042786],[-80.230909129153,26.0432814053126],[-80.230918129568,26.0449004062288],[-80.2309201296602,26.0451494060203],[-80.2289341280076,26.0452094060893],[-80.2287861274777,26.0452134062737],[-80.2269361267008,26.0452694070576],[-80.2249901259935,26.045328406181],[-80.224914126086,26.0453554065268],[-80.2248851265473,26.0453604067574],[-80.2248841256019,26.0453354065039],[-80.2248811254635,26.0452204065965],[-80.2248801254174,26.0451824066428],[-80.2248781262245,26.0451394064585],[-80.2248751260861,26.0450104059056],[-80.2248741251407,26.0449674057213],[-80.2246411260871,26.0449974062054],[-80.2246191250725,26.0449974062054],[-80.2245191249576,26.0450014063899],[-80.2243961255807,26.0449984062515],[-80.2242131261348,26.0449794062746],[-80.2240931250976,26.0449564061133],[-80.223976125098,26.0449244064363],[-80.2238641253291,26.0448854064364],[-80.2236971257217,26.0448284065058],[-80.2236211249149,26.0448074064367],[-80.2234701251461,26.0447914065982],[-80.2233831247314,26.0447834062293],[-80.2230161248942,26.0447874064137],[-80.2228651251254,26.044789406506],[-80.2225411245732,26.044792405745],[-80.221569123816,26.0448054063445],[-80.2212461233099,26.044810406575],[-80.2210851239793,26.0448034062522],[-80.2206041233816,26.0447854063215],[-80.220444124097,26.0447804060909],[-80.2197281225548,26.0447974059755],[-80.2175831216637,26.0448494065749],[-80.216869121113,26.044867407405],[-80.2168721212514,26.045008407612],[-80.2168841209054,26.0454314064343],[-80.2168881210899,26.0455734066874],[-80.2168991215971,26.0457544069404],[-80.2169051209745,26.0458504068708],[-80.2169121212973,26.0459714079541],[-80.2169221208591,26.0461274079536],[-80.2169151214356,26.0463004069383],[-80.2169071210668,26.0464824072374],[-80.216506120561,26.0464764069607],[-80.2160531212545,26.0464714076294],[-80.2153041199891,26.0464724076755],[-80.2151651198744,26.0464734068223],[-80.2151261207738,26.0464734077216],[-80.2150321200363,26.04647640786],[-80.2149821204285,26.0464794079983],[-80.2149321208207,26.0464804071451],[-80.2149041195295,26.0464814071913],[-80.21485712006,26.0464844082289],[-80.2148021202216,26.0464864074218],[-80.2147611201296,26.0464884075141],[-80.2148301197142,26.0475554081556],[-80.2150641206126,26.0537704114753],[-80.214886120498,26.0537754117059],[-80.2096361167134,26.053916411913],[-80.2076591163751,26.0539704117052],[-80.2074711166986,26.0539704117052],[-80.2074671165142,26.0538284114521],[-80.2074551159608,26.0534354113152],[-80.2074851155456,26.0527074110183],[-80.2074041163069,26.0517734102148],[-80.2073621161687,26.0503364095977],[-80.2076661157986,26.0503354095516],[-80.2080291163506,26.0503164095747],[-80.2082871156578,26.0503034089752],[-80.2083401163033,26.0501614096214],[-80.2083971162339,26.0500094098065],[-80.2084051157035,26.0499884097373],[-80.2084281167641,26.0499274096223],[-80.2084371162799,26.0499074095993],[-80.2085021165794,26.0497394099459],[-80.2084851157954,26.049087408657],[-80.208562115749,26.048871409488],[-80.2086811167401,26.0483554081756],[-80.2086981166248,26.0482744089369],[-80.2084521160722,26.0482444084527],[-80.2084521160722,26.0481764089142],[-80.2084061157496,26.0466814083204],[-80.2083531160035,26.0466814083204],[-80.2082791161883,26.0466834084126],[-80.2080581158893,26.0466874085971],[-80.2079141164433,26.0467034084356],[-80.2078181165128,26.0467144080436],[-80.2077701160979,26.0467204083203],[-80.2077291151065,26.0467244076054],[-80.2076071157757,26.0467394082971],[-80.2075671157298,26.0467444085277],[-80.2074871156378,26.0467524079973],[-80.2072501155004,26.0467804083892],[-80.2071711154546,26.046790407951],[-80.2069641158013,26.0468144072591],[-80.2069341153172,26.0468184074436],[-80.2067411145108,26.0468374074205],[-80.2063731155268,26.0468734081813],[-80.2061741144438,26.0468934082042],[-80.2060991145825,26.0469004076278],[-80.2060571144443,26.0469034086654],[-80.206000115413,26.0469084079967],[-80.2054791147693,26.0469444078582],[-80.2053061148853,26.0469574075584],[-80.2052301140785,26.0469624077889],[-80.2051451146553,26.046968408965],[-80.2050041144483,26.046971408204],[-80.2049291145869,26.0469744083423],[-80.204909114564,26.0469754083884],[-80.2048401149793,26.0469774075813],[-80.2047901144722,26.0469794076736],[-80.2046361136657,26.0469874080425],[-80.2045681141271,26.0469904081808],[-80.2044981144963,26.046989409034],[-80.2042881138054,26.0469874080425],[-80.2042191142207,26.0469874080425],[-80.2041471135984,26.0469864079964],[-80.2039321135761,26.0469844079042],[-80.2038611129999,26.0469844088035],[-80.2037831130002,26.0469814077658],[-80.2035521131395,26.0469744083423],[-80.2034751131859,26.0469724082501],[-80.203295112979,26.0469664079734],[-80.2028141123814,26.0469524082271],[-80.2027561133039,26.0469504081349],[-80.2025771131432,26.0469454079043],[-80.202506112567,26.0469434087114],[-80.202434112844,26.0469414077198],[-80.2022231130062,26.0469364083886],[-80.2016671116479,26.0469254087806],[-80.2016131127549,26.0469224086423],[-80.2011611125952,26.046928408919],[-80.2008071115589,26.0469344082964],[-80.200785112343,26.0469354083424],[-80.2007191110981,26.0469384084808],[-80.2006971118822,26.0469394085269],[-80.2005641111448,26.0469304081119],[-80.1995211107106,26.0469724082501],[-80.199495110411,26.0469704081578],[-80.1994621106878,26.0469684080657],[-80.1992521108962,26.0469544083193],[-80.1991091114963,26.0469574084577],[-80.1990851112888,26.0469584085038],[-80.1990541107585,26.0469594085499],[-80.1989051101826,26.0469634087344],[-80.1987591106444,26.0469674089188],[-80.1985441097228,26.0469734091955],[-80.1969471098212,26.047020408665],[-80.1968021094298,26.0470384085957],[-80.196663109315,26.0470564085265],[-80.1965861093614,26.0470664089876],[-80.1962991087169,26.0470754085033],[-80.1962031096857,26.0470794086878],[-80.1961631096398,26.0470794086878],[-80.1960431095019,26.0470804087339],[-80.1960041086027,26.0470814087801],[-80.1958351089031,26.0470824079268],[-80.1957591089957,26.0470824088262],[-80.1957411090649,26.0470824088262],[-80.1956821090421,26.0470834088723],[-80.1954671081205,26.0470864081113],[-80.1954501082359,26.0470864081113],[-80.1953311081441,26.0470914083419],[-80.1951631084906,26.0471004087569],[-80.1950611091828,26.0471044080421],[-80.1947591078465,26.0471164085954],[-80.1946581085848,26.0471214079267],[-80.1946061079855,26.0471224088721],[-80.1944541081705,26.0471254081111],[-80.1944031085166,26.0471274082034],[-80.1942431074334,26.0471314092871],[-80.1941431082178,26.0471344085262],[-80.194084108195,26.0471354085723],[-80.1931281072763,26.0471654090565],[-80.1928101070008,26.0471754086183],[-80.192771107001,26.0471764086644],[-80.1926581071859,26.0471794088027],[-80.1926201072321,26.047181408895],[-80.1925481066098,26.0471834089872],[-80.1924231062413,26.0471874091717],[-80.1918321059669,26.0472094092868],[-80.1916361068209,26.0472174087565],[-80.1914301063143,26.0472244090793],[-80.1908151067317,26.0472464091945],[-80.1906101062713,26.0472544095634],[-80.1905841059717,26.047254408664],[-80.1905061050726,26.0472574088024],[-80.1904811057184,26.0472594088947],[-80.1904501051882,26.047259409794],[-80.1903581054421,26.047262409033],[-80.1903281058574,26.0472634090791],[-80.1902901050043,26.0472634090791],[-80.1901761060424,26.0472674083642],[-80.1901391052355,26.0472684093097],[-80.1899471053746,26.0472734086409],[-80.189375105077,26.0472894093788],[-80.1891841043629,26.0472954087562],[-80.1889461050786,26.0473034091251],[-80.1882341037208,26.0473294085254],[-80.1879971044827,26.0473384089404],[-80.1877921040223,26.047343409171],[-80.1871801036788,26.0473614091018],[-80.1869761032645,26.0473674084791],[-80.1867731037956,26.0473704086175],[-80.1864411037739,26.0473754088481],[-80.1861641035904,26.0473844092631],[-80.1859621032684,26.0473914086866],[-80.1854591025555,26.0474074085251],[-80.1841201028604,26.0474504096088],[-80.1839531014544,26.04745540894],[-80.183451101687,26.047472409724],[-80.1830431008584,26.0474854085248],[-80.1825361017596,26.0475024093088],[-80.1824051002152,26.0475064094933],[-80.1823861011376,26.0475064094933],[-80.1823621009302,26.0475074086401],[-80.1822411007462,26.0475114097238],[-80.1820611005393,26.0475174091012],[-80.1818191001713,26.047524409424],[-80.1814661009797,26.0475354099313],[-80.1814121011875,26.0475374100235],[-80.1812241006117,26.0475454085938],[-80.1811041004738,26.0475504097237],[-80.180662099876,26.0475714097928],[-80.1804750993463,26.0475804093085],[-80.1802340999237,26.0475854095391],[-80.1795100989119,26.0476014093776],[-80.1792700995354,26.0476074096543],[-80.1790690992595,26.0476134090317],[-80.1784660984317,26.0476304098156],[-80.1783100993316,26.0476354100462],[-80.178265099055,26.0476374092391],[-80.1778860986645,26.0476444095619],[-80.1767880974926,26.047665409631],[-80.1767490983921,26.0476664096771],[-80.1763710971484,26.0476744091467],[-80.1760860965961,26.0476874097462],[-80.1752320967838,26.0477304099305],[-80.1751630962998,26.0477344092157],[-80.1750390968768,26.0477404094923],[-80.1749480962776,26.0477424095846],[-80.1746950972009,26.0477494099074],[-80.1744220963027,26.047757409377],[-80.1741350956581,26.0477654097459],[-80.1740760956353,26.0477674098382],[-80.1737720960054,26.0477784103454],[-80.1737350951984,26.0477794094922],[-80.1736750960288,26.0477794103915],[-80.1736620963287,26.0477794094922],[-80.1734470954071,26.0477814104838],[-80.1733750956841,26.0477824096305],[-80.1732150955002,26.0477844106221],[-80.1731720962152,26.0477844097228],[-80.1730770954316,26.0477874107605],[-80.1730170953626,26.0477894099533],[-80.1727230952946,26.0477994095152],[-80.1722540952503,26.0478164093998],[-80.1721950952274,26.0478184103914],[-80.1719450953898,26.0478274108064],[-80.1715880942151,26.0478404096073],[-80.1715500951607,26.0478404105066],[-80.1714390945385,26.0478434097456],[-80.1714020946309,26.0478444097917],[-80.1713570943544,26.0478444097917],[-80.1712240945163,26.0478474099301],[-80.1711800951852,26.0478494100223],[-80.1709830941944,26.0478564094458],[-80.17039209392,26.0478794105064],[-80.1701960938746,26.0478874099761],[-80.1699920943597,26.0478904101144],[-80.1693800940161,26.0479034098146],[-80.1691770927486,26.047907409999],[-80.1689630927725,26.0479164104141],[-80.1683210928441,26.0479454099528],[-80.1681080920148,26.0479554104139],[-80.168009091946,26.04795641046],[-80.1677150918779,26.0479634107828],[-80.1676170927546,26.0479664100218],[-80.1675090922707,26.0479684101141],[-80.1671860917647,26.047976410483],[-80.167079091327,26.0479794106213],[-80.1668610911664,26.0479834099065],[-80.1665960915363,26.0479894101832],[-80.1662090907769,26.0480044108749],[-80.1659920915617,26.0480134103906],[-80.1654830905721,26.0480254100447],[-80.1650340905508,26.048036410552],[-80.1646110908291,26.0480614108055],[-80.1641000897473,26.0481334105285],[-80.1639660898631,26.0481524105054],[-80.1634630900495,26.0482244102284],[-80.1632590896352,26.0482424110585],[-80.1631180894282,26.0482564099054],[-80.1627720896602,26.0482884104818],[-80.1626480902372,26.0482914106202],[-80.1626080892918,26.0482934098131],[-80.1624440889235,26.0482984100436],[-80.1623900891313,26.0487764114023],[-80.1623840888546,26.048816410549],[-80.1622990894314,26.0494234115612],[-80.16222408957,26.0499964110056],[-80.1622060896393,26.0503724121572],[-80.1622040895471,26.0504334113729],[-80.1621900898008,26.0508954119937],[-80.1621860896163,26.0510344121085],[-80.1621690888324,26.0513914123839],[-80.1621930899391,26.0520034127273],[-80.1622500889704,26.0527174132781],[-80.1622980902846,26.0534124129525],[-80.1623150892699,26.0535984134361],[-80.1623570894081,26.0540504135957],[-80.1624680900303,26.0555144136593],[-80.1624870900072,26.0557544139351],[-80.1625620898685,26.0565374149698],[-80.1626500903294,26.057227415313],[-80.1627350906519,26.0577104151036],[-80.162932089844,26.0585294159998],[-80.1629700906971,26.0586864160453],[-80.1629720907893,26.0587014158377],[-80.1630510899358,26.0590304157212],[-80.1631760903042,26.0594884161575],[-80.163456090626,26.0604354166612],[-80.1639200904398,26.0619224177854],[-80.1641100911078,26.0626334172984],[-80.1641290910846,26.0627054179208],[-80.1641840918223,26.0628764186119],[-80.1640440907622,26.0628824179893],[-80.1640170904163,26.0628824179893],[-80.1639370912237,26.0628864181737],[-80.163911090924,26.0628874182198],[-80.1638400912472,26.0628894174127],[-80.163628090464,26.0628994178739],[-80.1635580908332,26.0629024180122],[-80.1629250904206,26.0628814179431],[-80.162819090029,26.0628774177587],[-80.1612410892049,26.0629444181504],[-80.1611870894126,26.0629444181504],[-80.161026090082,26.0629484183349],[-80.1609730894365,26.062949418381],[-80.1606820895068,26.0629634181273],[-80.160192088494,26.0629874183347],[-80.1598550882417,26.0630274183807],[-80.1598110889106,26.0630344178042],[-80.1595250883121,26.0630854183574],[-80.1594910885428,26.0630924186802],[-80.1594650882432,26.0630954179193],[-80.1594170878283,26.0631024182421],[-80.1593210887972,26.0631154179422],[-80.1592850880364,26.0631204181728],[-80.1592250879674,26.0631294185878],[-80.1591440878294,26.063139419049],[-80.1591250878525,26.063142418288],[-80.1590250877376,26.0631554179882],[-80.1589930880605,26.0631594181727],[-80.1589380873228,26.0631674185416],[-80.1589010883145,26.0631704186799],[-80.1588200872771,26.0631784181495],[-80.1587610881537,26.0631834183801],[-80.158493087486,26.0632004182647],[-80.1580950871185,26.0632154180571],[-80.1569710865464,26.0632594182876],[-80.1559180865504,26.0632944181029],[-80.1551930854924,26.0633194183565],[-80.1548540860472,26.0633294188177],[-80.1538380850595,26.063363418587],[-80.153500084761,26.0633754191403],[-80.1534130843463,26.0633774192325],[-80.1531520840014,26.0633874187944],[-80.1530660845322,26.0633904180334],[-80.1528800849479,26.0633924181257],[-80.152325084535,26.0634004184946],[-80.1521400840976,26.0634034186329],[-80.1519590838446,26.0634054187252],[-80.1518150834993,26.0634074188173],[-80.1514180831779,26.0634074188173],[-80.1512380829711,26.0634074188173],[-80.151073083456,26.0634064187712],[-80.150578083112,26.0634064187712],[-80.150414083643,26.0634064187712],[-80.1502330824907,26.0634054187252],[-80.1496930827695,26.0634054187252],[-80.1495130825627,26.0634054187252],[-80.1493250828862,26.0634044195784],[-80.1487610820582,26.0634044186791],[-80.1485730823818,26.0634044186791],[-80.1483720821059,26.0634044186791],[-80.1477700813242,26.0634044186791],[-80.1475700810943,26.0634044186791],[-80.1474130810488,26.0634034186329],[-80.1469420809123,26.0634034186329],[-80.1467860809129,26.0634034186329],[-80.1465720809367,26.0634024194861],[-80.1459310810545,26.0634024185868],[-80.1457180802252,26.0634024185868],[-80.1453800799267,26.0634034195322],[-80.1443670799768,26.0634094198089],[-80.144030078825,26.0634114190019],[-80.1438290794484,26.0634074188173],[-80.143229078759,26.0633964192094],[-80.1430290785291,26.0633934181717],[-80.142907078299,26.0633904189327],[-80.1425420785541,26.063384418656],[-80.1424360790618,26.0633654186792],[-80.1421630781635,26.0633254186332],[-80.1423040783705,26.0631974190257],[-80.1424530780471,26.0630464192569],[-80.1424940781392,26.0630064192109],[-80.1427190786225,26.0627554184279],[-80.1429710785524,26.0624364181062],[-80.1431370790129,26.0621814180381],[-80.1432600783899,26.0619454188461],[-80.1433560792196,26.0617624185008],[-80.1434090789657,26.0616574181554],[-80.1434680789886,26.0615394181097],[-80.1435080790346,26.0614454182715],[-80.143512079219,26.0614364178564],[-80.1435190786426,26.0614224181102],[-80.1436310793108,26.0611214186186],[-80.1437670792872,26.0605344176293],[-80.1438350788258,26.0599474175393],[-80.1439090795404,26.0597304174249],[-80.143897078987,26.0595684171488],[-80.1438630792177,26.0595674162033],[-80.1438160788489,26.0595654170104],[-80.1437120794488,26.0595624168721],[-80.1432610784359,26.059550417218],[-80.1432230784823,26.0595494171719],[-80.1431840784824,26.0595424168491],[-80.1431460785287,26.0595304171951],[-80.1431140788516,26.0595304171951],[-80.1430720787134,26.0595404176562],[-80.1430330778143,26.0595454169875],[-80.1429720785985,26.0595444169413],[-80.1426780785305,26.0595404167569],[-80.1426390785306,26.0595294171489],[-80.1426010785769,26.0595284171028],[-80.1425470787846,26.0595454169875],[-80.1425260787155,26.0595534173564],[-80.1424880778625,26.059561416826],[-80.1424480787158,26.0595644169643],[-80.1424060785776,26.0595634169182],[-80.142291077771,26.0595594176331],[-80.1422400781171,26.0595584166877],[-80.1417430776809,26.0595524173103],[-80.1415780781658,26.059550417218],[-80.1415330778892,26.0595494171719],[-80.1414620773129,26.0595494171719],[-80.1414230782124,26.0595464170336],[-80.1413980770596,26.0595414177023],[-80.1413840782126,26.0595384166646],[-80.1413560778207,26.0595284171028],[-80.1413100765987,26.0595124172643],[-80.1412740767372,26.0595074170337],[-80.1412550776597,26.0595094171259],[-80.1411960776368,26.0595194175871],[-80.1409450768538,26.0595224177255],[-80.1408420766005,26.0595244178177],[-80.1407320769238,26.0595254178638],[-80.1404050771326,26.0595304171951],[-80.1403260770867,26.0595224177255],[-80.1402950774558,26.0595144173565],[-80.1402500771793,26.0595014176563],[-80.1402130763723,26.0594974165726],[-80.1401840768336,26.0595054169415],[-80.1401000765572,26.0595304171951],[-80.139943077411,26.0595454169875],[-80.1398500767197,26.059561416826],[-80.1398260765122,26.0595664170565],[-80.1397370769045,26.0595674171026],[-80.1389050754088,26.0595794167567],[-80.1375320750452,26.0595994167797],[-80.1374530749994,26.0595934174024],[-80.1364100745653,26.0596094172408],[-80.1363460743119,26.059610417287],[-80.1363060742659,26.0596134174253],[-80.1360690741284,26.059610417287],[-80.1360300741286,26.0596124173792],[-80.1359540742211,26.0596324174022],[-80.1359180743596,26.0596494172868],[-80.1358850737371,26.0596714174021],[-80.1358190742908,26.0596384167795],[-80.1357440744295,26.0596144174714],[-80.1357040743835,26.0596114173331],[-80.1356040742686,26.0596154175175],[-80.1355060742459,26.059619417702],[-80.1352150734169,26.0596314173561],[-80.1351910732094,26.0596334174483],[-80.1351180743396,26.0596334174483],[-80.1350190733715,26.0596394168257],[-80.1349560740636,26.0596444170562],[-80.1348380731185,26.0596504173329],[-80.1347990731187,26.0596584177019],[-80.1347290734879,26.0596854171483],[-80.134658073811,26.0597234180014],[-80.1346440731654,26.0597344176093],[-80.1346280733269,26.0597474182088],[-80.1344980736272,26.0598774170093],[-80.1344680740423,26.0599084175395],[-80.1344390736043,26.0599094175856],[-80.1343260737892,26.0598064182317],[-80.1342290738126,26.059742417079],[-80.1341930730518,26.0597274172865],[-80.1341160730983,26.0597104174019],[-80.1340770730984,26.0597054180706],[-80.1339600730989,26.0597054171713],[-80.1337560735839,26.0597074181629],[-80.1337210737685,26.0597074172636],[-80.133607073008,26.0597104174019],[-80.1335630736769,26.0597124174941],[-80.1335240727777,26.0597184177708],[-80.133486072824,26.0597294173788],[-80.1334500729624,26.0597464172634],[-80.1333730730089,26.0597454172173],[-80.1332550729632,26.0597534175862],[-80.1331760729174,26.0597444180705],[-80.1331390730098,26.059731417471],[-80.1330690724797,26.0596974177017],[-80.1330370728026,26.0596744175404],[-80.1329340725494,26.0597224179553],[-80.1329210728492,26.0597254180936],[-80.132859072688,26.0597454172173],[-80.1327800717429,26.059751417494],[-80.1325430725047,26.0597474173095],[-80.1325030724588,26.0597504174478],[-80.1324200722285,26.0597724175631],[-80.1323910717905,26.0597844172171],[-80.1323230722519,26.059823417217],[-80.1322620721369,26.0598694175396],[-80.1322450722523,26.0598854182775],[-80.1321810719988,26.0599484184848],[-80.132151072414,26.0599554179083],[-80.1320950725295,26.0599034182082],[-80.1320350715613,26.0598564178395],[-80.131969072115,26.059815416848],[-80.1318980715387,26.059783417171],[-80.1318210715851,26.0597654172403],[-80.1317820715853,26.0597624171019],[-80.1317000723005,26.0597614179551],[-80.1315450723472,26.059760417909],[-80.1314920717017,26.0597694174247],[-80.1314670714481,26.0597734176092],[-80.1314000710564,26.0597984178627],[-80.1313260721405,26.0598384179087],[-80.1312470711953,26.0598364169172],[-80.1311270719568,26.0598424180932],[-80.1310480719109,26.0598524185543],[-80.1310250708503,26.0598584170324],[-80.131011071104,26.0598624172168],[-80.1309760712886,26.0598774179086],[-80.1308320709433,26.0599794181157],[-80.130818071197,26.0599904177237],[-80.1307890716583,26.0600164180233],[-80.1307600712203,26.0600324178619],[-80.1307320717277,26.0600044174699],[-80.1306730717048,26.0599554179083],[-80.1305760717283,26.0598914176549],[-80.1304690712906,26.0598444172861],[-80.1303930704838,26.0598254173092],[-80.1303540713832,26.059820417978],[-80.130274070392,26.059820417978],[-80.1302210706459,26.059823417217],[-80.1300770711998,26.0598334176781],[-80.1299930700241,26.0598354177704],[-80.1299610712464,26.0598434181393],[-80.1298920707624,26.0598534177011],[-80.1297050711321,26.0598804180469],[-80.1295890702793,26.0598974179316],[-80.1295270701182,26.0599074183927],[-80.1294890701644,26.0599134177701],[-80.1293360703033,26.0599364179314],[-80.1290950708808,26.0599854174931],[-80.1290800701891,26.0599894176775],[-80.1288130695675,26.0600544179771],[-80.1287350695678,26.0600674185766],[-80.1286950704211,26.0600684177233],[-80.1286240698449,26.0600984182075],[-80.1285860698912,26.0601104178616],[-80.1282420702153,26.060195418184],[-80.1279330694555,26.0602794184604],[-80.1277870699173,26.0603204185525],[-80.1276700699178,26.0603384184833],[-80.1276060696644,26.060376418437],[-80.1275550691111,26.060399417699],[-80.1275350690881,26.060408418114],[-80.1275080696416,26.0604184185752],[-80.1274690687425,26.0583904167843],[-80.1274300696419,26.0563494161926],[-80.1273890686506,26.0540554147257],[-80.1273720687659,26.0528784144074],[-80.1273700686737,26.0527574142233],[-80.1270720693205,26.0527664146384],[-80.1250120678526,26.0528234136697],[-80.1239910666344,26.0528544141999],[-80.1221130663649,26.0528944142459],[-80.1198750638831,26.0529554143609],[-80.1178760634295,26.053025414891],[-80.1156540625849,26.0530834148677],[-80.1154520622628,26.0530894151444],[-80.1147850611816,26.0531084151213],[-80.1146400616894,26.0531114152597],[-80.1145680619665,26.0531134144526],[-80.1143400613447,26.0531184146831],[-80.1143430614831,26.0530774145911],[-80.1143570612293,26.0528874148224],[-80.1143350620135,26.0528874148224],[-80.1142710608607,26.0528874148224],[-80.1142500607916,26.0528874148224],[-80.1141100606308,26.0528874148224],[-80.1138480611391,26.0528884148685],[-80.1136920602403,26.0528914150069],[-80.1135530610249,26.0528954151913],[-80.1133540608412,26.0529124150759],[-80.1131800600117,26.0529434156062],[-80.1130060600815,26.052996414453],[-80.1129680610272,26.0530094150525],[-80.1128620597363,26.0530474150062],[-80.1128010605205,26.0530644148909],[-80.1123270602456,26.053206415144],[-80.1122890593925,26.0532244150747],[-80.1122620599461,26.0532534146134],[-80.1122530604304,26.0532854151898],[-80.1121430598543,26.0542874155318],[-80.1120790605002,26.0548824159907],[-80.1119650597397,26.0548784158063],[-80.1116230601561,26.0548664161522],[-80.1115090593955,26.0548634160139],[-80.1105790596758,26.054835415622],[-80.1083524686915,26.0547699746547]]]},"properties":{"OBJECTID":1,"DISTRICT":1,"DISTRICT_NAME":"SCHOOL BOARD: DISTRICT 1","JURISDICTION":"School Board District 1","TENEX_NAME":"SCHOOL BOARD DIST 1","OFFICE_HOLDER":"Daniel P. Foganholi","DISTRICT_WEBSITE":"https://www.browardschools.com/Domain/12453","OFFICE_HOLDER_WEBSITE":"https://www.browardschools.com/school-board/district-1","OFFICIAL_MAP":"https://resources.finalsite.net/images/v1760712169/browardschoolscom/m2b3ml70raxoudrqjlzk/District1.pdf","ESRI_MAP":"https://bcgishub.broward.org/hbm/rest/services/SOE/SchoolBoardMunicpalDistricts2022/FeatureServer","ESRI_LAYER":"https://bcgis.maps.arcgis.com/home/item.html?id=0e1537af2caa4c5fbd5ee9e688b0c2d9&sublayer=17","Shape__Area":146360904.3828125,"Shape__Length":59453.96837945749}},{"type":"Feature","id":2,"geometry":{"type":"Polygon","coordinates":[[[-80.3158891881355,26.0637847572608],[-80.3158894543348,26.0636934922609],[-80.3158901800877,26.0634444115304],[-80.3158871799494,26.0633614121995],[-80.3158871808487,26.0632924117154],[-80.3158792614187,26.0632924989497],[-80.3149781793994,26.0633024121767],[-80.314975874437,26.0633024319618],[-80.3141811786185,26.0633104125455],[-80.3138761789425,26.0633134117846],[-80.3136181787359,26.0633154118768],[-80.3133171783451,26.0633184120152],[-80.3133176567844,26.0633089556438],[-80.3133251778146,26.0631604128229],[-80.3133531791059,26.0623394118344],[-80.3133009887496,26.0616517830034],[-80.3132791783913,26.0613644118382],[-80.3132691788295,26.0609014111713],[-80.3132916960549,26.0602530413448],[-80.3133031785988,26.0599224109905],[-80.3133051777917,26.0589604097951],[-80.3132861787141,26.0586524099808],[-80.3132860941779,26.0586478639078],[-80.3132481787604,26.0566174087664],[-80.3132251785991,26.0559264083771],[-80.3132250185197,26.0559217552848],[-80.3132248548432,26.0559169996699],[-80.3132081778151,26.055430407987],[-80.3131997017048,26.055160596984],[-80.313196178161,26.0550484083574],[-80.3131935962074,26.054933070305],[-80.313193178922,26.0549144084732],[-80.3131811783687,26.0544054074836],[-80.3131711788068,26.0539264078775],[-80.3131571781612,26.0533924066343],[-80.3132351781609,26.0533914074875],[-80.313337178368,26.0533904065421],[-80.3133321781375,26.0532204067964],[-80.3133251778146,26.0529914070279],[-80.3132891779532,26.0517944066866],[-80.3132771782991,26.0513964063191],[-80.3132621776074,26.0508704054449],[-80.313219177423,26.0492964057046],[-80.3132051776768,26.0487714048765],[-80.3132031775845,26.0487204052226],[-80.3132028871035,26.0487105999143],[-80.3131821775154,26.0480124040492],[-80.3131491777923,26.0468624040768],[-80.313146839555,26.0467910572615],[-80.3131161780692,26.0458554035041],[-80.3131131770315,26.0457364034123],[-80.3130941779539,26.0449784026312],[-80.3130911778156,26.0448894030236],[-80.3130860345928,26.0446169192355],[-80.3130843186863,26.0445267756902],[-80.313082566807,26.0444458501959],[-80.3130773039744,26.0442061430991],[-80.3130755493971,26.0441262419326],[-80.3129392886173,26.0441270558191],[-80.3128561678778,26.0441442994199],[-80.3128495713506,26.0441195392854],[-80.3128471773553,26.0440134030961],[-80.3127731775401,26.0405544009649],[-80.3127621770328,26.0402684012657],[-80.3127201777939,26.0391744002784],[-80.3129141777471,26.0390503999561],[-80.3128721776089,26.0376603988084],[-80.3128521775859,26.037009398465],[-80.3128481774014,26.0368693983041],[-80.3128475334868,26.0368569480897],[-80.3128451772631,26.0368113992267],[-80.3128401779318,26.0366443987201],[-80.312804177171,26.0355493985859],[-80.3127921775169,26.0351853970885],[-80.3127541766639,26.0340583981766],[-80.3126421768949,26.0306783951918],[-80.3126051769873,26.0295523954268],[-80.3125173590888,26.0295552435797],[-80.3124201765499,26.0295583948042],[-80.3118361765982,26.0295793948732],[-80.3106971762336,26.0296113954496],[-80.3095121755464,26.0296163947809],[-80.3087391749729,26.0296203949653],[-80.3068941735273,26.0296303954265],[-80.3064981732521,26.0296283953342],[-80.305648172725,26.0296243951498],[-80.3037521716254,26.0296293953804],[-80.299777169081,26.0296253951959],[-80.2975371683056,26.0296243951498],[-80.2973921679142,26.0296243951498],[-80.2971141676846,26.0296243951498],[-80.2969571667398,26.0296273961874],[-80.2968131681931,26.0296303963258],[-80.2968083685113,26.0296304745668],[-80.2968069511798,26.0296304979492],[-80.2967521671787,26.0296313963719],[-80.2965701668796,26.0296343956109],[-80.2965101668107,26.0296363957032],[-80.296360167088,26.0296383957954],[-80.2959195451509,26.0296462819504],[-80.2959131671589,26.0296463961643],[-80.295764166583,26.0296503963488],[-80.2956421672522,26.0296523955417],[-80.2952781657547,26.0296593958645],[-80.29515716647,26.0296623960028],[-80.294843166379,26.0296683953802],[-80.294650166472,26.0296723955647],[-80.2939031661981,26.0296963957721],[-80.2935901661532,26.0297073962794],[-80.2926021646581,26.0297403960025],[-80.2925574476681,26.0297419068635],[-80.2918621647071,26.0297653953568],[-80.2896401629631,26.0298323957485],[-80.2886531624135,26.0298623962327],[-80.2851721610663,26.0299913967856],[-80.2849479627782,26.029989532491],[-80.2848726994155,26.0299889065628],[-80.2837301602187,26.0299793962322],[-80.2827454592355,26.0299678327493],[-80.2823591986181,26.0299632956696],[-80.280581157994,26.0299423963246],[-80.2804481581559,26.029946396509],[-80.2804556108377,26.030019063529],[-80.2804580255174,26.0300426104781],[-80.2804631237741,26.0300923124103],[-80.2804641579945,26.0301023965084],[-80.2798151577433,26.0301193972924],[-80.2774611562074,26.0301783964159],[-80.2766771560259,26.0301993973843],[-80.2766511557262,26.030199396485],[-80.2765751549194,26.0302013965772],[-80.2765501555652,26.0302023975227],[-80.2760681549214,26.0302163963697],[-80.2746231539354,26.0302593974533],[-80.2745561535436,26.0302623966923],[-80.274142154237,26.0302753972918],[-80.2736001544235,26.0302923971764],[-80.2719761523775,26.0303433968303],[-80.2714351526102,26.0303613976604],[-80.2700521517854,26.0304013968071],[-80.2685771512145,26.0304443978907],[-80.2676321499038,26.0304943974985],[-80.2671221497674,26.0305523965759],[-80.2665451492392,26.030651397544],[-80.2659201491955,26.0307093975207],[-80.2658311486885,26.0307183970364],[-80.2653721491054,26.0307293975437],[-80.2645911490623,26.0307493975667],[-80.2645910771165,26.0307446887165],[-80.2645897874887,26.030660931257],[-80.2645897371266,26.0306576280471],[-80.2645881489239,26.0305543975675],[-80.264563147771,26.0298993970396],[-80.264491148048,26.0289373967435],[-80.26448014844,26.0287543963983],[-80.2644471478176,26.0282083964004],[-80.2644371473564,26.0280263961013],[-80.2644311470797,26.0279223967013],[-80.2644161481866,26.0276103958031],[-80.2644111479561,26.0275063955038],[-80.2644081478177,26.0274433961959],[-80.2644011483943,26.0272563956662],[-80.2643991474027,26.027194395505],[-80.264396149063,26.0271113961741],[-80.2643871486479,26.0268623954832],[-80.2643841485096,26.0267793961523],[-80.2643611474489,26.0260783944024],[-80.2642921487636,26.0239773937418],[-80.2642701477491,26.0232773938367],[-80.264269147703,26.023262393145],[-80.2642681485562,26.0232173946671],[-80.2642681476569,26.0232033931222],[-80.2642621473802,26.0230423937915],[-80.2642451483948,26.0225593931016],[-80.2642401481643,26.0223983937709],[-80.2642321486946,26.0222593927568],[-80.2642111477263,26.0218443934041],[-80.2642041474035,26.0217063924361],[-80.2641991480722,26.0215633930362],[-80.2641861474727,26.0211343921385],[-80.2641791480492,26.0209843933151],[-80.2641771470576,26.0209423922776],[-80.2641721486257,26.0208473923933],[-80.2641491475651,26.0202823924185],[-80.2641551478417,26.020197392096],[-80.2641531477495,26.0201383920732],[-80.2641461483261,26.0198813919128],[-80.2641411480955,26.0197093920748],[-80.2641371470117,26.0195663917756],[-80.2641301484875,26.0194233914764],[-80.2641091475191,26.0189953924234],[-80.2641021471963,26.018853391271],[-80.2640961478189,26.0187103918711],[-80.2640811471272,26.0182803909274],[-80.264076147796,26.0181383906743],[-80.2640711475653,26.017992391136],[-80.264056147773,26.0175563908148],[-80.2640521475885,26.0174113904234],[-80.264048147404,26.017273391254],[-80.2640371477961,26.0168593901488],[-80.2640341467584,26.0167223901262],[-80.2640281464817,26.0165693902652],[-80.2640131475886,26.016113389921],[-80.2640081473581,26.0159613901061],[-80.2639891473812,26.0153963901313],[-80.2639321474506,26.0137033894],[-80.2639131474737,26.013139388572],[-80.2639091472893,26.0130293888952],[-80.2638971467359,26.0126993880664],[-80.2638941474969,26.0125893883896],[-80.2638841470357,26.0123463879755],[-80.2638551465977,26.0116193886239],[-80.263846147082,26.0113773882559],[-80.2638431469437,26.0113163881409],[-80.2638361466208,26.0111333877957],[-80.2638341465286,26.0110733877267],[-80.2638281480505,26.0109963877731],[-80.2638101472205,26.0107653870131],[-80.2638051469899,26.0106893871056],[-80.2637951483274,26.0105613883974],[-80.2637661469901,26.0101813870614],[-80.263757146575,26.0100543875],[-80.2637461469671,26.0098053868092],[-80.26371414729,26.0090603866276],[-80.2637041477282,26.0088123859829],[-80.2636961464599,26.0086173859837],[-80.2636751472902,26.0081063858011],[-80.2636631467368,26.0078123857331],[-80.2636291460682,26.0059893853019],[-80.2636171464142,26.0052843851663],[-80.263613147129,26.0051453850515],[-80.263604146714,26.0047283847072],[-80.2636011465757,26.0045893836931],[-80.2635971463911,26.0044333845931],[-80.2635861467832,26.0039653845949],[-80.2635831457455,26.0038093845955],[-80.2635771472675,26.0036413840427],[-80.2635601464836,26.0031383833298],[-80.2635551471523,26.0029713837224],[-80.2635531461607,26.0029283835381],[-80.2635491468756,26.0027993829852],[-80.2635481459301,26.002757382847],[-80.263544146645,26.002642383839],[-80.2635321460916,26.0022973823184],[-80.2635281468065,26.0021833833565],[-80.2635231465759,26.0020433831957],[-80.2635091459303,26.0016263828513],[-80.2635051466452,26.0014873827366],[-80.2635031465529,26.0014603823908],[-80.2635001464146,26.0013793822528],[-80.2634991463685,26.001353381953],[-80.2634971462762,26.0013253824605],[-80.2634931460918,26.0012433822763],[-80.263492146945,26.0012163819305],[-80.2634681458382,26.0007263827164],[-80.2633981462075,25.9992593816152],[-80.2633751460461,25.9987703815479],[-80.2633461456081,25.9978653811825],[-80.2632591460927,25.9951543793712],[-80.263233145793,25.994301379605],[-80.261011144049,25.9942953793283],[-80.2601861437755,25.994295378429],[-80.2601491438679,25.9942953793283],[-80.2577141430932,25.9943663790052],[-80.2569981424503,25.9943883791204],[-80.2569371423352,25.9943903792127],[-80.2568911429118,25.9943913792588],[-80.2568701428428,25.9943913792588],[-80.256339141738,25.9944003796738],[-80.2562171424071,25.9944033789129],[-80.2556811419711,25.9944263799735],[-80.2546851410064,25.9944763795813],[-80.2541341407779,25.9945043790739],[-80.2540201400174,25.9945103793506],[-80.2536801396267,25.9945273801345],[-80.2535671407109,25.994534379558],[-80.2527241396073,25.9945793798346],[-80.2501961372419,25.9947143797648],[-80.2493541379831,25.9947603800875],[-80.2491621372228,25.9947653794188],[-80.2485891386777,25.9947823802027],[-80.2483981370643,25.9947893796262],[-80.2482361376876,25.9947933798107],[-80.2477491368132,25.9948083796031],[-80.2475881365832,25.994813380733],[-80.2475441363528,25.9948133798337],[-80.2474691373907,25.9948143798798],[-80.247414136653,25.9948143798798],[-80.2473711364688,25.9948113806407],[-80.2473251370454,25.9948153799259],[-80.2472781366766,25.9948153799259],[-80.2472071361004,25.9948153799259],[-80.2471661369077,25.994816379972],[-80.2463611366571,25.9948263804332],[-80.2454061348852,25.994839379234],[-80.243948134199,25.9948293805715],[-80.2431441339946,25.9948253803871],[-80.2421971334909,25.994836379995],[-80.2393591312189,25.9948703806636],[-80.2384141317067,25.9948823803177],[-80.2376521307412,25.9948923798795],[-80.2353661296431,25.994925380502],[-80.2346051287237,25.9949363801099],[-80.2340261281033,25.9949483806633],[-80.2339401277347,25.9949503807555],[-80.2337551281965,25.9949553809861],[-80.2329061277156,25.9949753810091],[-80.2320931279954,25.9949753801097],[-80.2319451274656,25.994974380963],[-80.231280127376,25.994974380963],[-80.2312581524417,25.9949744708952],[-80.2310361269157,25.9949753810091],[-80.2303071256733,25.9949823804326],[-80.2300651262046,25.9949853805709],[-80.2299621268506,25.9949873806631],[-80.2296531260909,25.9949973811243],[-80.2295511258837,25.9950003803633],[-80.2294711266911,25.9950023804556],[-80.2292311264153,25.9950093807783],[-80.2291521263695,25.9950123809167],[-80.2290711262315,25.9950133809628],[-80.2288291258635,25.9950173811472],[-80.2287491266708,25.9950193803402],[-80.2286481256104,25.9950233805246],[-80.2283461260728,25.9950393803632],[-80.2282461250586,25.9950453806398],[-80.2280351252208,25.9950503808704],[-80.2274061249926,25.995066380709],[-80.2271961234023,25.9950723809856],[-80.2269551248791,25.9950773803169],[-80.2262341240056,25.9950963811931],[-80.2259941237298,25.9951023805705],[-80.2258501233845,25.9951083808472],[-80.2254211233861,25.995127380824],[-80.2252781239862,25.9951343811468],[-80.2252021231794,25.9951373803859],[-80.2250701242868,25.9951423806164],[-80.2249821238259,25.9951463808009],[-80.2247821235961,25.9951563803627],[-80.2246291228357,25.9951633806855],[-80.2244761229746,25.9951703810083],[-80.2244471234359,25.9951703810083],[-80.224358122929,25.9951733811467],[-80.2242401228833,25.9951773813311],[-80.224244978323,25.9951724944152],[-80.2243961237821,25.9950203812856],[-80.2247281238038,25.9946893804106],[-80.2248611227426,25.994531380319],[-80.2254141239626,25.9938773807366],[-80.2256111231547,25.9936323802302],[-80.2259421240298,25.9931903805317],[-80.2260871235219,25.9930093802787],[-80.2264801245581,25.9923903796124],[-80.2264971244427,25.9923653793588],[-80.2269061253174,25.9917723789922],[-80.2269831243717,25.9916483795691],[-80.2272521241861,25.9912143784409],[-80.2275581248076,25.9906873784198],[-80.2278481246911,25.9902063778221],[-80.2280041246906,25.9898643782385],[-80.2282381246897,25.989373378079],[-80.2285801251726,25.9885393773904],[-80.2289331252635,25.9876013773018],[-80.2292591250086,25.9865563767754],[-80.2294071264377,25.9859553760398],[-80.2296381253991,25.9849603760206],[-80.2297251249145,25.9844823746619],[-80.229798125583,25.9839583756785],[-80.229827126021,25.9837543752643],[-80.2299181257209,25.9828523750371],[-80.2299451251674,25.9824893744851],[-80.2299691244755,25.9819033744412],[-80.2299681244294,25.9817683736116],[-80.2299661261358,25.9812183734292],[-80.229942125029,25.9807143735695],[-80.2299271243373,25.9802103737098],[-80.229902124983,25.9793483735287],[-80.2298191256521,25.977506371322],[-80.2297881251218,25.9767353717401],[-80.2297501251681,25.9753343709844],[-80.229738125514,25.9751343707546],[-80.2296411246381,25.9734443692623],[-80.2296321260218,25.9732323693784],[-80.2296271248919,25.9731113691944],[-80.2296061248228,25.9725993698651],[-80.2295981244538,25.972388369128],[-80.2295911250304,25.9722413695436],[-80.2296901259985,25.9722423695897],[-80.2297616967448,25.9722443031321],[-80.2297641249144,25.9722443687826],[-80.2299201249138,25.9722373684598],[-80.229982125075,25.9722363693131],[-80.2300811251438,25.9722353692669],[-80.2301681255585,25.9722343692208],[-80.2306881261561,25.9722253688058],[-80.2314081260841,25.972184369613],[-80.2321091269346,25.9721453687138],[-80.2334541278057,25.9721213685064],[-80.2342151269265,25.9721073687601],[-80.2350541278457,25.9720913689216],[-80.2380621307627,25.9720373691293],[-80.2435661336701,25.9719393682073],[-80.2464311353885,25.9718883676541],[-80.2464731355267,25.9718873685073],[-80.2465391349731,25.9718863684612],[-80.2466011351343,25.9718853684151],[-80.2466441353185,25.9718853684151],[-80.246720135226,25.9718843683689],[-80.2467681356409,25.9718833683228],[-80.2469291358709,25.9718793681384],[-80.2469761362397,25.9718783680923],[-80.2470441348789,25.9718753679539],[-80.2478721361901,25.971844368323],[-80.2481481363274,25.9718343678618],[-80.2482701356582,25.9718293685306],[-80.248640136533,25.971815367885],[-80.2487631377086,25.9718113677005],[-80.2510431376306,25.971723368139],[-80.2578831409941,25.9714633678402],[-80.2601641427609,25.9713773674716],[-80.2604921434976,25.9713653669182],[-80.2605711435434,25.9713623676791],[-80.2617951442305,25.9713263669183],[-80.2622031441597,25.9713153673104],[-80.2622591440442,25.9713133672182],[-80.2623451444128,25.971311367126],[-80.2624301447353,25.9713093670337],[-80.2624871437666,25.9713083678869],[-80.2625731450346,25.9713053668493],[-80.262833144434,25.9712993674719],[-80.2629201439494,25.9712973673796],[-80.2660251459437,25.9712343662731],[-80.2753441521109,25.9710463665966],[-80.2784501532519,25.9709843664354],[-80.2785131525599,25.9709823663432],[-80.2785611538741,25.9709823681418],[-80.2786711535509,25.9709793671042],[-80.2787051542194,25.9709783661587],[-80.2787431541732,25.9709783661587],[-80.2787667110148,25.9709774605414],[-80.2787691535735,25.9709773670119],[-80.2788161548416,25.9709753669197],[-80.2791691540332,25.9709673665508],[-80.2819751557288,25.9708993661129],[-80.2863801583176,25.9707943666667],[-80.2915931612954,25.9706673653067],[-80.2947991634506,25.970589365307],[-80.2948811636348,25.9705873652148],[-80.2950021629194,25.9705843659758],[-80.2951091633572,25.9705813658374],[-80.295177641335,25.9705797155814],[-80.2951921635874,25.9705793657452],[-80.295159162965,25.9688083650141],[-80.2951531635876,25.9685033644388],[-80.2951201629651,25.9666913636156],[-80.2950941635648,25.9652633625142],[-80.2950901633803,25.9650543627687],[-80.2950811629652,25.9645783624015],[-80.2950801629191,25.9642453623337],[-80.2950771636801,25.9635643624054],[-80.2950721634495,25.9605153602957],[-80.2949811628503,25.9569523587644],[-80.2949811628503,25.9569383590181],[-80.2949801628042,25.9569153579574],[-80.2949799361751,25.9569051083841],[-80.2949775646628,25.9567975809437],[-80.2959196009088,25.9568021432044],[-80.2986721648884,25.9568963579806],[-80.2988108052744,25.9569008312084],[-80.2988271648417,25.9569013591105],[-80.2989841648872,25.9569043583495],[-80.3017071663526,25.9569813583031],[-80.3019061674356,25.956980358257],[-80.3022331672269,25.9569793582108],[-80.3101131717854,25.957164357749],[-80.3101481716008,25.9571643586483],[-80.3102561720846,25.9571673578873],[-80.3102921719461,25.9571683579334],[-80.3103581713925,25.9571693588788],[-80.3105551714839,25.9571723581179],[-80.3106221718757,25.9571743582101],[-80.3106526903694,25.9571743591094],[-80.3106531724059,25.9571743582101],[-80.3106861721291,25.9571763583023],[-80.310746172198,25.9571773583485],[-80.310777171829,25.9571793584407],[-80.3107901724285,25.9571793584407],[-80.3108311716213,25.9571793575413],[-80.3108451722669,25.9571793575413],[-80.3108911716902,25.9571793584407],[-80.3109211721744,25.9571793584407],[-80.3110301718049,25.9571793584407],[-80.3110771721737,25.9571793575413],[-80.3111911720349,25.9571793575413],[-80.3112771715042,25.9571793584407],[-80.3115361726562,25.9571773583485],[-80.3116511725635,25.9571773583485],[-80.3117391739237,25.9571763583023],[-80.3120051727005,25.9571763583023],[-80.3120941732075,25.9571763583023],[-80.3122701723306,25.9571753582562],[-80.3127991733431,25.9571753582562],[-80.3129761725123,25.9571753582562],[-80.3130821738033,25.9571743582101],[-80.3134031733177,25.9571723581179],[-80.3135101737555,25.9571723581179],[-80.3142831734296,25.9571693588788],[-80.3166031760957,25.9571613576106],[-80.317377175816,25.9571593575184],[-80.3186251767105,25.9571543581872],[-80.3223721786331,25.9571423576338],[-80.3236211795738,25.9571383574493],[-80.3244431806083,25.9571353573109],[-80.3267171811529,25.9571273578413],[-80.3267271816141,25.9571263577952],[-80.3317739826831,25.9571114056669],[-80.3317901839698,25.9571113571035],[-80.3332531857858,25.9571063568729],[-80.3360091869744,25.9570973573572],[-80.3383141889486,25.9570903570344],[-80.3391061885997,25.9570873568961],[-80.3391616300052,25.9570895314567],[-80.339310189014,25.9570953563656],[-80.3399251894959,25.9571213566653],[-80.3400481888728,25.9571263568959],[-80.3401301890569,25.9571303570804],[-80.3402801887797,25.9571363573571],[-80.3407311897926,25.9571553573339],[-80.3408821895613,25.9571623567574],[-80.3411461900446,25.9571733572647],[-80.3412021899291,25.957176357403],[-80.3412581898136,25.9571783565959],[-80.3416431904808,25.9571803566882],[-80.341941189834,25.957179356642],[-80.3428201907991,25.9571793575413],[-80.3429301904759,25.9571803566882],[-80.3429811910291,25.957176357403],[-80.3430341916746,25.9571733572647],[-80.3431141908672,25.9571713571724],[-80.3435811908192,25.9571213566653],[-80.3439837282664,25.9570769652298],[-80.3441161921085,25.9570623575418],[-80.3453131924498,25.9570653567808],[-80.3470911935037,25.9570453567579],[-80.3483391925996,25.9570303569654],[-80.3493441948787,25.9570193564582],[-80.3503441951285,25.9570003564813],[-80.3513891956548,25.9569723569887],[-80.3520551957906,25.95697735632],[-80.3520931957444,25.95697735632],[-80.353391197146,25.9569913569656],[-80.3575841989516,25.9570403565273],[-80.3589822004681,25.9570573564119],[-80.3590562002834,25.9570563563658],[-80.3618982018405,25.9570553563197],[-80.3664712049821,25.9570543553742],[-80.3700502072512,25.9570413547747],[-80.3706482069492,25.9570453558586],[-80.372972208001,25.9570623557432],[-80.3735652092669,25.957078356481],[-80.3738482088277,25.9570663550283],[-80.3746982093548,25.9570733562504],[-80.3749822098611,25.9570823557661],[-80.3750722095148,25.9570813557201],[-80.375145209284,25.9570813557201],[-80.3752162098602,25.9570813557201],[-80.3753162099751,25.9570813557201],[-80.3754002111508,25.9570813557201],[-80.3783352125,25.957080355674],[-80.3871432166861,25.9570793547285],[-80.3900862193036,25.9570313552129],[-80.3935382202126,25.9570523543827],[-80.4039162257532,25.956974354383],[-80.4070392285775,25.9569513542217],[-80.4071382286463,25.9569493550288],[-80.4072272282539,25.9569493541295],[-80.4073762288298,25.9569483540833],[-80.4073872293371,25.9569483540833],[-80.4087312310614,25.9569123542218],[-80.4237602379446,25.9569563535529],[-80.4304812421156,25.9569753535298],[-80.4308222425524,25.9569753535298],[-80.43118124292,25.9569743534837],[-80.4313642432652,25.9569743534837],[-80.4315452426188,25.9569723533915],[-80.4336592447783,25.9569153534608],[-80.4357752452313,25.9568593535764],[-80.4357952461536,25.956859352677],[-80.4371920560685,25.9568564550614],[-80.4385441723756,25.9568536374854],[-80.4385575120195,25.9568536096065],[-80.4385718211326,25.9568538767051],[-80.4388438255821,25.9568589605726],[-80.4393835725938,25.956869048268],[-80.4393835698958,25.956873990942],[-80.4393834853596,25.9570481113813],[-80.4393893633284,25.9640506582113],[-80.4396879625294,25.9709419867833],[-80.439983751349,25.978432392441],[-80.4399496886272,25.9856218525665],[-80.4404395187688,25.9912245057064],[-80.4405785017964,25.992814099691],[-80.4405625604138,25.9961804797454],[-80.4405430352328,26.0003029711053],[-80.4408391684928,26.0077933479847],[-80.4408076967178,26.0143836977495],[-80.4411038650513,26.021874061139],[-80.4414000612638,26.0293641862083],[-80.4413660066358,26.0365538270975],[-80.4419833273686,26.0441649676392],[-80.44198491737,26.044184581853],[-80.4419809756414,26.0446838503794],[-80.4419278670774,26.0514091982759],[-80.4418936307864,26.0586371044189],[-80.4419712602654,26.0615753208444],[-80.4419810367954,26.0619453406051],[-80.4401632533314,26.061940406025],[-80.4374022519124,26.0619314065092],[-80.4346582503779,26.0619154066707],[-80.4344422494103,26.0619024069705],[-80.4336402483987,26.0618594067863],[-80.4333152486997,26.0618414068555],[-80.4318982481057,26.0618454061406],[-80.4316772478067,26.061837406671],[-80.4306332473265,26.0618494063251],[-80.4280402473595,26.0618324073397],[-80.4268312455655,26.0618114063714],[-80.426703245958,26.0618074070862],[-80.4260122455686,26.0617914063484],[-80.4259412449924,26.0617914063484],[-80.4247892440284,26.0617904072016],[-80.4225302432761,26.0617884071094],[-80.4213482418279,26.061814407409],[-80.4196172411427,26.0618904073165],[-80.4189792404995,26.0619014069244],[-80.4179072396274,26.0619304073625],[-80.4178612393047,26.0619314074086],[-80.4172232395608,26.0619344075469],[-80.4133672371083,26.0620664073389],[-80.4116012357084,26.0620994079613],[-80.4100432358066,26.062113408607],[-80.4098742352077,26.0621154077999],[-80.4098592354154,26.0621154077999],[-80.4060102332856,26.0622044083069],[-80.4037532326255,26.0622504077302],[-80.4012512296605,26.0623214083064],[-80.3987012289785,26.0623934080294],[-80.39637122765,26.0624654086517],[-80.3957182272144,26.0624674087439],[-80.3943052259054,26.0624914080521],[-80.3941372262519,26.0625054086977],[-80.3939802253071,26.0625434086514],[-80.3938582259763,26.0625634086744],[-80.3937292263227,26.062560408536],[-80.3932852256326,26.0625554083055],[-80.3932352260248,26.0625544082594],[-80.3928222240663,26.0625294089052],[-80.3923672246676,26.0625354091819],[-80.3917862248544,26.0625574083977],[-80.3912602239801,26.0625574083977],[-80.3903082241452,26.0625924082131],[-80.3897952229711,26.0625964083975],[-80.3892152232039,26.0626024086742],[-80.3877432227714,26.0626114090893],[-80.3855182208891,26.0626704091121],[-80.3847652203386,26.0626844088584],[-80.3838822200884,26.0626954093657],[-80.3819082180897,26.0627714092732],[-80.3807382180943,26.0628034089502],[-80.3790502175934,26.0628694092958],[-80.3788132165566,26.062893408604],[-80.3786462169493,26.0629004098261],[-80.3785952163961,26.062902409019],[-80.3784972172727,26.0628974087884],[-80.3782932168584,26.0628884092727],[-80.3779942165598,26.062879409757],[-80.3778862169753,26.0628774087655],[-80.3774012161931,26.0628844099876],[-80.3741832143838,26.0629574088574],[-80.373983214154,26.0629614090418],[-80.3737532152387,26.0629674102179],[-80.3736772135325,26.0629694103101],[-80.3733712138105,26.0629754096874],[-80.3730172136734,26.0629844092032],[-80.372455213837,26.0629954097104],[-80.3721502123624,26.0630024100332],[-80.3719892121324,26.0630054092722],[-80.3717832134245,26.0630094103561],[-80.3715062132411,26.0630144096873],[-80.3713462130572,26.0630184098718],[-80.3708812122981,26.0630284094336],[-80.3702202123928,26.0630434101253],[-80.3676942101197,26.063101410102],[-80.366845210538,26.0631244102633],[-80.3657212099658,26.0631564099404],[-80.3650912087922,26.063173409825],[-80.3632032071623,26.0632264104705],[-80.3625742078334,26.0632444095019],[-80.3625292075569,26.0632454095481],[-80.3624832081335,26.0632474096403],[-80.3623972077649,26.0632494106319],[-80.3623598993898,26.0632511058539],[-80.3623532075345,26.0632514107241],[-80.3623502073961,26.0631774100095],[-80.3623422061279,26.0629724104484],[-80.3623412078804,26.0629584098028],[-80.3623411647129,26.0629568135062],[-80.3623392077882,26.0628854100337],[-80.3621739492683,26.0628934068054],[-80.362136682262,26.062895209946],[-80.3620912080428,26.0628974105871],[-80.36197520719,26.0629044100106],[-80.3617090042671,26.0629039864299],[-80.3613472061086,26.0629034099645],[-80.3611122069627,26.0629034099645],[-80.3610992063632,26.0629044100106],[-80.3606152065265,26.0628784106102],[-80.3604872060197,26.0628714102874],[-80.360130207543,26.0628534094573],[-80.358679205381,26.0627774104492],[-80.3581282051525,26.0627824097804],[-80.3580422047839,26.0627834098266],[-80.3578852056377,26.062787410011],[-80.3572912052249,26.0628014106566],[-80.3571702050409,26.0628034098495],[-80.355041203089,26.062856410495],[-80.3542912026768,26.0628754104719],[-80.3542893482748,26.0628753565126],[-80.3541542026543,26.0628714102874],[-80.3539752024936,26.0628664100568],[-80.3537442026328,26.0628604106794],[-80.3536082017571,26.0628574105411],[-80.3528932011603,26.0628774105641],[-80.3527592012761,26.0628804107025],[-80.3521992015319,26.0628934104026],[-80.3500162006871,26.0629464101488],[-80.3489962004143,26.062954411417],[-80.3484141996556,26.0629504112325],[-80.348421199079,26.0629634109327],[-80.3488501999767,26.0629764106329],[-80.348501199171,26.0630774107939],[-80.3481780116059,26.0631569036682],[-80.3476961998197,26.0632754109315],[-80.3476701995201,26.063270410701],[-80.3476311995202,26.0632634103781],[-80.3475951987594,26.0632574110008],[-80.3475701985058,26.0632534108163],[-80.3474931976529,26.06323941107],[-80.3473731984143,26.063230410655],[-80.346941199177,26.0632014111162],[-80.3467781970561,26.0632034112085],[-80.3465801978178,26.063207411393],[-80.3464171974956,26.063210410632],[-80.3462741980957,26.0632134107703],[-80.346078197151,26.0632204110931],[-80.3460621982118,26.0632204101938],[-80.3459291974744,26.0632224111854],[-80.3457671980977,26.0632254104244],[-80.3445421973645,26.0632464104935],[-80.3443131966966,26.0632504115773],[-80.3441171966513,26.0632574110008],[-80.342353196243,26.0632874105856],[-80.3422741961971,26.0632924108161],[-80.3421181961977,26.0632944109084],[-80.3407461949809,26.063319411162],[-80.3404331949359,26.0633284106777],[-80.3400901944069,26.0633344109543],[-80.338787193674,26.0633574111157],[-80.3387091936743,26.0633624113462],[-80.3381211926389,26.0633734109542],[-80.3380811934923,26.0633714117613],[-80.3380421925931,26.0633744118996],[-80.3380201942765,26.0633734109542],[-80.337503192918,26.0633864115537],[-80.3374251929183,26.0633834114154],[-80.3368781937736,26.0633934109772],[-80.3366821919296,26.0634014113461],[-80.3352751917966,26.0634234114613],[-80.3351961917508,26.0634284116919],[-80.3346491908075,26.0634384112537],[-80.3345711917071,26.0634364111615],[-80.3337491915719,26.0634534119454],[-80.3336711906729,26.0634524118993],[-80.3335931906732,26.063458412176],[-80.3330451905831,26.0634684117379],[-80.3328491905377,26.0634684117379],[-80.3321841895487,26.0634804113919],[-80.332106189549,26.0634854116225],[-80.3314411885599,26.0634974112766],[-80.3313621894135,26.0634954120836],[-80.3304621883793,26.063512411069],[-80.3303841883795,26.0635174121988],[-80.3302661883339,26.063518412245],[-80.3301101874351,26.063518412245],[-80.3299141891885,26.0635244116223],[-80.3293991879221,26.063530411899],[-80.327794185853,26.0635514110688],[-80.3274811867073,26.0635594114377],[-80.3268193648218,26.0635678614677],[-80.3260711855368,26.0635774113685],[-80.3259931864364,26.0635834125445],[-80.3257071957304,26.0635899695015],[-80.3244661852662,26.0636184123599],[-80.3243881861658,26.0636234125905],[-80.3230631844184,26.0636534121752],[-80.3225051838671,26.0636674119216],[-80.3224271838674,26.0636724121521],[-80.3219161836849,26.0636834117601],[-80.3218461840541,26.0636864118985],[-80.321776183524,26.0636894120368],[-80.3216291830403,26.0636884119906],[-80.3212761838488,26.0636934122213],[-80.320492182768,26.063702411737],[-80.3204141827683,26.0637074119675],[-80.3195131825873,26.0637194125209],[-80.3194351816882,26.0637164123826],[-80.3191617158405,26.0637199053494],[-80.3188871815981,26.063723411806],[-80.3182534428421,26.0637379124747],[-80.3181441815087,26.06374041259],[-80.3181339481231,26.0637402803896],[-80.3180661824084,26.0637394125439],[-80.3174111827798,26.0637534122902],[-80.317387181673,26.0637544123363],[-80.3173757045251,26.0637553089604],[-80.3173231814196,26.0637594125669],[-80.3171551808668,26.0637624118059],[-80.3164591802469,26.0637774115983],[-80.3164221803393,26.0637784116444],[-80.3163431802935,26.0637774124976],[-80.3162271812394,26.063780412636],[-80.3158891800416,26.0637874120595],[-80.3158891881355,26.0637847572608]]]},"properties":{"OBJECTID":2,"DISTRICT":2,"DISTRICT_NAME":"SCHOOL BOARD: DISTRICT 2","JURISDICTION":"School Board District 2","TENEX_NAME":"SCHOOL BOARD DIST 2","OFFICE_HOLDER":"Torey Alston","DISTRICT_WEBSITE":"https://www.browardschools.com/Domain/12453","OFFICE_HOLDER_WEBSITE":"https://www.browardschools.com/school-board/district-2","OFFICIAL_MAP":"https://resources.finalsite.net/images/v1760712168/browardschoolscom/sbbk9mvis7dto4qjjho0/District2.pdf","ESRI_MAP":"https://bcgishub.broward.org/hbm/rest/services/SOE/SchoolBoardMunicpalDistricts2022/FeatureServer","ESRI_LAYER":"https://bcgis.maps.arcgis.com/home/item.html?id=0e1537af2caa4c5fbd5ee9e688b0c2d9&sublayer=17","Shape__Area":240660875.94921875,"Shape__Length":74122.61937884093}},{"type":"Feature","id":3,"geometry":{"type":"Polygon","coordinates":[[[-80.084601053296,26.2318785067877],[-80.0851640522792,26.2260905042734],[-80.0863020534969,26.2166404992597],[-80.0887690539486,26.2052294937462],[-80.0887550542024,26.2049504934706],[-80.0891740537396,26.2020344911988],[-80.089230053624,26.2015274912008],[-80.0895202846334,26.1983972929008],[-80.0899516498487,26.1963755926595],[-80.093697271312,26.1687365888226],[-80.0976282475456,26.1480503219648],[-80.0985473456834,26.1276350685037],[-80.1014584574418,26.1088975165072],[-80.1022914913592,26.0943469750329],[-80.1028696511135,26.0923810246646],[-80.1039940563805,26.0903884345786],[-80.104398057924,26.0880674336652],[-80.1045069928035,26.0868134657689],[-80.1068194078893,26.0789504143302],[-80.1080095805776,26.0576671828942],[-80.1083524686915,26.0547699746547],[-80.1105790596758,26.054835415622],[-80.1115090593955,26.0548634160139],[-80.1116230601561,26.0548664161522],[-80.1119650597397,26.0548784158063],[-80.1120790605002,26.0548824159907],[-80.1121430598543,26.0542874155318],[-80.1122530604304,26.0532854151898],[-80.1122620599461,26.0532534146134],[-80.1122890593925,26.0532244150747],[-80.1123270602456,26.053206415144],[-80.1128010605205,26.0530644148909],[-80.1128620597363,26.0530474150062],[-80.1129680610272,26.0530094150525],[-80.1130060600815,26.052996414453],[-80.1131800600117,26.0529434156062],[-80.1133540608412,26.0529124150759],[-80.1135530610249,26.0528954151913],[-80.1136920602403,26.0528914150069],[-80.1138480611391,26.0528884148685],[-80.1141100606308,26.0528874148224],[-80.1142500607916,26.0528874148224],[-80.1142710608607,26.0528874148224],[-80.1143350620135,26.0528874148224],[-80.1143570612293,26.0528874148224],[-80.1143430614831,26.0530774145911],[-80.1143400613447,26.0531184146831],[-80.1145680619665,26.0531134144526],[-80.1146400616894,26.0531114152597],[-80.1147850611816,26.0531084151213],[-80.1154520622628,26.0530894151444],[-80.1156540625849,26.0530834148677],[-80.1178760634295,26.053025414891],[-80.1198750638831,26.0529554143609],[-80.1221130663649,26.0528944142459],[-80.1239910666344,26.0528544141999],[-80.1250120678526,26.0528234136697],[-80.1270720693205,26.0527664146384],[-80.1273700686737,26.0527574142233],[-80.1273720687659,26.0528784144074],[-80.1273890686506,26.0540554147257],[-80.1274300696419,26.0563494161926],[-80.1274690687425,26.0583904167843],[-80.1275080696416,26.0604184185752],[-80.1275350690881,26.060408418114],[-80.1275550691111,26.060399417699],[-80.1276060696644,26.060376418437],[-80.1276700699178,26.0603384184833],[-80.1277870699173,26.0603204185525],[-80.1279330694555,26.0602794184604],[-80.1282420702153,26.060195418184],[-80.1285860698912,26.0601104178616],[-80.1286240698449,26.0600984182075],[-80.1286950704211,26.0600684177233],[-80.1287350695678,26.0600674185766],[-80.1288130695675,26.0600544179771],[-80.1290800701891,26.0599894176775],[-80.1290950708808,26.0599854174931],[-80.1293360703033,26.0599364179314],[-80.1294890701644,26.0599134177701],[-80.1295270701182,26.0599074183927],[-80.1295890702793,26.0598974179316],[-80.1297050711321,26.0598804180469],[-80.1298920707624,26.0598534177011],[-80.1299610712464,26.0598434181393],[-80.1299930700241,26.0598354177704],[-80.1300770711998,26.0598334176781],[-80.1302210706459,26.059823417217],[-80.130274070392,26.059820417978],[-80.1303540713832,26.059820417978],[-80.1303930704838,26.0598254173092],[-80.1304690712906,26.0598444172861],[-80.1305760717283,26.0598914176549],[-80.1306730717048,26.0599554179083],[-80.1307320717277,26.0600044174699],[-80.1307600712203,26.0600324178619],[-80.1307890716583,26.0600164180233],[-80.130818071197,26.0599904177237],[-80.1308320709433,26.0599794181157],[-80.1309760712886,26.0598774179086],[-80.131011071104,26.0598624172168],[-80.1310250708503,26.0598584170324],[-80.1310480719109,26.0598524185543],[-80.1311270719568,26.0598424180932],[-80.1312470711953,26.0598364169172],[-80.1313260721405,26.0598384179087],[-80.1314000710564,26.0597984178627],[-80.1314670714481,26.0597734176092],[-80.1314920717017,26.0597694174247],[-80.1315450723472,26.059760417909],[-80.1317000723005,26.0597614179551],[-80.1317820715853,26.0597624171019],[-80.1318210715851,26.0597654172403],[-80.1318980715387,26.059783417171],[-80.131969072115,26.059815416848],[-80.1320350715613,26.0598564178395],[-80.1320950725295,26.0599034182082],[-80.132151072414,26.0599554179083],[-80.1321810719988,26.0599484184848],[-80.1322450722523,26.0598854182775],[-80.1322620721369,26.0598694175396],[-80.1323230722519,26.059823417217],[-80.1323910717905,26.0597844172171],[-80.1324200722285,26.0597724175631],[-80.1325030724588,26.0597504174478],[-80.1325430725047,26.0597474173095],[-80.1327800717429,26.059751417494],[-80.132859072688,26.0597454172173],[-80.1329210728492,26.0597254180936],[-80.1329340725494,26.0597224179553],[-80.1330370728026,26.0596744175404],[-80.1330690724797,26.0596974177017],[-80.1331390730098,26.059731417471],[-80.1331760729174,26.0597444180705],[-80.1332550729632,26.0597534175862],[-80.1333730730089,26.0597454172173],[-80.1334500729624,26.0597464172634],[-80.133486072824,26.0597294173788],[-80.1335240727777,26.0597184177708],[-80.1335630736769,26.0597124174941],[-80.133607073008,26.0597104174019],[-80.1337210737685,26.0597074172636],[-80.1337560735839,26.0597074181629],[-80.1339600730989,26.0597054171713],[-80.1340770730984,26.0597054180706],[-80.1341160730983,26.0597104174019],[-80.1341930730518,26.0597274172865],[-80.1342290738126,26.059742417079],[-80.1343260737892,26.0598064182317],[-80.1344390736043,26.0599094175856],[-80.1344680740423,26.0599084175395],[-80.1344980736272,26.0598774170093],[-80.1346280733269,26.0597474182088],[-80.1346440731654,26.0597344176093],[-80.134658073811,26.0597234180014],[-80.1347290734879,26.0596854171483],[-80.1347990731187,26.0596584177019],[-80.1348380731185,26.0596504173329],[-80.1349560740636,26.0596444170562],[-80.1350190733715,26.0596394168257],[-80.1351180743396,26.0596334174483],[-80.1351910732094,26.0596334174483],[-80.1352150734169,26.0596314173561],[-80.1355060742459,26.059619417702],[-80.1356040742686,26.0596154175175],[-80.1357040743835,26.0596114173331],[-80.1357440744295,26.0596144174714],[-80.1358190742908,26.0596384167795],[-80.1358850737371,26.0596714174021],[-80.1359180743596,26.0596494172868],[-80.1359540742211,26.0596324174022],[-80.1360300741286,26.0596124173792],[-80.1360690741284,26.059610417287],[-80.1363060742659,26.0596134174253],[-80.1363460743119,26.059610417287],[-80.1364100745653,26.0596094172408],[-80.1374530749994,26.0595934174024],[-80.1375320750452,26.0595994167797],[-80.1389050754088,26.0595794167567],[-80.1397370769045,26.0595674171026],[-80.1398260765122,26.0595664170565],[-80.1398500767197,26.059561416826],[-80.139943077411,26.0595454169875],[-80.1401000765572,26.0595304171951],[-80.1401840768336,26.0595054169415],[-80.1402130763723,26.0594974165726],[-80.1402500771793,26.0595014176563],[-80.1402950774558,26.0595144173565],[-80.1403260770867,26.0595224177255],[-80.1404050771326,26.0595304171951],[-80.1407320769238,26.0595254178638],[-80.1408420766005,26.0595244178177],[-80.1409450768538,26.0595224177255],[-80.1411960776368,26.0595194175871],[-80.1412550776597,26.0595094171259],[-80.1412740767372,26.0595074170337],[-80.1413100765987,26.0595124172643],[-80.1413560778207,26.0595284171028],[-80.1413840782126,26.0595384166646],[-80.1413980770596,26.0595414177023],[-80.1414230782124,26.0595464170336],[-80.1414620773129,26.0595494171719],[-80.1415330778892,26.0595494171719],[-80.1415780781658,26.059550417218],[-80.1417430776809,26.0595524173103],[-80.1422400781171,26.0595584166877],[-80.142291077771,26.0595594176331],[-80.1424060785776,26.0595634169182],[-80.1424480787158,26.0595644169643],[-80.1424880778625,26.059561416826],[-80.1425260787155,26.0595534173564],[-80.1425470787846,26.0595454169875],[-80.1426010785769,26.0595284171028],[-80.1426390785306,26.0595294171489],[-80.1426780785305,26.0595404167569],[-80.1429720785985,26.0595444169413],[-80.1430330778143,26.0595454169875],[-80.1430720787134,26.0595404176562],[-80.1431140788516,26.0595304171951],[-80.1431460785287,26.0595304171951],[-80.1431840784824,26.0595424168491],[-80.1432230784823,26.0595494171719],[-80.1432610784359,26.059550417218],[-80.1437120794488,26.0595624168721],[-80.1438160788489,26.0595654170104],[-80.1438630792177,26.0595674162033],[-80.143897078987,26.0595684171488],[-80.1439090795404,26.0597304174249],[-80.1438350788258,26.0599474175393],[-80.1437670792872,26.0605344176293],[-80.1436310793108,26.0611214186186],[-80.1435190786426,26.0614224181102],[-80.143512079219,26.0614364178564],[-80.1435080790346,26.0614454182715],[-80.1434680789886,26.0615394181097],[-80.1434090789657,26.0616574181554],[-80.1433560792196,26.0617624185008],[-80.1432600783899,26.0619454188461],[-80.1431370790129,26.0621814180381],[-80.1429710785524,26.0624364181062],[-80.1427190786225,26.0627554184279],[-80.1424940781392,26.0630064192109],[-80.1424530780471,26.0630464192569],[-80.1423040783705,26.0631974190257],[-80.1421630781635,26.0633254186332],[-80.1424360790618,26.0633654186792],[-80.1425420785541,26.063384418656],[-80.142907078299,26.0633904189327],[-80.1430290785291,26.0633934181717],[-80.143229078759,26.0633964192094],[-80.1438290794484,26.0634074188173],[-80.144030078825,26.0634114190019],[-80.1443670799768,26.0634094198089],[-80.1453800799267,26.0634034195322],[-80.1457180802252,26.0634024185868],[-80.1459310810545,26.0634024185868],[-80.1465720809367,26.0634024194861],[-80.1467860809129,26.0634034186329],[-80.1469420809123,26.0634034186329],[-80.1474130810488,26.0634034186329],[-80.1475700810943,26.0634044186791],[-80.1477700813242,26.0634044186791],[-80.1483720821059,26.0634044186791],[-80.1485730823818,26.0634044186791],[-80.1487610820582,26.0634044186791],[-80.1493250828862,26.0634044195784],[-80.1495130825627,26.0634054187252],[-80.1496930827695,26.0634054187252],[-80.1502330824907,26.0634054187252],[-80.150414083643,26.0634064187712],[-80.150578083112,26.0634064187712],[-80.151073083456,26.0634064187712],[-80.1512380829711,26.0634074188173],[-80.1514180831779,26.0634074188173],[-80.1518150834993,26.0634074188173],[-80.1519590838446,26.0634054187252],[-80.1521400840976,26.0634034186329],[-80.152325084535,26.0634004184946],[-80.1528800849479,26.0633924181257],[-80.1530660845322,26.0633904180334],[-80.1531520840014,26.0633874187944],[-80.1534130843463,26.0633774192325],[-80.153500084761,26.0633754191403],[-80.1538380850595,26.063363418587],[-80.1548540860472,26.0633294188177],[-80.1551930854924,26.0633194183565],[-80.1559180865504,26.0632944181029],[-80.1569710865464,26.0632594182876],[-80.1580950871185,26.0632154180571],[-80.158493087486,26.0632004182647],[-80.1587610881537,26.0631834183801],[-80.1588200872771,26.0631784181495],[-80.1589010883145,26.0631704186799],[-80.1589380873228,26.0631674185416],[-80.1589930880605,26.0631594181727],[-80.1590250877376,26.0631554179882],[-80.1591250878525,26.063142418288],[-80.1591440878294,26.063139419049],[-80.1592250879674,26.0631294185878],[-80.1592850880364,26.0631204181728],[-80.1593210887972,26.0631154179422],[-80.1594170878283,26.0631024182421],[-80.1594650882432,26.0630954179193],[-80.1594910885428,26.0630924186802],[-80.1595250883121,26.0630854183574],[-80.1598110889106,26.0630344178042],[-80.1598550882417,26.0630274183807],[-80.160192088494,26.0629874183347],[-80.1606820895068,26.0629634181273],[-80.1609730894365,26.062949418381],[-80.161026090082,26.0629484183349],[-80.1611870894126,26.0629444181504],[-80.1612410892049,26.0629444181504],[-80.162819090029,26.0628774177587],[-80.1629250904206,26.0628814179431],[-80.1635580908332,26.0629024180122],[-80.163628090464,26.0628994178739],[-80.1638400912472,26.0628894174127],[-80.163911090924,26.0628874182198],[-80.1639370912237,26.0628864181737],[-80.1640170904163,26.0628824179893],[-80.1640440907622,26.0628824179893],[-80.1641840918223,26.0628764186119],[-80.1641290910846,26.0627054179208],[-80.1641100911078,26.0626334172984],[-80.1639200904398,26.0619224177854],[-80.163456090626,26.0604354166612],[-80.1631760903042,26.0594884161575],[-80.1630510899358,26.0590304157212],[-80.1629720907893,26.0587014158377],[-80.1629700906971,26.0586864160453],[-80.162932089844,26.0585294159998],[-80.1627350906519,26.0577104151036],[-80.1626500903294,26.057227415313],[-80.1625620898685,26.0565374149698],[-80.1624870900072,26.0557544139351],[-80.1624680900303,26.0555144136593],[-80.1623570894081,26.0540504135957],[-80.1623150892699,26.0535984134361],[-80.1622980902846,26.0534124129525],[-80.1622500889704,26.0527174132781],[-80.1621930899391,26.0520034127273],[-80.1621690888324,26.0513914123839],[-80.1621860896163,26.0510344121085],[-80.1621900898008,26.0508954119937],[-80.1622040895471,26.0504334113729],[-80.1622060896393,26.0503724121572],[-80.16222408957,26.0499964110056],[-80.1622990894314,26.0494234115612],[-80.1623840888546,26.048816410549],[-80.1623900891313,26.0487764114023],[-80.1624440889235,26.0482984100436],[-80.1626080892918,26.0482934098131],[-80.1626480902372,26.0482914106202],[-80.1627720896602,26.0482884104818],[-80.1631180894282,26.0482564099054],[-80.1632590896352,26.0482424110585],[-80.1634630900495,26.0482244102284],[-80.1639660898631,26.0481524105054],[-80.1641000897473,26.0481334105285],[-80.1646110908291,26.0480614108055],[-80.1650340905508,26.048036410552],[-80.1654830905721,26.0480254100447],[-80.1659920915617,26.0480134103906],[-80.1662090907769,26.0480044108749],[-80.1665960915363,26.0479894101832],[-80.1668610911664,26.0479834099065],[-80.167079091327,26.0479794106213],[-80.1671860917647,26.047976410483],[-80.1675090922707,26.0479684101141],[-80.1676170927546,26.0479664100218],[-80.1677150918779,26.0479634107828],[-80.168009091946,26.04795641046],[-80.1681080920148,26.0479554104139],[-80.1683210928441,26.0479454099528],[-80.1689630927725,26.0479164104141],[-80.1691770927486,26.047907409999],[-80.1693800940161,26.0479034098146],[-80.1699920943597,26.0478904101144],[-80.1701960938746,26.0478874099761],[-80.17039209392,26.0478794105064],[-80.1709830941944,26.0478564094458],[-80.1711800951852,26.0478494100223],[-80.1712240945163,26.0478474099301],[-80.1713570943544,26.0478444097917],[-80.1714020946309,26.0478444097917],[-80.1714390945385,26.0478434097456],[-80.1715500951607,26.0478404105066],[-80.1715880942151,26.0478404096073],[-80.1719450953898,26.0478274108064],[-80.1721950952274,26.0478184103914],[-80.1722540952503,26.0478164093998],[-80.1727230952946,26.0477994095152],[-80.1730170953626,26.0477894099533],[-80.1730770954316,26.0477874107605],[-80.1731720962152,26.0477844097228],[-80.1732150955002,26.0477844106221],[-80.1733750956841,26.0477824096305],[-80.1734470954071,26.0477814104838],[-80.1736620963287,26.0477794094922],[-80.1736750960288,26.0477794103915],[-80.1737350951984,26.0477794094922],[-80.1737720960054,26.0477784103454],[-80.1740760956353,26.0477674098382],[-80.1741350956581,26.0477654097459],[-80.1744220963027,26.047757409377],[-80.1746950972009,26.0477494099074],[-80.1749480962776,26.0477424095846],[-80.1750390968768,26.0477404094923],[-80.1751630962998,26.0477344092157],[-80.1752320967838,26.0477304099305],[-80.1760860965961,26.0476874097462],[-80.1763710971484,26.0476744091467],[-80.1767490983921,26.0476664096771],[-80.1767880974926,26.047665409631],[-80.1778860986645,26.0476444095619],[-80.178265099055,26.0476374092391],[-80.1783100993316,26.0476354100462],[-80.1784660984317,26.0476304098156],[-80.1790690992595,26.0476134090317],[-80.1792700995354,26.0476074096543],[-80.1795100989119,26.0476014093776],[-80.1802340999237,26.0475854095391],[-80.1804750993463,26.0475804093085],[-80.180662099876,26.0475714097928],[-80.1811041004738,26.0475504097237],[-80.1812241006117,26.0475454085938],[-80.1814121011875,26.0475374100235],[-80.1814661009797,26.0475354099313],[-80.1818191001713,26.047524409424],[-80.1820611005393,26.0475174091012],[-80.1822411007462,26.0475114097238],[-80.1823621009302,26.0475074086401],[-80.1823861011376,26.0475064094933],[-80.1824051002152,26.0475064094933],[-80.1825361017596,26.0475024093088],[-80.1830431008584,26.0474854085248],[-80.183451101687,26.047472409724],[-80.1839531014544,26.04745540894],[-80.1841201028604,26.0474504096088],[-80.1854591025555,26.0474074085251],[-80.1859621032684,26.0473914086866],[-80.1861641035904,26.0473844092631],[-80.1864411037739,26.0473754088481],[-80.1867731037956,26.0473704086175],[-80.1869761032645,26.0473674084791],[-80.1871801036788,26.0473614091018],[-80.1877921040223,26.047343409171],[-80.1879971044827,26.0473384089404],[-80.1882341037208,26.0473294085254],[-80.1889461050786,26.0473034091251],[-80.1891841043629,26.0472954087562],[-80.189375105077,26.0472894093788],[-80.1899471053746,26.0472734086409],[-80.1901391052355,26.0472684093097],[-80.1901761060424,26.0472674083642],[-80.1902901050043,26.0472634090791],[-80.1903281058574,26.0472634090791],[-80.1903581054421,26.047262409033],[-80.1904501051882,26.047259409794],[-80.1904811057184,26.0472594088947],[-80.1905061050726,26.0472574088024],[-80.1905841059717,26.047254408664],[-80.1906101062713,26.0472544095634],[-80.1908151067317,26.0472464091945],[-80.1914301063143,26.0472244090793],[-80.1916361068209,26.0472174087565],[-80.1918321059669,26.0472094092868],[-80.1924231062413,26.0471874091717],[-80.1925481066098,26.0471834089872],[-80.1926201072321,26.047181408895],[-80.1926581071859,26.0471794088027],[-80.192771107001,26.0471764086644],[-80.1928101070008,26.0471754086183],[-80.1931281072763,26.0471654090565],[-80.194084108195,26.0471354085723],[-80.1941431082178,26.0471344085262],[-80.1942431074334,26.0471314092871],[-80.1944031085166,26.0471274082034],[-80.1944541081705,26.0471254081111],[-80.1946061079855,26.0471224088721],[-80.1946581085848,26.0471214079267],[-80.1947591078465,26.0471164085954],[-80.1950611091828,26.0471044080421],[-80.1951631084906,26.0471004087569],[-80.1953311081441,26.0470914083419],[-80.1954501082359,26.0470864081113],[-80.1954671081205,26.0470864081113],[-80.1956821090421,26.0470834088723],[-80.1957411090649,26.0470824088262],[-80.1957591089957,26.0470824088262],[-80.1958351089031,26.0470824079268],[-80.1960041086027,26.0470814087801],[-80.1960431095019,26.0470804087339],[-80.1961631096398,26.0470794086878],[-80.1962031096857,26.0470794086878],[-80.1962991087169,26.0470754085033],[-80.1965861093614,26.0470664089876],[-80.196663109315,26.0470564085265],[-80.1968021094298,26.0470384085957],[-80.1969471098212,26.047020408665],[-80.1985441097228,26.0469734091955],[-80.1987591106444,26.0469674089188],[-80.1989051101826,26.0469634087344],[-80.1990541107585,26.0469594085499],[-80.1990851112888,26.0469584085038],[-80.1991091114963,26.0469574084577],[-80.1992521108962,26.0469544083193],[-80.1994621106878,26.0469684080657],[-80.199495110411,26.0469704081578],[-80.1995211107106,26.0469724082501],[-80.2005641111448,26.0469304081119],[-80.2006971118822,26.0469394085269],[-80.2007191110981,26.0469384084808],[-80.200785112343,26.0469354083424],[-80.2008071115589,26.0469344082964],[-80.2011611125952,26.046928408919],[-80.2016131127549,26.0469224086423],[-80.2016671116479,26.0469254087806],[-80.2022231130062,26.0469364083886],[-80.202434112844,26.0469414077198],[-80.202506112567,26.0469434087114],[-80.2025771131432,26.0469454079043],[-80.2027561133039,26.0469504081349],[-80.2028141123814,26.0469524082271],[-80.203295112979,26.0469664079734],[-80.2034751131859,26.0469724082501],[-80.2035521131395,26.0469744083423],[-80.2037831130002,26.0469814077658],[-80.2038611129999,26.0469844088035],[-80.2039321135761,26.0469844079042],[-80.2041471135984,26.0469864079964],[-80.2042191142207,26.0469874080425],[-80.2042881138054,26.0469874080425],[-80.2044981144963,26.046989409034],[-80.2045681141271,26.0469904081808],[-80.2046361136657,26.0469874080425],[-80.2047901144722,26.0469794076736],[-80.2048401149793,26.0469774075813],[-80.204909114564,26.0469754083884],[-80.2049291145869,26.0469744083423],[-80.2050041144483,26.046971408204],[-80.2051451146553,26.046968408965],[-80.2052301140785,26.0469624077889],[-80.2053061148853,26.0469574075584],[-80.2054791147693,26.0469444078582],[-80.206000115413,26.0469084079967],[-80.2060571144443,26.0469034086654],[-80.2060991145825,26.0469004076278],[-80.2061741144438,26.0468934082042],[-80.2063731155268,26.0468734081813],[-80.2067411145108,26.0468374074205],[-80.2069341153172,26.0468184074436],[-80.2069641158013,26.0468144072591],[-80.2071711154546,26.046790407951],[-80.2072501155004,26.0467804083892],[-80.2074871156378,26.0467524079973],[-80.2075671157298,26.0467444085277],[-80.2076071157757,26.0467394082971],[-80.2077291151065,26.0467244076054],[-80.2077701160979,26.0467204083203],[-80.2078181165128,26.0467144080436],[-80.2079141164433,26.0467034084356],[-80.2080581158893,26.0466874085971],[-80.2082791161883,26.0466834084126],[-80.2083531160035,26.0466814083204],[-80.2084061157496,26.0466814083204],[-80.2084521160722,26.0481764089142],[-80.2084521160722,26.0482444084527],[-80.2086981166248,26.0482744089369],[-80.2086811167401,26.0483554081756],[-80.208562115749,26.048871409488],[-80.2084851157954,26.049087408657],[-80.2085021165794,26.0497394099459],[-80.2084371162799,26.0499074095993],[-80.2084281167641,26.0499274096223],[-80.2084051157035,26.0499884097373],[-80.2083971162339,26.0500094098065],[-80.2083401163033,26.0501614096214],[-80.2082871156578,26.0503034089752],[-80.2080291163506,26.0503164095747],[-80.2076661157986,26.0503354095516],[-80.2073621161687,26.0503364095977],[-80.2074041163069,26.0517734102148],[-80.2074851155456,26.0527074110183],[-80.2074551159608,26.0534354113152],[-80.2074671165142,26.0538284114521],[-80.2074711166986,26.0539704117052],[-80.2076591163751,26.0539704117052],[-80.2096361167134,26.053916411913],[-80.214886120498,26.0537754117059],[-80.2148871205441,26.0538064113368],[-80.2149041204288,26.0542764114273],[-80.2149081206132,26.0543964115652],[-80.2149211203134,26.0547594112179],[-80.214926120544,26.0548804123012],[-80.2149621204055,26.0558894129661],[-80.2149811203823,26.0564324119263],[-80.2150161210971,26.0573794133293],[-80.2151061207508,26.0598784143574],[-80.2151571204047,26.0610904144911],[-80.2152101210502,26.0623484158468],[-80.2152161213269,26.0626434159609],[-80.2152251208426,26.0630504158441],[-80.2152321211654,26.0632304160509],[-80.2153061209806,26.0649904171741],[-80.2153121212573,26.0651304164356],[-80.2153181206347,26.0653174169653],[-80.2154851211414,26.0653114175879],[-80.2154971216948,26.0655744171257],[-80.215479121764,26.065574418025],[-80.2154121213723,26.0655764172179],[-80.2153271210498,26.0655784173102],[-80.2153271219491,26.0656184173561],[-80.2153281210959,26.0656854168486],[-80.2153281210959,26.0657394166408],[-80.215329121142,26.0657804176322],[-80.215329121142,26.0658374175628],[-80.2153301211881,26.0658734174243],[-80.2153311212342,26.066011417493],[-80.2153321212803,26.0660694174697],[-80.2154521214183,26.0694664185405],[-80.2155111214411,26.0711274195948],[-80.2155661212795,26.0726294205114],[-80.2157401221089,26.0773284231682],[-80.2158271225236,26.0796584244968],[-80.2158671225696,26.0807254251383],[-80.215913121993,26.0815164247432],[-80.2159641225462,26.0830554264668],[-80.2159871227075,26.0837624266947],[-80.2159891227997,26.0838084270173],[-80.216012122961,26.084502427545],[-80.2160181223384,26.0846784266681],[-80.2160291219464,26.0850034272664],[-80.2160461227303,26.0853704271036],[-80.2161291229606,26.087141428734],[-80.2161481229375,26.0874474284561],[-80.2161921231679,26.0881394279922],[-80.2162481230524,26.0887084290508],[-80.2164161227059,26.0904164295746],[-80.2164341226366,26.0906024300581],[-80.2164371236743,26.0906224300811],[-80.2164401229133,26.0906534297121],[-80.216475123628,26.0909864297799],[-80.2164871232821,26.0911184304712],[-80.2165241231897,26.0913754306317],[-80.2165331227054,26.0915294305388],[-80.2165391229821,26.0916194301926],[-80.2165441232127,26.0916724299387],[-80.2162601227064,26.0916104306769],[-80.2159581231688,26.0915244303082],[-80.2159111228,26.0915124306542],[-80.2161671229143,26.0919094309755],[-80.2164221229826,26.0925774312036],[-80.2165081233512,26.0930314314555],[-80.2167531229582,26.093695431499],[-80.2168481237419,26.0943844317961],[-80.2169431236262,26.0950604323931],[-80.217010124018,26.0955424321375],[-80.2172121243401,26.0969914333081],[-80.2172801238786,26.097474433998],[-80.2173771238552,26.0981774340414],[-80.2175231242927,26.0992204344755],[-80.2175481245463,26.0993644339216],[-80.217710123923,26.1002814348404],[-80.217738124315,26.1004344347015],[-80.2177941241994,26.100986434976],[-80.2178451247527,26.1014834354123],[-80.2178951252598,26.1019194357334],[-80.2179031247294,26.1020034360098],[-80.2180241249134,26.1032344361204],[-80.2181231249822,26.1045284373376],[-80.2181501244287,26.1050624376814],[-80.2181761256277,26.1055464375181],[-80.2181901253739,26.1058154373326],[-80.2181961247513,26.1059914382543],[-80.2181991248897,26.1060854380925],[-80.2182021241287,26.1061344385536],[-80.2182051251664,26.1061754377463],[-80.21822512429,26.106981438043],[-80.2182881244973,26.1085364387058],[-80.2183301246355,26.1096544399005],[-80.2183641253041,26.1105474397126],[-80.2183691246353,26.1106994404269],[-80.2183871254654,26.1111584409094],[-80.2183931257421,26.1113114407704],[-80.21840412535,26.1116254408615],[-80.2184401252115,26.1125684411806],[-80.2184521248656,26.1128834404185],[-80.2184521248656,26.1129004412024],[-80.2184541249579,26.1129534409486],[-80.218455125004,26.1129714408793],[-80.2184581251423,26.1130634415247],[-80.2184691256496,26.1133404417081],[-80.2184731249347,26.1134334415001],[-80.2185151259723,26.1145574420723],[-80.2185211253496,26.1148464419098],[-80.2185281256724,26.1151354426466],[-80.2185501248883,26.1156304429906],[-80.2185601253495,26.1163724430339],[-80.2185371251882,26.1170344429852],[-80.2185081256495,26.1175284432831],[-80.2184431253499,26.1182684432341],[-80.2183851253732,26.1187604443391],[-80.2183381259037,26.1190764445223],[-80.2182771257887,26.1194974450511],[-80.2181171256048,26.1204734450935],[-80.2181041250053,26.1205474449087],[-80.2180681251438,26.1207714444466],[-80.2180561254897,26.1208464452073],[-80.2172401256312,26.1208494453457],[-80.2171741252856,26.1208494453457],[-80.2147931243032,26.120860445853],[-80.2139781226922,26.1208644451381],[-80.2131861230411,26.1208654451842],[-80.21081012139,26.120872445507],[-80.2100191208857,26.1208744455992],[-80.2096701209792,26.1208744455992],[-80.2086241195075,26.1208754456454],[-80.2082761205465,26.1208764456915],[-80.2080281199018,26.1208784457837],[-80.2072841188669,26.1208844460604],[-80.2070361191215,26.1208864452533],[-80.2069321188222,26.1208864461526],[-80.2066231189617,26.1208864461526],[-80.2065201187084,26.1208874461987],[-80.2063791194008,26.1208874461987],[-80.2059591189181,26.1208904454377],[-80.2058201179041,26.1208914454839],[-80.2055581184124,26.1208914463832],[-80.2047721172394,26.1208914454839],[-80.2045111168945,26.1208924464293],[-80.2041651171264,26.120889446291],[-80.203128116969,26.1208834460143],[-80.2027831163477,26.1208814459221],[-80.2026251162561,26.1208834460143],[-80.2021521169267,26.1208914454839],[-80.2019951159818,26.1208944465216],[-80.2018311165128,26.1208974457606],[-80.2014651158224,26.1209064461756],[-80.1998771154365,26.1209444461293],[-80.1993481144239,26.1209574458295],[-80.1991911143784,26.1209604459678],[-80.1987221143341,26.120973445668],[-80.1985661143346,26.1209784467979],[-80.1984901135279,26.1209794459447],[-80.1982621138055,26.1209844461753],[-80.1981871139441,26.1209874463136],[-80.1980641136679,26.1209894464059],[-80.1979821134837,26.1209924465442],[-80.1976951137385,26.1209984468209],[-80.1975731135083,26.121002446106],[-80.1972751132558,26.1210084454834],[-80.1972461128178,26.1210094464289],[-80.1968631131421,26.1210174458985],[-80.1963821134438,26.1210264463135],[-80.1960851132374,26.121033445737],[-80.1956741122704,26.121042446152],[-80.1944421121137,26.1210704465439],[-80.1940321120923,26.1210804470051],[-80.193526111241,26.121091446613],[-80.1920081104859,26.1211284465206],[-80.1915031096808,26.121140447074],[-80.1913231094739,26.1211444463592],[-80.1907831088533,26.1211574469586],[-80.190604109592,26.1211624462899],[-80.1905661096382,26.1211614462438],[-80.190452109777,26.1211614471431],[-80.1904151089701,26.1211614462438],[-80.1902881094087,26.121163446336],[-80.1899071089259,26.1211724467511],[-80.1897811085113,26.1211754468894],[-80.1894411090199,26.121183446359],[-80.1884251080323,26.1212094466587],[-80.1880861076877,26.1212184461744],[-80.1879911078033,26.121220447166],[-80.187706107251,26.1212274465894],[-80.1876121083121,26.1212304467278],[-80.187329107852,26.1212354469583],[-80.1864801064717,26.1212544460359],[-80.186198106957,26.1212614463587],[-80.1861961077642,26.1213784463583],[-80.186195107718,26.1213904460123],[-80.1861961068648,26.1214094468885],[-80.186195107718,26.1214744462887],[-80.1852141065457,26.1215004474877],[-80.1843291053039,26.1215264468881],[-80.1834491060914,26.121546446911],[-80.1825601046651,26.1215674469801],[-80.1816601045302,26.1215934472798],[-80.1807921040723,26.1216194475795],[-80.1799021025999,26.1216394476025],[-80.1790141030184,26.1216654479021],[-80.1780271015695,26.1216864470719],[-80.1759011006552,26.1217384476712],[-80.1749571002899,26.121764447971],[-80.1745670993921,26.1217724474405],[-80.1746540998068,26.1217294481556],[-80.1749501008664,26.1215844468648],[-80.1747481005444,26.1215904480408],[-80.1745410999917,26.1215974474643],[-80.1741420995782,26.12160644698],[-80.1739400992561,26.1216124472567],[-80.1736780997644,26.1216134473028],[-80.1728960987759,26.1216184475334],[-80.172635098431,26.1216204476256],[-80.1725570984313,26.1216204476256],[-80.1723260985706,26.1216244469107],[-80.1722490995163,26.121626447003],[-80.1722510987092,26.1216894472103],[-80.1722550979944,26.1217924474635],[-80.1712010979523,26.1218004469331],[-80.1706690977007,26.1217954476019],[-80.1701390975413,26.1217914483167],[-80.1698170970813,26.1217894473252],[-80.1694500972442,26.1217864480861],[-80.1693980966448,26.1217864480861],[-80.1689840973382,26.1217834479478],[-80.1685760965096,26.1217804478094],[-80.1679740957279,26.121787447233],[-80.1679330956358,26.1217874481323],[-80.1672450953848,26.1217954485012],[-80.1668810947867,26.1218004478325],[-80.1657440945143,26.1218244480399],[-80.1654580948152,26.1218314474634],[-80.164576094611,26.1218934476246],[-80.1637030939226,26.121966448293],[-80.1632780941087,26.1219664473937],[-80.163119093971,26.1219644482008],[-80.1630860933485,26.121845448109],[-80.1630210930489,26.121845448109],[-80.1629550927033,26.1218464481551],[-80.1625780933043,26.1218494482934],[-80.1624510928436,26.1218514474863],[-80.1622860924292,26.1218534475786],[-80.1617920930306,26.1218604488007],[-80.161628091763,26.1218634480397],[-80.1613930917178,26.1218634480397],[-80.1606900916743,26.1218644489852],[-80.1604560916753,26.121865448132],[-80.1602530922064,26.1218704483625],[-80.1596460911941,26.121888447394],[-80.1594440917714,26.12189444857],[-80.1590730908504,26.1219034480857],[-80.1579640900707,26.1219314475783],[-80.1575940900951,26.1219414489387],[-80.1575580902336,26.1219424489849],[-80.1574540908336,26.1219454482239],[-80.1574190901189,26.1219474483161],[-80.1571750896586,26.1219524476474],[-80.1564470893616,26.1219694484313],[-80.1562040889475,26.121975448708],[-80.156208089132,26.1221064484539],[-80.1558900888565,26.1221134478774],[-80.154841089045,26.1221544479694],[-80.1534810874822,26.1221874485919],[-80.1520040868191,26.1222224493067],[-80.1514640861986,26.1222364490529],[-80.1505090862253,26.1222574482227],[-80.1505110854182,26.1222974482687],[-80.150529085349,26.1228494494426],[-80.1505350856257,26.1230334489346],[-80.1505410859024,26.1232144491875],[-80.1505590858331,26.1237574490471],[-80.1505650861098,26.1239384501994],[-80.1505680862481,26.1241384495299],[-80.1505790867554,26.1247404494123],[-80.1505830860406,26.1249414496882],[-80.150587086225,26.1251264501256],[-80.1506000859252,26.1256814505385],[-80.1506050861557,26.1258664500767],[-80.1506210859943,26.1262194510668],[-80.1506710856021,26.1272824506246],[-80.1506880854867,26.1276364507616],[-80.1506930857173,26.1280124519131],[-80.1507110865473,26.1291414518166],[-80.1507170859247,26.1295184521149],[-80.1507890865471,26.1313254536069],[-80.1508670865468,26.1330934541996],[-80.1509540860622,26.134847455046],[-80.1509890867769,26.1362274557325],[-80.1509130868694,26.1365934555236],[-80.1510000863848,26.1365884561923],[-80.151001086431,26.1367244561688],[-80.1510040874686,26.1369594553146],[-80.1510190863617,26.1380744563711],[-80.1510250866384,26.1384464564389],[-80.1510360871457,26.1387994574291],[-80.1510690868688,26.1398604577939],[-80.1510810865229,26.1402144579309],[-80.1510930870763,26.1405754583907],[-80.1511290878371,26.1416614590092],[-80.1511420875373,26.1420234586158],[-80.1511530871452,26.142367459191],[-80.1511870869145,26.1433994600171],[-80.1511990874679,26.1437444597391],[-80.1512130872142,26.1440934596455],[-80.1512560873985,26.1451404602641],[-80.1512710871909,26.1454904611159],[-80.1512830877443,26.1458424602614],[-80.1513190876058,26.1468974612489],[-80.1513310881592,26.1472504613397],[-80.1513420877671,26.1476024613845],[-80.1513750883896,26.1486584615188],[-80.1513860879975,26.1490114625091],[-80.1513960884587,26.1493634625538],[-80.1514280881357,26.1504214627803],[-80.151439088643,26.1507744628712],[-80.1514750885045,26.1515134636755],[-80.1515590878815,26.1516654643897],[-80.1543360900385,26.151578463975],[-80.1543440895081,26.1520224637657],[-80.1543680897155,26.1533574641757],[-80.1543760900845,26.1538024649119],[-80.1543660896233,26.1542014644261],[-80.1543460896003,26.1550244655068],[-80.1543510898309,26.1553994648135],[-80.1543560900615,26.1556934648815],[-80.1543570901076,26.1557994661725],[-80.1543890897846,26.1558094657343],[-80.1544510899458,26.1558294657573],[-80.1544870898073,26.1558444655497],[-80.1545140901531,26.1558654656188],[-80.1545310900377,26.155898465342],[-80.1545570903374,26.1559254656877],[-80.1546160903603,26.1559754661948],[-80.1547530903828,26.1561034658023],[-80.1548390898521,26.1561774656176],[-80.1548660901979,26.1562054660095],[-80.1549050901977,26.1562674661707],[-80.1549140897134,26.1563034651329],[-80.1549410900592,26.1563704655246],[-80.1549720905895,26.1564754658701],[-80.1549930897593,26.1567614655692],[-80.1550050894133,26.1567964662839],[-80.1550420911196,26.1568534662146],[-80.155060090151,26.156877466422],[-80.1550780900818,26.1569024657762],[-80.1551400911422,26.156989466191],[-80.1574910925398,26.1602484680924],[-80.1575560919401,26.1603384677462],[-80.157967092907,26.1609074679054],[-80.1584200922134,26.1615364681335],[-80.1586440926507,26.1618464680401],[-80.1594800934315,26.1630054684277],[-80.1599810931529,26.1637004699008],[-80.1601970941206,26.1639884696922],[-80.1602190942358,26.1640304698304],[-80.1602470937283,26.1640844696227],[-80.1603700940046,26.1642524692761],[-80.1604400936354,26.164349470152],[-80.1605270940501,26.1642974695526],[-80.1605720943267,26.1642704701061],[-80.1605810938424,26.1642914701753],[-80.1606090933349,26.1643374695986],[-80.1606940936575,26.1644754696672],[-80.1607230940955,26.1645214699899],[-80.1607630941414,26.1645644701742],[-80.1608830942793,26.164694469874],[-80.1609230943253,26.164738469205],[-80.1608490945101,26.1648464696889],[-80.1607500935419,26.1650014705415],[-80.1602470946277,26.1657994704692],[-80.1602390942588,26.1658134702155],[-80.1601820943281,26.1659204706533],[-80.160100094144,26.1660774706988],[-80.1602070945817,26.1660724704682],[-80.1605300941885,26.1660564706297],[-80.1606380946723,26.1660524704452],[-80.1607970939107,26.1660454701224],[-80.1612770944623,26.1660244709526],[-80.1613090950387,26.1660234709065],[-80.1613740944389,26.1660214699149],[-80.1614380946923,26.1660184706759],[-80.1614750945999,26.1660164705837],[-80.1615870943689,26.1660114703531],[-80.1616250943226,26.1660104712063],[-80.1616810951064,26.166007471068],[-80.161850094806,26.1660004707452],[-80.1619070947366,26.1659984706529],[-80.1619780953128,26.1658234706767],[-80.1663230969333,26.1656694698702],[-80.1669530981069,26.1656474706543],[-80.166954098153,26.1657954693854],[-80.1689680992983,26.165716470239],[-80.1689720985834,26.165786470769],[-80.1689840982375,26.1659964696614],[-80.1689890984681,26.1660664701915],[-80.1689960987909,26.1662324706521],[-80.1690200989983,26.1667324712266],[-80.169028098468,26.166899470834],[-80.1691980991129,26.1668674711569],[-80.1697110993877,26.1667714703271],[-80.1698830992256,26.1667404706962],[-80.1698850993179,26.1668734705343],[-80.1698940997329,26.1672724709478],[-80.169898099018,26.167406470832],[-80.169898099018,26.1674434716389],[-80.1698990999634,26.1674534703014],[-80.1699000991103,26.167587471085],[-80.1699050993408,26.1679924717752],[-80.169907099433,26.1681274708062],[-80.1700241003319,26.168102471452],[-80.1701020994323,26.1680904717979],[-80.1701420994783,26.1680844715212],[-80.1706980999373,26.1680564711293],[-80.170897100121,26.1680474716136],[-80.1709001002594,26.1682174713592],[-80.1709100998212,26.1687294715879],[-80.1709141000057,26.1689004713797],[-80.1709151009511,26.1689804714716],[-80.1709181001901,26.1692204717474],[-80.1709201002824,26.1693014718855],[-80.1709211003285,26.1693914724386],[-80.1709241004668,26.1696634723914],[-80.170926100559,26.1697544720913],[-80.1709401003054,26.1716444729141],[-80.1709531000055,26.1719884734893],[-80.1709561010432,26.1720754730047],[-80.1709651005589,26.1723384725425],[-80.1709691007434,26.1724264730034],[-80.1709721008817,26.1725884732795],[-80.1709841005357,26.1730734731623],[-80.1709851005819,26.1731014735542],[-80.1709871006741,26.1731694739921],[-80.1709880998209,26.1732364734845],[-80.1709891007664,26.1732994745912],[-80.1709910999593,26.1733634739452],[-80.1709921009047,26.1734164736914],[-80.1710041005588,26.1739594744502],[-80.1710091007893,26.1741404747032],[-80.1710080998439,26.1742434740571],[-80.1710081007432,26.1745554740559],[-80.1710081007432,26.1746594743553],[-80.171006100651,26.1751014749532],[-80.1710041005588,26.1764294750403],[-80.171003101412,26.1768724756843],[-80.171003101412,26.1769854763987],[-80.1710021004665,26.1771514759599],[-80.1710011004204,26.177909476741],[-80.1710011013197,26.1779884767868],[-80.1710021013658,26.1782674761632],[-80.1710021013658,26.1785574760467],[-80.1710021013658,26.1787514768992],[-80.1710041005588,26.1794274774961],[-80.1710051006049,26.1797174764804],[-80.1710051006049,26.1798984776327],[-80.1710051006049,26.1804414774922],[-80.1710061015503,26.1806234777913],[-80.1710041014581,26.181118477236],[-80.1710021004665,26.1823834789145],[-80.1710101017348,26.1826064784063],[-80.1710301017578,26.1831024787964],[-80.1710331009968,26.1831894792111],[-80.1710421005125,26.1834194790258],[-80.171449101295,26.1835034793022],[-80.1718491008553,26.1835864786331],[-80.1722111022605,26.1836414784715],[-80.1725471015674,26.1837014785404],[-80.1727901028809,26.1837794794395],[-80.1730651029721,26.1838804796005],[-80.1732351018185,26.1839444789546],[-80.1736071027855,26.1841234791153],[-80.1736961032925,26.1841844792304],[-80.173795102462,26.1842524787689],[-80.174218103083,26.1845544792059],[-80.1744061027594,26.1847384795972],[-80.1746771035654,26.185041479181],[-80.1747871032422,26.1852384792725],[-80.1748741036569,26.1853624795948],[-80.1749491035183,26.1854844798249],[-80.1749931037487,26.1855554795018],[-80.1750811042095,26.1857534805387],[-80.1751501028949,26.1859634794311],[-80.1751931039785,26.186161480468],[-80.175462103793,26.1861634805603],[-80.1756711035385,26.186164479707],[-80.1758551039298,26.1861644806064],[-80.1762481040667,26.1861424795918],[-80.1767011042725,26.1861244805604],[-80.1774441052612,26.1860934800301],[-80.1809981072768,26.1860354800534],[-80.1811031076223,26.1860344800073],[-80.1811881070454,26.1861104799148],[-80.1834791083741,26.1861214795227],[-80.1834551081667,26.1841734787231],[-80.1844901091312,26.1841564788385],[-80.1848471085072,26.1841434791383],[-80.1854611098423,26.1841214790231],[-80.1873161099505,26.1841074783775],[-80.1874431113105,26.1841044791384],[-80.187764110825,26.1840704784698],[-80.1878091111016,26.1840594788619],[-80.187876110594,26.1840434781241],[-80.1879821109856,26.1840014788852],[-80.1880901114694,26.1839834789544],[-80.1889041112357,26.1839804788161],[-80.1892741112112,26.1839794778706],[-80.1894081119948,26.1839784787239],[-80.1894611126402,26.186002479431],[-80.1894631118331,26.1862124792226],[-80.1894651119254,26.1862754794299],[-80.1897121125239,26.1862754794299],[-80.1897681124084,26.1862754803292],[-80.1909391133494,26.1862754794299],[-80.1913491133708,26.1862754803292],[-80.1915021132319,26.186276479476],[-80.1919611137144,26.1862794796144],[-80.1921141135754,26.1862804796605],[-80.1922061142208,26.1862804796605],[-80.1924851144964,26.1862824797527],[-80.1925781142885,26.1862834797988],[-80.192778113619,26.1862844789456],[-80.1933801144007,26.1862874790839],[-80.1935811137773,26.1862894800755],[-80.194007115436,26.1862914792684],[-80.1948911148331,26.1862974795451],[-80.195265114993,26.1863004796834],[-80.1952861159615,26.1863004796834],[-80.1953681152463,26.1863004796834],[-80.1954561157071,26.1863004787841],[-80.1955001159375,26.1863004796834],[-80.1955451162141,26.1863004796834],[-80.195628115545,26.1863004796834],[-80.1957131149683,26.1863014797295],[-80.1958121159363,26.1863014797295],[-80.1958431164666,26.1863014797295],[-80.1961091161427,26.1863024797757],[-80.1962091162576,26.1863034798218],[-80.196284116119,26.1863034798218],[-80.1965121158414,26.1863034789225],[-80.1965881157489,26.1863044798679],[-80.1968801166241,26.186305479914],[-80.1969551164854,26.1863064790608],[-80.1972211161615,26.1863074800062],[-80.1972261163921,26.1862214787383],[-80.1971921166228,26.1849964789044],[-80.200066117857,26.1850114786968],[-80.203523119896,26.1850304786737],[-80.2037251202181,26.185033478812],[-80.2037271203103,26.1851274786503],[-80.2037281203565,26.1851664786501],[-80.2037291204026,26.1852184783501],[-80.203733120587,26.1853774784879],[-80.2037351197799,26.1854304791333],[-80.2037371207714,26.1856534786252],[-80.2037461202872,26.1863224788993],[-80.2037491204255,26.1865464793366],[-80.2037531197107,26.1867124788978],[-80.2037671203563,26.1872134795185],[-80.2037711196414,26.1873244801407],[-80.2037721205868,26.1873804791259],[-80.2037721205868,26.1874224801634],[-80.2037751198259,26.1875504797709],[-80.203776119872,26.1875934799552],[-80.203776119872,26.1876264805776],[-80.2037791200103,26.1877284798855],[-80.2037801209558,26.1877624796547],[-80.2037801200565,26.1877854798161],[-80.2037801200565,26.1878054798391],[-80.2037811210019,26.1878544794008],[-80.203782121048,26.1878774795621],[-80.2037901205176,26.1883084796527],[-80.2038151207712,26.1896034809159],[-80.2038241202869,26.1900354810526],[-80.203825120333,26.190122480568],[-80.2038311206097,26.1903834818123],[-80.2038331198026,26.1904704813277],[-80.203837119987,26.1907844814187],[-80.2038491205404,26.1917284826834],[-80.2038541207711,26.1920434819212],[-80.2038491214398,26.1923944828192],[-80.203845120356,26.1926834817573],[-80.2038381209325,26.1934474828151],[-80.2038371208863,26.1935234827226],[-80.203834120748,26.1937994828599],[-80.2038331207019,26.1938844822831],[-80.203831121509,26.1940274834816],[-80.2038321206558,26.1940954830202],[-80.2038501214859,26.194983483501],[-80.2038561208632,26.1952794836613],[-80.2038661204251,26.1953704833612],[-80.2038741216933,26.1955704844903],[-80.2038811211168,26.196468484533],[-80.2039561209781,26.2000184854648],[-80.2037221209791,26.2002954865475],[-80.203618121579,26.2004214869621],[-80.2030801210507,26.2010644869366],[-80.2026041206836,26.2016314870036],[-80.2022661203851,26.2020354876477],[-80.2021231200859,26.2022044873473],[-80.2016961201797,26.2027144874837],[-80.2015551199728,26.2028844872294],[-80.2013711195814,26.2031034883354],[-80.2008181192608,26.2037614881023],[-80.2007231193764,26.2038754879634],[-80.2006351189156,26.2039814883551],[-80.1996251191039,26.2052134885117],[-80.1987071181389,26.2063364890378],[-80.1979971177727,26.207115489888],[-80.1967111178238,26.2086194908969],[-80.1965161169252,26.2088414903425],[-80.1960921171574,26.2093264911247],[-80.1955711165138,26.2099224916298],[-80.195564116191,26.2095234912162],[-80.1955741166521,26.2094694914239],[-80.1955891164445,26.2093904913781],[-80.1955911165368,26.2091514911485],[-80.1955921165829,26.2090724911026],[-80.1955521174363,26.2090734902494],[-80.1955521165369,26.209038490434],[-80.195400116722,26.2090384913333],[-80.1951721169996,26.2090384913333],[-80.193846115206,26.2090814906184],[-80.1914201139471,26.20913549131],[-80.1895671130318,26.2091754913559],[-80.1881511124838,26.209208491079],[-80.1881521125299,26.2092424908483],[-80.1881541126222,26.2093144914707],[-80.1881711125068,26.2096844914462],[-80.1879941124383,26.2097294917227],[-80.1879801117927,26.2097324918611],[-80.1865661122363,26.2097264915844],[-80.1864901114295,26.2097274916305],[-80.1864691113603,26.2097274916305],[-80.1864281112683,26.2097244914921],[-80.1862841109229,26.2097174911693],[-80.1862191115227,26.2097144919303],[-80.1860171112007,26.2096924918151],[-80.18599911127,26.209691491769],[-80.1858811112243,26.2096764919765],[-80.1858411111783,26.209671491746],[-80.185706111248,26.2096414921612],[-80.1852671098892,26.2095464922768],[-80.1852471107655,26.2095434912392],[-80.1851841105582,26.2095224920694],[-80.1850161109048,26.2094654912395],[-80.1848331105596,26.2094034910783],[-80.1847891103291,26.2093884912859],[-80.1842721098699,26.2092604916784],[-80.1840851093403,26.2092144913557],[-80.1835981093652,26.2091684919324],[-80.1834031102653,26.2091504911023],[-80.1825101086545,26.2091394914944],[-80.1821351084484,26.2091484919094],[-80.1816471084273,26.2091614916096],[-80.1804781075786,26.209176491402],[-80.1796341073281,26.2091884910561],[-80.1786011073552,26.2092084919784],[-80.1769741060701,26.2092404916554],[-80.1767971060016,26.2092444918399],[-80.1763301051502,26.2092784916092],[-80.1763101051272,26.2092824917936],[-80.1762891050581,26.2092844918858],[-80.1760631054279,26.2093114922316],[-80.1758141047371,26.2093614918394],[-80.1754981045539,26.2094464921619],[-80.1750391040713,26.2096004929684],[-80.1748971047176,26.2096484915847],[-80.1748341045103,26.2096694925531],[-80.1746431046955,26.2097344919533],[-80.1741001048359,26.2098764922064],[-80.1737971034535,26.2099294919525],[-80.173600103362,26.2099424916527],[-80.1732451040783,26.209962492575],[-80.1731321033639,26.2099644926673],[-80.1727141038727,26.2099704920447],[-80.1726531037577,26.2099704920447],[-80.1720931022148,26.2099804925058],[-80.1718431023772,26.2099904920676],[-80.1718241032997,26.2099094928289],[-80.1705691020824,26.2099384923676],[-80.1695861017172,26.209993492206],[-80.1686491007753,26.2100534922749],[-80.1678491007553,26.2101024927359],[-80.1670520999744,26.210143492828],[-80.1650870992902,26.2102524924586],[-80.1639320981877,26.2103154926659],[-80.1634290983741,26.2103424930117],[-80.1617660972275,26.2104404930344],[-80.1599450959894,26.210535493818],[-80.1595320958295,26.2105544928956],[-80.1582340944279,26.2106204932412],[-80.1572480939244,26.2106694937022],[-80.1560630941365,26.2107214934023],[-80.1559290933529,26.2107214934023],[-80.1559330935374,26.2108874938628],[-80.1559560927994,26.2113404940686],[-80.1560250932834,26.212699494686],[-80.1560490934908,26.2131534940386],[-80.1560660933754,26.213661494982],[-80.1561170939287,26.2151854960139],[-80.1561280935367,26.215491495736],[-80.1561310945743,26.2155934959432],[-80.1561350938595,26.2156944952049],[-80.1561390940439,26.215796495412],[-80.1561390931446,26.2158094960115],[-80.1561420941822,26.2158984965184],[-80.1561490945051,26.2160854961488],[-80.156151093698,26.2161554957796],[-80.1561550947818,26.216271495733],[-80.1561620933059,26.2164794963317],[-80.1561830942743,26.2171034963293],[-80.1561900936978,26.2173124969742],[-80.1562040943434,26.2177024969727],[-80.1562490937206,26.2188734979136],[-80.156261094274,26.2191874971053],[-80.1562650944585,26.2192964976353],[-80.1562850944815,26.2199324981863],[-80.1563510948271,26.2219374998158],[-80.1563740940891,26.2226064991907],[-80.1563810935126,26.22281950002],[-80.1564040936739,26.22345849981],[-80.1564120940429,26.2236724997861],[-80.1564140941351,26.2237465005006],[-80.156422094504,26.2239705000386],[-80.1564250946424,26.2240454998999],[-80.1564310949191,26.2242575006832],[-80.1564430945731,26.2246825004971],[-80.1564460947114,26.2247005004278],[-80.1564560942733,26.2248945003809],[-80.1564670947806,26.2251075012103],[-80.1564750951495,26.2254085007018],[-80.1564990944576,26.2263125010211],[-80.1565040946882,26.2264795015278],[-80.1565080948727,26.2266145014581],[-80.1565090949188,26.2266515013657],[-80.1565830956333,26.2292535035464],[-80.1566110942266,26.2302525037501],[-80.1566240948261,26.230688503172],[-80.1566330952411,26.2309125036092],[-80.1566330952411,26.2311265035853],[-80.1566390955178,26.2313175042995],[-80.1564050946194,26.2313165042533],[-80.1555980942766,26.2313145041611],[-80.1553290944621,26.2313145041611],[-80.1553030941624,26.2313155042072],[-80.1552250941628,26.2313195034923],[-80.1552000939092,26.2313215035846],[-80.154905093795,26.231336503377],[-80.1540230935909,26.2313845037918],[-80.1536860933385,26.2314045047142],[-80.1532330931327,26.2314365034919],[-80.1531960923257,26.2314395045296],[-80.1523200923983,26.2314745034456],[-80.15178209187,26.2314825047139],[-80.151742091824,26.2314815037684],[-80.1512450922871,26.2314765044372],[-80.1507310919663,26.2314805037223],[-80.1503440912068,26.2314845039068],[-80.1494050910721,26.2314995045985],[-80.1491930902889,26.2315005037453],[-80.1486800900141,26.2315045048291],[-80.1485370906142,26.2315045039298],[-80.1481100907081,26.2315085041142],[-80.1479680895556,26.2315105042065],[-80.1478060892796,26.2315105042065],[-80.1473210893967,26.2315145043909],[-80.1471600900661,26.2315165044831],[-80.1470030891212,26.2315175045293],[-80.1465360891692,26.2315205046676],[-80.1463800891697,26.2315225047598],[-80.1462280884555,26.2315225038605],[-80.1457750882497,26.2315265040449],[-80.1456240884809,26.2315285050365],[-80.1454250891965,26.2315265040449],[-80.1452460890358,26.2315255048982],[-80.1448310878844,26.2315255039988],[-80.1446330877468,26.2315265040449],[-80.1444410878859,26.2315275049904],[-80.1438650874038,26.2315345044139],[-80.1436740866897,26.2315375045522],[-80.1435750875202,26.2315385045983],[-80.1433820867139,26.2315405046906],[-80.1432800874061,26.2315405046906],[-80.1431820873834,26.2315415038374],[-80.1427510863935,26.2315425047828],[-80.1427320864166,26.2315425038835],[-80.1414610862601,26.2315465049673],[-80.141170085431,26.2315475041141],[-80.1410710853623,26.2315485050595],[-80.1410240858928,26.2315495051056],[-80.1409310852014,26.2315505042524],[-80.1406340858943,26.2315575045752],[-80.1405350858255,26.2315605047136],[-80.1403780848807,26.2315635048519],[-80.1399080856896,26.2315765045521],[-80.1397520847908,26.2315805047365],[-80.1395380848147,26.2315825048288],[-80.1388970840331,26.2315925052899],[-80.1386840841031,26.231595504529],[-80.1386000838268,26.231595504529],[-80.138349083943,26.2315995047134],[-80.1377160835304,26.2315995047134],[-80.1374560832316,26.2315985046673],[-80.1373200841545,26.2315985046673],[-80.136619083304,26.231604504944],[-80.1366110838344,26.2314375053367],[-80.136530082797,26.2314375044373],[-80.1363510826363,26.2314385053828],[-80.1363510835357,26.231607504183],[-80.1363030822214,26.2316075050824],[-80.1357520828923,26.231604504944],[-80.1355010821092,26.2316045040447],[-80.134780082135,26.2316145054052],[-80.1346400828735,26.2316155054513],[-80.1344860811677,26.231616504598],[-80.1342230825292,26.2316195047364],[-80.1339440822535,26.2316235049209],[-80.1334350812639,26.2316315052898],[-80.1331730808729,26.2316355054742],[-80.1330860813575,26.2316355045749],[-80.1329430810583,26.2316365046211],[-80.1328290802978,26.2316385056126],[-80.1327430808285,26.2316395056587],[-80.1326550812669,26.2316395047594],[-80.132394080922,26.2316425048977],[-80.1323070805073,26.2316435049438],[-80.132111080462,26.2316445049899],[-80.1315260804642,26.2316495052206],[-80.1313320796118,26.2316515053127],[-80.1311370796125,26.231653505405],[-80.1305560797992,26.2316595047824],[-80.1303620798461,26.2316615057739],[-80.1295340794342,26.2316705052896],[-80.1283620775478,26.2316835058891],[-80.1271650781058,26.2317005048744],[-80.1270510773453,26.2316985047822],[-80.1262240769796,26.2316885052204],[-80.1261430777408,26.231684505036],[-80.1260860769109,26.2316825049437],[-80.1259010764734,26.2316745054741],[-80.1258210763816,26.2316715053357],[-80.1257470774656,26.2316685051974],[-80.1255280772589,26.2316595047824],[-80.1254550765905,26.231656504644],[-80.1252250758765,26.2316465050822],[-80.1245370765248,26.2316175046442],[-80.124308075857,26.2316085051284],[-80.1239820752126,26.2316115052668],[-80.1230030750319,26.231622505774],[-80.1226780744336,26.2316265050592],[-80.1224430743884,26.2316295051975],[-80.1217370742066,26.2316385056126],[-80.1215030742075,26.2316425057971],[-80.1213170746233,26.2316435049438],[-80.1207580740259,26.2316465059815],[-80.1205730735884,26.2316485060737],[-80.1204260731047,26.2316495052206],[-80.1199840734062,26.2316555054972],[-80.119838073868,26.2316575055895],[-80.1195950734539,26.2316605057278],[-80.1188660722114,26.2316705052896],[-80.1186240718434,26.2316745054741],[-80.1184240725129,26.2316765055663],[-80.1178270719618,26.231682505843],[-80.1176290718242,26.2316855059814],[-80.1176270717319,26.231561505659],[-80.1154490711177,26.2315895051516],[-80.113471069834,26.2316155063506],[-80.1125710696991,26.2316195056357],[-80.1116080684575,26.2316235058202],[-80.1107430672387,26.2316285060508],[-80.1107460682764,26.2317585057505],[-80.1107030680921,26.2317575057044],[-80.1105760685307,26.2317565065576],[-80.1105340674932,26.2317565065576],[-80.1103290670328,26.2317585057505],[-80.1097150674963,26.2317665061194],[-80.109511067082,26.2317695053584],[-80.1093480676591,26.2317715054507],[-80.1088600667387,26.2317765065806],[-80.1086980664626,26.2317795058196],[-80.1086560663244,26.2317795058196],[-80.1085330669474,26.2317795058196],[-80.1084920668554,26.2317795058196],[-80.1083300665793,26.2317825059579],[-80.1078470667887,26.2317935064652],[-80.1076860665587,26.2317985066958],[-80.1075250654294,26.2317975057504],[-80.1070420656388,26.2317955065574],[-80.1068810654088,26.2317955065574],[-80.1068320649478,26.2317965057042],[-80.1066840653173,26.2318015059348],[-80.1066360658018,26.231803506027],[-80.1064930646032,26.2318025059809],[-80.1060660646971,26.2318025059809],[-80.1059240653433,26.2318025059809],[-80.1057180657361,26.2318055061192],[-80.105101065162,26.2318135055889],[-80.1048960638022,26.2318175066727],[-80.1046910642412,26.2318195058655],[-80.1040760637593,26.2318265061884],[-80.103872063345,26.2318295063267],[-80.1036750632535,26.2318315064189],[-80.1030870631174,26.2318385067417],[-80.1028910630721,26.2318415059807],[-80.1027550639949,26.231843506073],[-80.1026890636493,26.2318445061191],[-80.1020830626831,26.2318555066264],[-80.1018820633066,26.2318595068108],[-80.1016880624541,26.2318615060037],[-80.1011080626869,26.2318695063727],[-80.1009150618806,26.2318735065571],[-80.1007290622964,26.2318745066033],[-80.1001710617451,26.2318785058884],[-80.0999860613076,26.2318805068799],[-80.0997940623461,26.2318805068799],[-80.0992180609647,26.2318805068799],[-80.0990270611499,26.2318815069261],[-80.0988090609893,26.2318835061189],[-80.0981570605998,26.2318915064879],[-80.0979400604854,26.2318955066723],[-80.0976700606248,26.2318995059575],[-80.0968610601897,26.2319115065109],[-80.0965920594759,26.2319165067415],[-80.0962420595234,26.2319155066953],[-80.0951940588587,26.2319145066492],[-80.094845058053,26.2319145066492],[-80.0943090585162,26.2319135075024],[-80.0939150583332,26.2319135066031],[-80.0938360573881,26.2319135066031],[-80.0936030583345,26.2319135066031],[-80.0935250583348,26.2319135066031],[-80.0933820580355,26.231912506557],[-80.0929530571378,26.231912506557],[-80.0928100568386,26.231912506557],[-80.0927140569082,26.2319155066953],[-80.092428057209,26.2319235070643],[-80.0923330573247,26.2319275063494],[-80.0921530571179,26.2319475072717],[-80.0920530570029,26.2319485073178],[-80.0912110559455,26.2319625070641],[-80.090931056523,26.2319685073408],[-80.0907200557859,26.2319685064415],[-80.0900890554655,26.2319685064415],[-80.0898790556739,26.2319685064415],[-80.0898160563659,26.2319555067413],[-80.0896300558823,26.2319445071333],[-80.0895680557211,26.2319395069028],[-80.0894210552375,26.2319185068337],[-80.0889810547318,26.2318575067186],[-80.0888350551936,26.2318375066956],[-80.0888320550553,26.2318525064881],[-80.0888250547325,26.2318975067646],[-80.0888230546402,26.2319135066031],[-80.084601053296,26.2318785067877]]]},"properties":{"OBJECTID":3,"DISTRICT":3,"DISTRICT_NAME":"SCHOOL BOARD: DISTRICT 3","JURISDICTION":"School Board District 3","TENEX_NAME":"SCHOOL BOARD DIST 3","OFFICE_HOLDER":"Sarah Leonardi","DISTRICT_WEBSITE":"https://www.browardschools.com/Domain/12453","OFFICE_HOLDER_WEBSITE":"https://www.browardschools.com/school-board/district-3","OFFICIAL_MAP":"https://resources.finalsite.net/images/v1760712168/browardschoolscom/y8mrxy0xhrr59xuxmq1c/District3.pdf","ESRI_MAP":"https://bcgishub.broward.org/hbm/rest/services/SOE/SchoolBoardMunicpalDistricts2022/FeatureServer","ESRI_LAYER":"https://bcgis.maps.arcgis.com/home/item.html?id=0e1537af2caa4c5fbd5ee9e688b0c2d9&sublayer=17","Shape__Area":219288259.36914062,"Shape__Length":87992.58268426325}},{"type":"Feature","id":4,"geometry":{"type":"Polygon","coordinates":[[[-80.2030691268387,26.3278345512236],[-80.203031126885,26.3261845497772],[-80.2030051274846,26.3254355494111],[-80.2029571261704,26.323177548705],[-80.2029121267932,26.3206885472387],[-80.2028211261939,26.3179915451737],[-80.2028011270703,26.317617545913],[-80.2027981260326,26.3174625450604],[-80.2027131266095,26.3153795443305],[-80.2026941266326,26.3149845441015],[-80.2026131255952,26.3120285435825],[-80.2026111264023,26.3103685425742],[-80.2025871261949,26.3087925418424],[-80.2025271261259,26.3048445396438],[-80.2025341255494,26.3045295395067],[-80.2025211249499,26.303421538773],[-80.2025121254342,26.3026475381534],[-80.2024971256418,26.3020875375099],[-80.2024971247425,26.3020535386399],[-80.2024931254574,26.301771538226],[-80.2024911253651,26.3016375383418],[-80.2024891252728,26.3014555371434],[-80.2024871251807,26.3011355376749],[-80.2024851250884,26.3008155373072],[-80.2024871251807,26.3003245371477],[-80.2024881252268,26.3002905373784],[-80.2024891261722,26.3002515364793],[-80.2024911253651,26.2998415364578],[-80.2024931254574,26.2996475365047],[-80.2024931254574,26.2995855363435],[-80.2024941255035,26.2993915372896],[-80.2024961255957,26.2992035367139],[-80.2024921254112,26.2988195360928],[-80.2024911253651,26.2985645369239],[-80.202473124535,26.2982985363484],[-80.2024621258264,26.2981465356341],[-80.2024511253192,26.2979845362574],[-80.2023971255269,26.2975305360055],[-80.2023311251812,26.296959535754],[-80.2023111251582,26.296806535893],[-80.2022911251353,26.2966535351326],[-80.2022261248358,26.2959515351353],[-80.2021601244901,26.2949825345164],[-80.2021371243288,26.2944295341957],[-80.2021331250436,26.2943145342884],[-80.2021181243519,26.2933575333236],[-80.2021171252051,26.2932785332777],[-80.2021111240291,26.2929365336941],[-80.2021091248362,26.2928235329797],[-80.2021021245134,26.2924385332118],[-80.2020831245365,26.2912845330548],[-80.2020771242599,26.2909005315344],[-80.2020621244674,26.2899655324834],[-80.2020531240524,26.2894015316554],[-80.2020531240524,26.2871635309722],[-80.2020541240985,26.2862295301687],[-80.2020511239602,26.2860445297313],[-80.2020411243983,26.2854365295722],[-80.2020051245368,26.283057528682],[-80.2019931248828,26.2822645280855],[-80.2019861236606,26.2818325279488],[-80.2019721239143,26.2808495266843],[-80.2019681237299,26.2805375275849],[-80.2019621243525,26.280106526595],[-80.2019601242603,26.2799335267109],[-80.2019591242142,26.2798285263655],[-80.2019511238453,26.2789365257001],[-80.2019471236608,26.2784055263939],[-80.2019391232919,26.2781075261415],[-80.2018671244682,26.2754275239611],[-80.2018671235688,26.2742585240117],[-80.2018691236611,26.2741825241043],[-80.2018721237994,26.2740855241277],[-80.2018101236383,26.2718615222915],[-80.201799123131,26.2709445222719],[-80.2017941237997,26.270507522804],[-80.2017861234308,26.2696765213544],[-80.2017531228083,26.2681945213601],[-80.2017341228315,26.2672785204874],[-80.2017341237308,26.2670685206957],[-80.2017351237769,26.2669365200044],[-80.2017411231542,26.2659095194089],[-80.2017431232465,26.265568518972],[-80.2017381230159,26.2647895190211],[-80.2017241232696,26.2626075182225],[-80.2017241232696,26.2624545183614],[-80.2017201230852,26.2616765175573],[-80.2017181229929,26.2614875178347],[-80.2017151228546,26.2609205168684],[-80.2017141228085,26.2607315171459],[-80.2017111235695,26.2603945168935],[-80.2017111235695,26.2603245172627],[-80.2017031223012,26.259103516714],[-80.201701122209,26.2586975159776],[-80.2016971229239,26.2583715162326],[-80.2016851223704,26.2573955152908],[-80.201681122186,26.2570705155919],[-80.2016721226703,26.2565445147176],[-80.2016461223706,26.2549675139397],[-80.201638122901,26.2544425140109],[-80.2018121228311,26.2544505134804],[-80.2022851230599,26.2544725135957],[-80.2023351226678,26.2544765137801],[-80.202510122644,26.2544925136187],[-80.2027731230811,26.2545365138491],[-80.202832123104,26.2545505135954],[-80.2030071230802,26.2545945138258],[-80.2032461233099,26.2546645143559],[-80.2035501238391,26.254719513295],[-80.2037041237462,26.2547385141711],[-80.2037951234461,26.2547395142172],[-80.2039371236992,26.2547425143556],[-80.204035123722,26.2547425143556],[-80.2041241233296,26.2547435135024],[-80.204217124021,26.2547435144017],[-80.2046751244574,26.2547535139635],[-80.2046861240653,26.2547455135946],[-80.2049611250558,26.2547435144017],[-80.2057881254216,26.2547385141711],[-80.2060641246596,26.254737514125],[-80.2062061249127,26.2547365140789],[-80.206632125672,26.2547365131796],[-80.2067751250719,26.2547365131796],[-80.2070571254859,26.2547185141482],[-80.2072181257159,26.2547095137331],[-80.2076031263832,26.2546645143559],[-80.2079001265896,26.25461951318],[-80.207987126105,26.254607513526],[-80.2081791268651,26.2545685135261],[-80.2082151267266,26.2545605140565],[-80.2083261264495,26.2545385139413],[-80.2083631263571,26.2545315136185],[-80.2085851267022,26.254475513734],[-80.2092511277373,26.2543065131351],[-80.2094741272292,26.2542515132968],[-80.2095401266754,26.2542345134121],[-80.2097411269514,26.2541855129511],[-80.2098081273431,26.2541695131126],[-80.2098691274582,26.254153513274],[-80.2100541269963,26.2541075129514],[-80.2101161271575,26.2540935141044],[-80.2101361271805,26.2540875129284],[-80.2101981273416,26.2540735140815],[-80.2102191274108,26.2540685129516],[-80.2106541276858,26.2539575132287],[-80.21196212775,26.253626513253],[-80.2123991290166,26.2535175127231],[-80.2126051286237,26.2534685131614],[-80.213226128483,26.2533205126316],[-80.213433129935,26.253272513116],[-80.2138221298873,26.2531945131163],[-80.214023129264,26.2531645126322],[-80.2141371300245,26.2531485127937],[-80.214374130162,26.2531205133011],[-80.2146741305067,26.2531005132781],[-80.2149811302749,26.2530985131859],[-80.215822130387,26.2531165131167],[-80.2164231311226,26.2531295128168],[-80.2166651314906,26.2531345130474],[-80.2173941318337,26.2531505128859],[-80.2175261316256,26.2531535130243],[-80.2176371322478,26.2531555122172],[-80.2177011325013,26.2531565131626],[-80.2177501320629,26.2531585123555],[-80.2178551315091,26.2531615124939],[-80.2178961325005,26.2531615124939],[-80.2179611328,26.2531635116868],[-80.2183821324294,26.2531725130011],[-80.2196451331164,26.2531995124476],[-80.2200671336912,26.2532085119633],[-80.2203621329061,26.2532125130471],[-80.221248134194,26.2532245127011],[-80.2215441343543,26.2532295129317],[-80.2217691339383,26.2532325130701],[-80.2224461354807,26.2532425126319],[-80.2226721351109,26.253246511917],[-80.2229011348794,26.2532495120554],[-80.2229301344181,26.2532495120554],[-80.2235891360298,26.2532605125626],[-80.2238191349451,26.2532645127471],[-80.2242921360732,26.2533125122627],[-80.2248391361172,26.2533925123546],[-80.2254191358844,26.2535135125386],[-80.2261001367119,26.2536965119845],[-80.2265371379785,26.2538435124682],[-80.2269341374005,26.2540005125137],[-80.2270551375845,26.2540515121676],[-80.2276851378588,26.2543185127892],[-80.2279221379962,26.2544165128119],[-80.2286331393079,26.2547105128799],[-80.228870138546,26.2548095129487],[-80.2292251387291,26.2549565125331],[-80.2302921393707,26.2554005132231],[-80.2306481395999,26.255549513799],[-80.2313491404505,26.2558385136365],[-80.2334541412956,26.2567065140944],[-80.2338471414324,26.2568695144166],[-80.2340521418928,26.2569525137475],[-80.2341571422383,26.2569945138858],[-80.2341591414312,26.2569395140474],[-80.2341671418001,26.25680651331],[-80.2341691418923,26.2567765137252],[-80.2341721411314,26.2567225139329],[-80.2341191413852,26.2548055127643],[-80.2340601413624,26.2526605109738],[-80.2339861406479,26.2502445101761],[-80.2339781411782,26.2500095101308],[-80.2339831414088,26.2490555093044],[-80.2339941410168,26.247138509035],[-80.2339941410168,26.2470025090586],[-80.2339941410168,26.2468575086671],[-80.233996141109,26.2465965083222],[-80.2339971411551,26.246461508392],[-80.2339971411551,26.2462835082773],[-80.2340001412934,26.2458335073106],[-80.2340011413395,26.2457515080257],[-80.2340021404864,26.2455745079572],[-80.2340021413857,26.2455395081419],[-80.2340021404864,26.2454345077964],[-80.2340031414318,26.245400508027],[-80.2340031414318,26.2452665081429],[-80.2340061415701,26.2448675077293],[-80.2340071407169,26.244734506992],[-80.2340091408092,26.2442865070167],[-80.234016141132,26.2429465063762],[-80.2340171411781,26.2429215061227],[-80.234019140371,26.2424995064471],[-80.2340241406015,26.2416325060354],[-80.2340141410397,26.2411045050689],[-80.2339801412705,26.2391005043848],[-80.2338821412478,26.2381485036506],[-80.2338761400717,26.2378015038364],[-80.2338611402794,26.2373505037228],[-80.2338481405792,26.2369275031018],[-80.2338051403948,26.2355345036145],[-80.2338001401643,26.2353755025774],[-80.2337981400721,26.2353185026468],[-80.233795140833,26.2352145032468],[-80.2337891405563,26.2344555024196],[-80.2337641403028,26.2312185006334],[-80.23375713998,26.2302715001297],[-80.2337531397955,26.2302055006834],[-80.2337501405565,26.2301404994845],[-80.233746140372,26.2300745000382],[-80.2337421401876,26.2300084996925],[-80.2337331406719,26.2298725006154],[-80.2337301405335,26.2298065002698],[-80.2337301396342,26.2297744996935],[-80.233728139542,26.2295034997867],[-80.2337221401646,26.2285974993752],[-80.2337211401185,26.2282954998375],[-80.2335881402804,26.2282944997914],[-80.2334561404884,26.2282944988921],[-80.2331921400052,26.2282944988921],[-80.2330601393139,26.2282944997914],[-80.2325781395695,26.2282924987998],[-80.2320481385107,26.228291499653],[-80.2311321385373,26.2282904996069],[-80.2306501378935,26.2282904987076],[-80.2300051378268,26.2282874994686],[-80.2280701367274,26.2282794990996],[-80.2274251366607,26.2282774999068],[-80.2267771364557,26.2282744988691],[-80.2248331349412,26.2282674994456],[-80.2241851347362,26.2282654993534],[-80.2237271334005,26.2282634992611],[-80.2223531329906,26.2282604991228],[-80.2218951325543,26.2282594990767],[-80.2218121332234,26.2282584990306],[-80.221564133478,26.2282554988922],[-80.2214821332938,26.2282544997454],[-80.2213941328329,26.2282524996532],[-80.2211321324419,26.2282494995148],[-80.2210451320272,26.2282484994687],[-80.2209251327886,26.2279194995853],[-80.2208961332499,26.2278384994472],[-80.2207961322356,26.2274854993564],[-80.2207391323051,26.2271814997265],[-80.2207091327203,26.2269014985054],[-80.2206861325589,26.2265494984607],[-80.2206751320517,26.2261204984623],[-80.2206451315676,26.2248334984672],[-80.2206351320057,26.2244054976157],[-80.22062613249,26.224025497179],[-80.2206021322825,26.2228854976676],[-80.2205941319136,26.2225054972309],[-80.2205881316369,26.222335496586],[-80.2205741318906,26.2219064965876],[-80.2176791305874,26.2219004963109],[-80.2162101293939,26.2219004972102],[-80.2141561282027,26.2219034973486],[-80.2125741271942,26.2219004972102],[-80.212572127102,26.2218034963344],[-80.212572127102,26.2217634971877],[-80.2125711279551,26.2217084973493],[-80.2125681269175,26.2215454970271],[-80.2125681278168,26.2214914972349],[-80.2125631275862,26.221394496359],[-80.2125481268945,26.2211034964293],[-80.2125441267101,26.2210074964988],[-80.2125391273788,26.2209104965223],[-80.2125241266871,26.2206214957854],[-80.2125201274019,26.2205254967543],[-80.2125191273558,26.2204584963626],[-80.2125191273558,26.2202594961789],[-80.2125191273558,26.2201934967325],[-80.2125181273097,26.2201224961563],[-80.2125181273097,26.2200824961104],[-80.2108871258401,26.2200784959259],[-80.209550125338,26.2200824961104],[-80.2080551247442,26.2200814969636],[-80.2073461235248,26.2200804969174],[-80.2071831250012,26.2200814960643],[-80.2070741235719,26.2200814960643],[-80.2052161224261,26.2200804960181],[-80.2044091220833,26.2200794968713],[-80.2044091220833,26.2200124955802],[-80.2044081229365,26.2199284962032],[-80.2044071228903,26.2198774956499],[-80.204407121991,26.2198614967107],[-80.2044051218988,26.2197244966882],[-80.2044051218988,26.2196744961811],[-80.2044041218527,26.2196234956279],[-80.2044011217144,26.2194704957668],[-80.2044011217144,26.219420496159],[-80.2044001225676,26.2193814961591],[-80.2043991216221,26.2192644961596],[-80.2043991225215,26.2192264962059],[-80.2043971224292,26.2191714954682],[-80.2043961223831,26.2191494953529],[-80.2042131220379,26.2191504953991],[-80.2042111219457,26.2190874960911],[-80.204122122338,26.2157824947663],[-80.2041021223151,26.2150314934087],[-80.2041011213696,26.2150114942851],[-80.2035581215101,26.2150164945157],[-80.2029321214202,26.2150194937547],[-80.2029141205902,26.2143334935959],[-80.2029051210744,26.2139844936895],[-80.2029041210283,26.2139194933899],[-80.2028921213742,26.2133914933228],[-80.2028861210975,26.2130964932086],[-80.2028821209131,26.2129454925405],[-80.2017011204104,26.2129524928633],[-80.2011871209888,26.2129554930016],[-80.2011431198591,26.212946493486],[-80.2011091200898,26.2129274926098],[-80.2010891200668,26.2128984930711],[-80.2008091206444,26.2128994931172],[-80.1999691196791,26.2129044933478],[-80.1996901194034,26.2129074925867],[-80.1994441197503,26.2130044925633],[-80.199444118851,26.2130904929319],[-80.1993851197275,26.2150314943081],[-80.1992881188515,26.2150314943081],[-80.198926119245,26.2150324943542],[-80.1978391176811,26.2150374945847],[-80.1974781181206,26.2150394937777],[-80.1973981180287,26.2150394937777],[-80.1971611178912,26.2150404938238],[-80.1970831178916,26.2150414938699],[-80.1967651176161,26.215042493916],[-80.1958121168357,26.2150464932011],[-80.1956361168133,26.2150474941466],[-80.1956081164214,26.2128854933709],[-80.1956011169979,26.2122964922893],[-80.1955791168827,26.2107614925489],[-80.1955761167443,26.2105144919503],[-80.1955771167904,26.2103044912593],[-80.1955711165138,26.2099224916298],[-80.1960921171574,26.2093264911247],[-80.1965161169252,26.2088414903425],[-80.1967111178238,26.2086194908969],[-80.1979971177727,26.207115489888],[-80.1987071181389,26.2063364890378],[-80.1996251191039,26.2052134885117],[-80.2006351189156,26.2039814883551],[-80.2007231193764,26.2038754879634],[-80.2008181192608,26.2037614881023],[-80.2013711195814,26.2031034883354],[-80.2015551199728,26.2028844872294],[-80.2016961201797,26.2027144874837],[-80.2021231200859,26.2022044873473],[-80.2022661203851,26.2020354876477],[-80.2026041206836,26.2016314870036],[-80.2030801210507,26.2010644869366],[-80.203618121579,26.2004214869621],[-80.2037221209791,26.2002954865475],[-80.2039561209781,26.2000184854648],[-80.2038811211168,26.196468484533],[-80.2038741216933,26.1955704844903],[-80.2038661204251,26.1953704833612],[-80.2038561208632,26.1952794836613],[-80.2038501214859,26.194983483501],[-80.2038321206558,26.1940954830202],[-80.203831121509,26.1940274834816],[-80.2038331207019,26.1938844822831],[-80.2041661207698,26.1938844831824],[-80.2071821231564,26.1938764828135],[-80.2074121229711,26.1938784829057],[-80.2077941226007,26.1938774828596],[-80.2077981227851,26.1939544828132],[-80.2078291233154,26.1953504842375],[-80.2078331234998,26.1954624840065],[-80.2078271232231,26.1957264835904],[-80.2078421230156,26.1960154834279],[-80.2078671232691,26.197245485291],[-80.207875123638,26.1975084848287],[-80.2079741228075,26.1975074838833],[-80.2084241237743,26.1975084848287],[-80.2113791251465,26.1975044846443],[-80.2113801260919,26.1975734851283],[-80.2113791251465,26.198086485403],[-80.2114711257918,26.198086485403],[-80.2115371261374,26.1980864845037],[-80.211738125514,26.198086485403],[-80.2118051259058,26.1980874854491],[-80.2118051259058,26.1981434853336],[-80.211807125998,26.1983144851254],[-80.2118081260442,26.198371485056],[-80.2118091251909,26.1984924852401],[-80.2118121253293,26.1988554848928],[-80.2118141254215,26.1989774851229],[-80.2118121253293,26.1993994856978],[-80.2118071250987,26.200665486523],[-80.2118061259519,26.2010884862447],[-80.2122941259731,26.2010884862447],[-80.2137611270743,26.2010904863369],[-80.2142501271416,26.2010914863831],[-80.2144601269333,26.2010884853454],[-80.2150931273459,26.2010834860141],[-80.215304128083,26.201082485968],[-80.2156761281507,26.2010804858758],[-80.2167941284462,26.2010744864984],[-80.2171671285601,26.201073485553],[-80.2175451298039,26.2010964857143],[-80.2186811300301,26.2011664862444],[-80.2190601304207,26.2011904864518],[-80.2191701300974,26.2011894864057],[-80.2195001300269,26.2011874854142],[-80.2196111306491,26.2011874863135],[-80.2197051304873,26.2011864862674],[-80.2199881309475,26.2011854862213],[-80.2200831308318,26.2011854862213],[-80.2206221305069,26.2011804859907],[-80.2222401322762,26.2011644861522],[-80.2227801328968,26.2011604859677],[-80.2230241324577,26.2011594859216],[-80.2237581330314,26.2011584858755],[-80.2240031335377,26.2011584858755],[-80.2241741333295,26.2011574858293],[-80.2246891336965,26.2011564857833],[-80.2248611335344,26.2011564857833],[-80.2250201336722,26.201154485691],[-80.2254961340393,26.2011504864059],[-80.2256561342232,26.2011494854605],[-80.2257361334158,26.2011484854143],[-80.226164133368,26.2011334856219],[-80.2276881343998,26.2010804858758],[-80.2280031354363,26.2010694862678],[-80.2281961353434,26.2010634859911],[-80.2285711355494,26.2010634859911],[-80.2296961361677,26.2010644851379],[-80.2300711363738,26.2010654860834],[-80.2302581369034,26.2010664861295],[-80.2308221368321,26.2010694853685],[-80.2310101374078,26.2010704854146],[-80.2312371379835,26.2010694853685],[-80.2319201371046,26.2010694853685],[-80.2321481377263,26.2010694853685],[-80.2329671386225,26.2010634850918],[-80.233803138504,26.201056484769],[-80.2354271396507,26.201045485161],[-80.236247140593,26.2010404849305],[-80.2362971402008,26.2010404849305],[-80.2362961401547,26.2010244859913],[-80.2362931409157,26.2009764855764],[-80.2362931400164,26.2009614848847],[-80.2362851396475,26.2007694850238],[-80.2362631404316,26.2001944854871],[-80.2362561401088,26.200003484773],[-80.2362501398321,26.1998544850965],[-80.2362321408006,26.1994104844064],[-80.2362271396707,26.1992624847759],[-80.2362081405932,26.1990354842003],[-80.2361541408009,26.1983574835111],[-80.236137140017,26.1981314838809],[-80.2361231393713,26.1979544838124],[-80.2361021393023,26.1976944835137],[-80.2360841393715,26.1974584843217],[-80.2360811392331,26.1974264837453],[-80.236077139948,26.1973744840453],[-80.2360761399019,26.1972504828236],[-80.2360731397636,26.1968834829864],[-80.2360711405706,26.1966024835178],[-80.2360531397406,26.1957854827139],[-80.2360471394639,26.195495481931],[-80.2360461403171,26.1954204820697],[-80.2360441402249,26.1953364826926],[-80.2360381399482,26.1950844818634],[-80.2360361398559,26.1950014825325],[-80.2360301404786,26.1947514826948],[-80.2360151397869,26.1940004822365],[-80.2360141397407,26.1939124817757],[-80.2360111396024,26.1937514815457],[-80.2368071394379,26.1937494814534],[-80.2391971417347,26.1937424811306],[-80.2399941416163,26.1937414810846],[-80.240423142514,26.1937394818916],[-80.2407921424434,26.1937384818455],[-80.2431901442097,26.1937324806695],[-80.2439891441836,26.1937304805772],[-80.2448001447109,26.1937284813844],[-80.2472361455316,26.193725481246],[-80.2480481470044,26.193725481246],[-80.2484131467493,26.1937234811538],[-80.248834147278,26.1937214810616],[-80.2511951491368,26.1937104805543],[-80.2519831495027,26.1937074804159],[-80.25215014911,26.1937074804159],[-80.2528071497301,26.1937074804159],[-80.2552791504124,26.1937074813152],[-80.2561041515853,26.1937074804159],[-80.256801151352,26.1937054803237],[-80.2588931533963,26.1937004809925],[-80.2595911532091,26.1936994809463],[-80.2596951535085,26.1936984800009],[-80.2600071544066,26.193696480808],[-80.2601121538528,26.193696480808],[-80.2606361537354,26.1936994809463],[-80.2607921546342,26.1937004809925],[-80.2620351552981,26.1936994809463],[-80.2622081551822,26.1936974799548],[-80.2627321550648,26.1936924806236],[-80.2638061560293,26.1936924806236],[-80.2670291580691,26.1936924797242],[-80.2681041590797,26.1936934806696],[-80.2682421591483,26.1936934806696],[-80.2689001598145,26.1936924806236],[-80.2702501600168,26.1936904805313],[-80.2706401600153,26.193690479632],[-80.2712921604049,26.1936904805313],[-80.2720891602865,26.1936904805313],[-80.2728691620821,26.1936864794475],[-80.2752101621193,26.1936754798395],[-80.2760851628999,26.1936724806005],[-80.2767811644192,26.1936694795629],[-80.2791531649866,26.1936644802316],[-80.2799441654908,26.1936634792862],[-80.2808281666865,26.1936644793323],[-80.2834821676678,26.1936674794707],[-80.2836481672291,26.1936674794707],[-80.284211168011,26.1936694795629],[-80.2843671680104,26.193670479609],[-80.2846811681014,26.1936654793784],[-80.2856261685128,26.1936544797705],[-80.28594116865,26.1936514796321],[-80.2862981689253,26.1936464803008],[-80.2873731699358,26.1936324796553],[-80.2875031696356,26.1936314796092],[-80.2877311702572,26.1936284794708],[-80.2883421705547,26.193621479148],[-80.2901771715392,26.1936044792633],[-80.2907891718828,26.1935994790328],[-80.2908561722745,26.193598479886],[-80.2910611718356,26.1935964797938],[-80.2911291713741,26.1935964788944],[-80.2915371722027,26.1935944797015],[-80.2918391726396,26.1935994790328],[-80.2930751729808,26.1936054793095],[-80.294683174289,26.1936544788712],[-80.2948651736888,26.1936494786406],[-80.295048174034,26.1936564789634],[-80.2953531746093,26.1936584799549],[-80.295443174263,26.1936594791017],[-80.2954581749548,26.1936594791017],[-80.2955271745394,26.1936594791017],[-80.2965881758036,26.1936664794246],[-80.2973661766077,26.193670479609],[-80.2976305629001,26.1936723484002],[-80.2975991028163,26.2009388624386],[-80.297586169666,26.2038564097456],[-80.2975672038633,26.2082444232416],[-80.2975429131749,26.2183862299406],[-80.2974755404638,26.2288378521852],[-80.2974721778987,26.229119497367],[-80.2974735160898,26.2291519898725],[-80.2974719971349,26.2293875322089],[-80.29744461098,26.2366513608716],[-80.2974172104359,26.2439151814405],[-80.2973823410222,26.2511924864442],[-80.2973472009126,26.2584697815552],[-80.2973118314758,26.2657404198845],[-80.2972767021581,26.2730108225915],[-80.2972430540237,26.2802860393693],[-80.2972093915002,26.2875610196254],[-80.2971728655353,26.2948442322755],[-80.2971365787901,26.3021274386305],[-80.297091244865,26.3110761705289],[-80.2970693760508,26.3152275130394],[-80.2970631815206,26.3152675409643],[-80.2970688175718,26.3153335646923],[-80.2970617210216,26.3166808606333],[-80.2970501818204,26.3172805420634],[-80.297047181682,26.3177895421537],[-80.2970242147956,26.3241575516297],[-80.2970091133798,26.3272952295912],[-80.2969933635529,26.3305350516513],[-80.2969747583784,26.3343732259437],[-80.296974494877,26.3344293229549],[-80.2969351828124,26.3345795502061],[-80.2969151827894,26.3354755510559],[-80.2969727825678,26.3404251785792],[-80.2969700207498,26.3554987945338],[-80.2968861832507,26.3554405616327],[-80.283475175439,26.3514645590422],[-80.2834311752085,26.3514285591807],[-80.2701261677884,26.347433558412],[-80.2677631658374,26.3467155576769],[-80.2607181620135,26.3445775571086],[-80.2512301561467,26.3417275560819],[-80.2511351553631,26.3416995565893],[-80.2497751546996,26.3413655564753],[-80.2497751546996,26.341457549926],[-80.2350937303913,26.3370775772684],[-80.2348661461557,26.3370065542092],[-80.2347281460871,26.3369635549242],[-80.2322891451279,26.3362025540047],[-80.2303861437055,26.3356085535919],[-80.2277631423551,26.3347895535951],[-80.2273691412728,26.3346705535033],[-80.2273001416881,26.334667553365],[-80.2272451409505,26.3346655532727],[-80.2271011415044,26.3346655532727],[-80.2270361412049,26.334665554172],[-80.2268771410672,26.3346175537571],[-80.2264881411148,26.3345015538037],[-80.2262321410005,26.3344255529969],[-80.224844139945,26.3340125528371],[-80.2242961398549,26.3338505534603],[-80.2236271395808,26.3336515532766],[-80.2229101397911,26.3334385533466],[-80.2226251383394,26.3333535530241],[-80.2221916372342,26.3332268997017],[-80.2161454222734,26.3314210385502],[-80.2155071347464,26.3312295522021],[-80.2126581328665,26.3303755523899],[-80.2117521324549,26.3300925519298],[-80.2103271314919,26.3296625518853],[-80.2102511315844,26.3296435510091],[-80.2099031308248,26.329538551563],[-80.2088261297221,26.3292135509646],[-80.2087521299068,26.3291885516104],[-80.2080361301632,26.3289735515882],[-80.2076641291962,26.328862550966],[-80.207588130188,26.328842550943],[-80.2070701296827,26.328686551843],[-80.2063511289014,26.3284695508291],[-80.2052291284215,26.3281265511994],[-80.204383938368,26.3279076930856],[-80.2042133072982,26.3278567078208],[-80.2041863123484,26.3278565189632],[-80.2041671280105,26.3278515511083],[-80.2040881270653,26.3278315510852],[-80.2038521278733,26.3278075508778],[-80.203800127274,26.3278095509701],[-80.2031651267692,26.3278315510852],[-80.2031271268154,26.3278325511314],[-80.2030691268387,26.3278345512236]]]},"properties":{"OBJECTID":4,"DISTRICT":4,"DISTRICT_NAME":"SCHOOL BOARD: DISTRICT 4","JURISDICTION":"School Board District 4","TENEX_NAME":"SCHOOL BOARD DIST 4","OFFICE_HOLDER":"Lori Aldehaff","DISTRICT_WEBSITE":"https://www.browardschools.com/Domain/12453","OFFICE_HOLDER_WEBSITE":"https://www.browardschools.com/school-board/district-4","OFFICIAL_MAP":"https://resources.finalsite.net/images/v1760712164/browardschoolscom/tltipsvzkh1ghlqtfrdl/District4.pdf","ESRI_MAP":"https://bcgishub.broward.org/hbm/rest/services/SOE/SchoolBoardMunicpalDistricts2022/FeatureServer","ESRI_LAYER":"https://bcgis.maps.arcgis.com/home/item.html?id=0e1537af2caa4c5fbd5ee9e688b0c2d9&sublayer=17","Shape__Area":178481741.40429688,"Shape__Length":69064.57531116872}},{"type":"Feature","id":5,"geometry":{"type":"Polygon","coordinates":[[[-80.2038331207019,26.1938844822831],[-80.203834120748,26.1937994828599],[-80.2038371208863,26.1935234827226],[-80.2038381209325,26.1934474828151],[-80.203845120356,26.1926834817573],[-80.2038491214398,26.1923944828192],[-80.2038541207711,26.1920434819212],[-80.2038491205404,26.1917284826834],[-80.203837119987,26.1907844814187],[-80.2038331198026,26.1904704813277],[-80.2038311206097,26.1903834818123],[-80.203825120333,26.190122480568],[-80.2038241202869,26.1900354810526],[-80.2038151207712,26.1896034809159],[-80.2037901205176,26.1883084796527],[-80.203782121048,26.1878774795621],[-80.2037811210019,26.1878544794008],[-80.2037801200565,26.1878054798391],[-80.2037801200565,26.1877854798161],[-80.2037801209558,26.1877624796547],[-80.2037791200103,26.1877284798855],[-80.203776119872,26.1876264805776],[-80.203776119872,26.1875934799552],[-80.2037751198259,26.1875504797709],[-80.2037721205868,26.1874224801634],[-80.2037721205868,26.1873804791259],[-80.2037711196414,26.1873244801407],[-80.2037671203563,26.1872134795185],[-80.2037531197107,26.1867124788978],[-80.2037491204255,26.1865464793366],[-80.2037461202872,26.1863224788993],[-80.2037371207714,26.1856534786252],[-80.2037351197799,26.1854304791333],[-80.203733120587,26.1853774784879],[-80.2037291204026,26.1852184783501],[-80.2037281203565,26.1851664786501],[-80.2037271203103,26.1851274786503],[-80.2037251202181,26.185033478812],[-80.203523119896,26.1850304786737],[-80.200066117857,26.1850114786968],[-80.1971921166228,26.1849964789044],[-80.1972261163921,26.1862214787383],[-80.1972211161615,26.1863074800062],[-80.1969551164854,26.1863064790608],[-80.1968801166241,26.186305479914],[-80.1965881157489,26.1863044798679],[-80.1965121158414,26.1863034789225],[-80.196284116119,26.1863034798218],[-80.1962091162576,26.1863034798218],[-80.1961091161427,26.1863024797757],[-80.1958431164666,26.1863014797295],[-80.1958121159363,26.1863014797295],[-80.1957131149683,26.1863014797295],[-80.195628115545,26.1863004796834],[-80.1955451162141,26.1863004796834],[-80.1955001159375,26.1863004796834],[-80.1954561157071,26.1863004787841],[-80.1953681152463,26.1863004796834],[-80.1952861159615,26.1863004796834],[-80.195265114993,26.1863004796834],[-80.1948911148331,26.1862974795451],[-80.194007115436,26.1862914792684],[-80.1935811137773,26.1862894800755],[-80.1933801144007,26.1862874790839],[-80.192778113619,26.1862844789456],[-80.1925781142885,26.1862834797988],[-80.1924851144964,26.1862824797527],[-80.1922061142208,26.1862804796605],[-80.1921141135754,26.1862804796605],[-80.1919611137144,26.1862794796144],[-80.1915021132319,26.186276479476],[-80.1913491133708,26.1862754803292],[-80.1909391133494,26.1862754794299],[-80.1897681124084,26.1862754803292],[-80.1897121125239,26.1862754794299],[-80.1894651119254,26.1862754794299],[-80.1894631118331,26.1862124792226],[-80.1894611126402,26.186002479431],[-80.1894081119948,26.1839784787239],[-80.1892741112112,26.1839794778706],[-80.1889041112357,26.1839804788161],[-80.1880901114694,26.1839834789544],[-80.1879821109856,26.1840014788852],[-80.187876110594,26.1840434781241],[-80.1878091111016,26.1840594788619],[-80.187764110825,26.1840704784698],[-80.1874431113105,26.1841044791384],[-80.1873161099505,26.1841074783775],[-80.1854611098423,26.1841214790231],[-80.1848471085072,26.1841434791383],[-80.1844901091312,26.1841564788385],[-80.1834551081667,26.1841734787231],[-80.1834791083741,26.1861214795227],[-80.1811881070454,26.1861104799148],[-80.1811031076223,26.1860344800073],[-80.1809981072768,26.1860354800534],[-80.1774441052612,26.1860934800301],[-80.1767011042725,26.1861244805604],[-80.1762481040667,26.1861424795918],[-80.1758551039298,26.1861644806064],[-80.1756711035385,26.186164479707],[-80.175462103793,26.1861634805603],[-80.1751931039785,26.186161480468],[-80.1751501028949,26.1859634794311],[-80.1750811042095,26.1857534805387],[-80.1749931037487,26.1855554795018],[-80.1749491035183,26.1854844798249],[-80.1748741036569,26.1853624795948],[-80.1747871032422,26.1852384792725],[-80.1746771035654,26.185041479181],[-80.1744061027594,26.1847384795972],[-80.174218103083,26.1845544792059],[-80.173795102462,26.1842524787689],[-80.1736961032925,26.1841844792304],[-80.1736071027855,26.1841234791153],[-80.1732351018185,26.1839444789546],[-80.1730651029721,26.1838804796005],[-80.1727901028809,26.1837794794395],[-80.1725471015674,26.1837014785404],[-80.1722111022605,26.1836414784715],[-80.1718491008553,26.1835864786331],[-80.171449101295,26.1835034793022],[-80.1710421005125,26.1834194790258],[-80.1710331009968,26.1831894792111],[-80.1710301017578,26.1831024787964],[-80.1710101017348,26.1826064784063],[-80.1710021004665,26.1823834789145],[-80.1710041014581,26.181118477236],[-80.1710061015503,26.1806234777913],[-80.1710051006049,26.1804414774922],[-80.1710051006049,26.1798984776327],[-80.1710051006049,26.1797174764804],[-80.1710041005588,26.1794274774961],[-80.1710021013658,26.1787514768992],[-80.1710021013658,26.1785574760467],[-80.1710021013658,26.1782674761632],[-80.1710011013197,26.1779884767868],[-80.1710011004204,26.177909476741],[-80.1710021004665,26.1771514759599],[-80.171003101412,26.1769854763987],[-80.171003101412,26.1768724756843],[-80.1710041005588,26.1764294750403],[-80.171006100651,26.1751014749532],[-80.1710081007432,26.1746594743553],[-80.1710081007432,26.1745554740559],[-80.1710080998439,26.1742434740571],[-80.1710091007893,26.1741404747032],[-80.1710041005588,26.1739594744502],[-80.1709921009047,26.1734164736914],[-80.1709910999593,26.1733634739452],[-80.1709891007664,26.1732994745912],[-80.1709880998209,26.1732364734845],[-80.1709871006741,26.1731694739921],[-80.1709851005819,26.1731014735542],[-80.1709841005357,26.1730734731623],[-80.1709721008817,26.1725884732795],[-80.1709691007434,26.1724264730034],[-80.1709651005589,26.1723384725425],[-80.1709561010432,26.1720754730047],[-80.1709531000055,26.1719884734893],[-80.1709401003054,26.1716444729141],[-80.170926100559,26.1697544720913],[-80.1709241004668,26.1696634723914],[-80.1709211003285,26.1693914724386],[-80.1709201002824,26.1693014718855],[-80.1709181001901,26.1692204717474],[-80.1709151009511,26.1689804714716],[-80.1709141000057,26.1689004713797],[-80.1709100998212,26.1687294715879],[-80.1709001002594,26.1682174713592],[-80.170897100121,26.1680474716136],[-80.1706980999373,26.1680564711293],[-80.1701420994783,26.1680844715212],[-80.1701020994323,26.1680904717979],[-80.1700241003319,26.168102471452],[-80.169907099433,26.1681274708062],[-80.1699050993408,26.1679924717752],[-80.1699000991103,26.167587471085],[-80.1698990999634,26.1674534703014],[-80.169898099018,26.1674434716389],[-80.169898099018,26.167406470832],[-80.1698940997329,26.1672724709478],[-80.1698850993179,26.1668734705343],[-80.1698830992256,26.1667404706962],[-80.1697110993877,26.1667714703271],[-80.1691980991129,26.1668674711569],[-80.169028098468,26.166899470834],[-80.1690200989983,26.1667324712266],[-80.1689960987909,26.1662324706521],[-80.1689890984681,26.1660664701915],[-80.1689840982375,26.1659964696614],[-80.1689720985834,26.165786470769],[-80.1689680992983,26.165716470239],[-80.166954098153,26.1657954693854],[-80.1669530981069,26.1656474706543],[-80.1663230969333,26.1656694698702],[-80.1619780953128,26.1658234706767],[-80.1619070947366,26.1659984706529],[-80.161850094806,26.1660004707452],[-80.1616810951064,26.166007471068],[-80.1616250943226,26.1660104712063],[-80.1615870943689,26.1660114703531],[-80.1614750945999,26.1660164705837],[-80.1614380946923,26.1660184706759],[-80.1613740944389,26.1660214699149],[-80.1613090950387,26.1660234709065],[-80.1612770944623,26.1660244709526],[-80.1607970939107,26.1660454701224],[-80.1606380946723,26.1660524704452],[-80.1605300941885,26.1660564706297],[-80.1602070945817,26.1660724704682],[-80.160100094144,26.1660774706988],[-80.1601820943281,26.1659204706533],[-80.1602390942588,26.1658134702155],[-80.1602470946277,26.1657994704692],[-80.1607500935419,26.1650014705415],[-80.1608490945101,26.1648464696889],[-80.1609230943253,26.164738469205],[-80.1608830942793,26.164694469874],[-80.1607630941414,26.1645644701742],[-80.1607230940955,26.1645214699899],[-80.1606940936575,26.1644754696672],[-80.1606090933349,26.1643374695986],[-80.1605810938424,26.1642914701753],[-80.1605720943267,26.1642704701061],[-80.1605270940501,26.1642974695526],[-80.1604400936354,26.164349470152],[-80.1603700940046,26.1642524692761],[-80.1602470937283,26.1640844696227],[-80.1602190942358,26.1640304698304],[-80.1601970941206,26.1639884696922],[-80.1599810931529,26.1637004699008],[-80.1594800934315,26.1630054684277],[-80.1586440926507,26.1618464680401],[-80.1584200922134,26.1615364681335],[-80.157967092907,26.1609074679054],[-80.1575560919401,26.1603384677462],[-80.1574910925398,26.1602484680924],[-80.1551400911422,26.156989466191],[-80.1550780900818,26.1569024657762],[-80.155060090151,26.156877466422],[-80.1550420911196,26.1568534662146],[-80.1550050894133,26.1567964662839],[-80.1549930897593,26.1567614655692],[-80.1549720905895,26.1564754658701],[-80.1549410900592,26.1563704655246],[-80.1549140897134,26.1563034651329],[-80.1549050901977,26.1562674661707],[-80.1548660901979,26.1562054660095],[-80.1548390898521,26.1561774656176],[-80.1547530903828,26.1561034658023],[-80.1546160903603,26.1559754661948],[-80.1545570903374,26.1559254656877],[-80.1545310900377,26.155898465342],[-80.1545140901531,26.1558654656188],[-80.1544870898073,26.1558444655497],[-80.1544510899458,26.1558294657573],[-80.1543890897846,26.1558094657343],[-80.1543570901076,26.1557994661725],[-80.1543560900615,26.1556934648815],[-80.1543510898309,26.1553994648135],[-80.1543460896003,26.1550244655068],[-80.1543660896233,26.1542014644261],[-80.1543760900845,26.1538024649119],[-80.1543680897155,26.1533574641757],[-80.1543440895081,26.1520224637657],[-80.1543360900385,26.151578463975],[-80.1515590878815,26.1516654643897],[-80.1514750885045,26.1515134636755],[-80.151439088643,26.1507744628712],[-80.1514280881357,26.1504214627803],[-80.1513960884587,26.1493634625538],[-80.1513860879975,26.1490114625091],[-80.1513750883896,26.1486584615188],[-80.1513420877671,26.1476024613845],[-80.1513310881592,26.1472504613397],[-80.1513190876058,26.1468974612489],[-80.1512830877443,26.1458424602614],[-80.1512710871909,26.1454904611159],[-80.1512560873985,26.1451404602641],[-80.1512130872142,26.1440934596455],[-80.1511990874679,26.1437444597391],[-80.1511870869145,26.1433994600171],[-80.1511530871452,26.142367459191],[-80.1511420875373,26.1420234586158],[-80.1511290878371,26.1416614590092],[-80.1510930870763,26.1405754583907],[-80.1510810865229,26.1402144579309],[-80.1510690868688,26.1398604577939],[-80.1510360871457,26.1387994574291],[-80.1510250866384,26.1384464564389],[-80.1510190863617,26.1380744563711],[-80.1510040874686,26.1369594553146],[-80.151001086431,26.1367244561688],[-80.1510000863848,26.1365884561923],[-80.1509130868694,26.1365934555236],[-80.1509890867769,26.1362274557325],[-80.1509540860622,26.134847455046],[-80.1508670865468,26.1330934541996],[-80.1507890865471,26.1313254536069],[-80.1507170859247,26.1295184521149],[-80.1507110865473,26.1291414518166],[-80.1506930857173,26.1280124519131],[-80.1506880854867,26.1276364507616],[-80.1506710856021,26.1272824506246],[-80.1506210859943,26.1262194510668],[-80.1506050861557,26.1258664500767],[-80.1506000859252,26.1256814505385],[-80.150587086225,26.1251264501256],[-80.1505830860406,26.1249414496882],[-80.1505790867554,26.1247404494123],[-80.1505680862481,26.1241384495299],[-80.1505650861098,26.1239384501994],[-80.1505590858331,26.1237574490471],[-80.1505410859024,26.1232144491875],[-80.1505350856257,26.1230334489346],[-80.150529085349,26.1228494494426],[-80.1505110854182,26.1222974482687],[-80.1505090862253,26.1222574482227],[-80.1514640861986,26.1222364490529],[-80.1520040868191,26.1222224493067],[-80.1534810874822,26.1221874485919],[-80.154841089045,26.1221544479694],[-80.1558900888565,26.1221134478774],[-80.156208089132,26.1221064484539],[-80.1562040889475,26.121975448708],[-80.1564470893616,26.1219694484313],[-80.1571750896586,26.1219524476474],[-80.1574190901189,26.1219474483161],[-80.1574540908336,26.1219454482239],[-80.1575580902336,26.1219424489849],[-80.1575940900951,26.1219414489387],[-80.1579640900707,26.1219314475783],[-80.1590730908504,26.1219034480857],[-80.1594440917714,26.12189444857],[-80.1596460911941,26.121888447394],[-80.1602530922064,26.1218704483625],[-80.1604560916753,26.121865448132],[-80.1606900916743,26.1218644489852],[-80.1613930917178,26.1218634480397],[-80.161628091763,26.1218634480397],[-80.1617920930306,26.1218604488007],[-80.1622860924292,26.1218534475786],[-80.1624510928436,26.1218514474863],[-80.1625780933043,26.1218494482934],[-80.1629550927033,26.1218464481551],[-80.1630210930489,26.121845448109],[-80.1630860933485,26.121845448109],[-80.163119093971,26.1219644482008],[-80.1632780941087,26.1219664473937],[-80.1637030939226,26.121966448293],[-80.164576094611,26.1218934476246],[-80.1654580948152,26.1218314474634],[-80.1657440945143,26.1218244480399],[-80.1668810947867,26.1218004478325],[-80.1672450953848,26.1217954485012],[-80.1679330956358,26.1217874481323],[-80.1679740957279,26.121787447233],[-80.1685760965096,26.1217804478094],[-80.1689840973382,26.1217834479478],[-80.1693980966448,26.1217864480861],[-80.1694500972442,26.1217864480861],[-80.1698170970813,26.1217894473252],[-80.1701390975413,26.1217914483167],[-80.1706690977007,26.1217954476019],[-80.1712010979523,26.1218004469331],[-80.1722550979944,26.1217924474635],[-80.1722510987092,26.1216894472103],[-80.1722490995163,26.121626447003],[-80.1723260985706,26.1216244469107],[-80.1725570984313,26.1216204476256],[-80.172635098431,26.1216204476256],[-80.1728960987759,26.1216184475334],[-80.1736780997644,26.1216134473028],[-80.1739400992561,26.1216124472567],[-80.1741420995782,26.12160644698],[-80.1745410999917,26.1215974474643],[-80.1747481005444,26.1215904480408],[-80.1749501008664,26.1215844468648],[-80.1746540998068,26.1217294481556],[-80.1745670993921,26.1217724474405],[-80.1749571002899,26.121764447971],[-80.1759011006552,26.1217384476712],[-80.1780271015695,26.1216864470719],[-80.1790141030184,26.1216654479021],[-80.1799021025999,26.1216394476025],[-80.1807921040723,26.1216194475795],[-80.1816601045302,26.1215934472798],[-80.1825601046651,26.1215674469801],[-80.1834491060914,26.121546446911],[-80.1843291053039,26.1215264468881],[-80.1852141065457,26.1215004474877],[-80.186195107718,26.1214744462887],[-80.1861961068648,26.1214094468885],[-80.186195107718,26.1213904460123],[-80.1861961077642,26.1213784463583],[-80.186198106957,26.1212614463587],[-80.1864801064717,26.1212544460359],[-80.187329107852,26.1212354469583],[-80.1876121083121,26.1212304467278],[-80.187706107251,26.1212274465894],[-80.1879911078033,26.121220447166],[-80.1880861076877,26.1212184461744],[-80.1884251080323,26.1212094466587],[-80.1894411090199,26.121183446359],[-80.1897811085113,26.1211754468894],[-80.1899071089259,26.1211724467511],[-80.1902881094087,26.121163446336],[-80.1904151089701,26.1211614462438],[-80.190452109777,26.1211614471431],[-80.1905661096382,26.1211614462438],[-80.190604109592,26.1211624462899],[-80.1907831088533,26.1211574469586],[-80.1913231094739,26.1211444463592],[-80.1915031096808,26.121140447074],[-80.1920081104859,26.1211284465206],[-80.193526111241,26.121091446613],[-80.1940321120923,26.1210804470051],[-80.1944421121137,26.1210704465439],[-80.1956741122704,26.121042446152],[-80.1960851132374,26.121033445737],[-80.1963821134438,26.1210264463135],[-80.1968631131421,26.1210174458985],[-80.1972461128178,26.1210094464289],[-80.1972751132558,26.1210084454834],[-80.1975731135083,26.121002446106],[-80.1976951137385,26.1209984468209],[-80.1979821134837,26.1209924465442],[-80.1980641136679,26.1209894464059],[-80.1981871139441,26.1209874463136],[-80.1982621138055,26.1209844461753],[-80.1984901135279,26.1209794459447],[-80.1985661143346,26.1209784467979],[-80.1987221143341,26.120973445668],[-80.1991911143784,26.1209604459678],[-80.1993481144239,26.1209574458295],[-80.1998771154365,26.1209444461293],[-80.2014651158224,26.1209064461756],[-80.2018311165128,26.1208974457606],[-80.2019951159818,26.1208944465216],[-80.2021521169267,26.1208914454839],[-80.2026251162561,26.1208834460143],[-80.2027831163477,26.1208814459221],[-80.203128116969,26.1208834460143],[-80.2041651171264,26.120889446291],[-80.2045111168945,26.1208924464293],[-80.2047721172394,26.1208914454839],[-80.2055581184124,26.1208914463832],[-80.2058201179041,26.1208914454839],[-80.2059591189181,26.1208904454377],[-80.2063791194008,26.1208874461987],[-80.2065201187084,26.1208874461987],[-80.2066231189617,26.1208864461526],[-80.2069321188222,26.1208864461526],[-80.2070361191215,26.1208864452533],[-80.2072841188669,26.1208844460604],[-80.2080281199018,26.1208784457837],[-80.2082761205465,26.1208764456915],[-80.2086241195075,26.1208754456454],[-80.2096701209792,26.1208744455992],[-80.2100191208857,26.1208744455992],[-80.21081012139,26.120872445507],[-80.2131861230411,26.1208654451842],[-80.2139781226922,26.1208644451381],[-80.2147931243032,26.120860445853],[-80.2171741252856,26.1208494453457],[-80.2172401256312,26.1208494453457],[-80.2180561254897,26.1208464452073],[-80.2180871251207,26.1208464452073],[-80.2181801258121,26.1208484452995],[-80.2182121254892,26.1208494453457],[-80.2184841263413,26.1208434459683],[-80.2193001261998,26.1208274452305],[-80.2195731270981,26.120823445046],[-80.2199511265432,26.1208224458992],[-80.2210851266772,26.1208184448154],[-80.2214641279671,26.1208184448154],[-80.2223081282175,26.1208154455764],[-80.2248421290609,26.1208084452536],[-80.2256871293575,26.1208074452075],[-80.2259941309244,26.1208084452536],[-80.2262201305546,26.1208094452997],[-80.2269181312667,26.1208114444926],[-80.2272271311272,26.1208124445387],[-80.2275001311261,26.1208134445848],[-80.2283211312152,26.1208174447693],[-80.2285951321596,26.1208194448615],[-80.2288501322278,26.1208174447693],[-80.2296161324785,26.1208114444926],[-80.2298721325928,26.1208104444465],[-80.2301531329606,26.1208054451152],[-80.2309991333033,26.1207894443774],[-80.231281132818,26.120785444193],[-80.231583133255,26.1207864442391],[-80.2324921338049,26.1207894452767],[-80.232795134288,26.1207904453228],[-80.2330701343791,26.1207934445619],[-80.233897134745,26.1208024440776],[-80.2340731347673,26.1208054451152],[-80.2341731348822,26.1208064451613],[-80.2342741350433,26.1208084443543],[-80.234349135804,26.1208084443543],[-80.2348781359172,26.120814444631],[-80.2350551350864,26.12081744387],[-80.2356471363063,26.1208194448615],[-80.2360561353823,26.1208224449999],[-80.2374251373602,26.1208244450921],[-80.2380181368275,26.1208254442389],[-80.2386851379088,26.1208224441006],[-80.2406891385928,26.1208154437778],[-80.2413571388209,26.1208134445848],[-80.241436139766,26.1208134436855],[-80.2422541397167,26.1208114444926],[-80.2432951400586,26.1208084443543],[-80.246421142122,26.1208014440315],[-80.24746314251,26.1208004439853],[-80.248169143591,26.1207994439392],[-80.248715143589,26.1207984438931],[-80.2488281443034,26.120797443847],[-80.2502181436524,26.1207624440316],[-80.2502241439291,26.1209264443999],[-80.2515861455841,26.1209214441694],[-80.2521071453285,26.1209084444692],[-80.2524231455117,26.1209054443308],[-80.2526091459953,26.1209044442847],[-80.2537411469363,26.1208964439158],[-80.2546931476706,26.1208964439158],[-80.2566321480551,26.1209084435699],[-80.2571631482606,26.1209104436621],[-80.2582951492017,26.1209154438927],[-80.2583971494089,26.120757443801],[-80.2584881491088,26.120757443801],[-80.2590801503287,26.120757443801],[-80.2592781495669,26.1207574429017],[-80.25931615042,26.120757443801],[-80.2594311494279,26.1207574429017],[-80.2594701503272,26.1207574429017],[-80.2595281503039,26.1209204432239],[-80.2608371504141,26.1209144438466],[-80.2609391506213,26.1209134438004],[-80.2609421507596,26.1207494434321],[-80.2616351512412,26.120748443386],[-80.2637181519711,26.1207474442392],[-80.2644121524988,26.1207474433399],[-80.2646081525441,26.1207464432938],[-80.2648101537656,26.1207444432015],[-80.2654621532557,26.1207414430632],[-80.2660051540146,26.1207384438242],[-80.2663161539673,26.1207374428787],[-80.2664041535288,26.120736443732],[-80.2664691538283,26.1207364428326],[-80.2664931540358,26.1207364428326],[-80.2665801544505,26.120736443732],[-80.2671081545177,26.1207374428787],[-80.26728415454,26.1207384429248],[-80.2673951542629,26.1207384429248],[-80.2677311553685,26.1207394429709],[-80.2678431551375,26.1207404430171],[-80.2678871544686,26.1207404439164],[-80.2680201543066,26.1207404430171],[-80.2680651554825,26.1207404430171],[-80.2681911549978,26.1207404430171],[-80.2685701553883,26.1207414430632],[-80.268697155849,26.1207424431093],[-80.2691121552017,26.1207424431093],[-80.2703591560502,26.1207424431093],[-80.2707751563483,26.1207424431093],[-80.2708961565324,26.1207424431093],[-80.2709241569243,26.1207404439164],[-80.2713721568995,26.1207234431324],[-80.2715221575215,26.1207184429019],[-80.2719641572201,26.1207184438012],[-80.2725431578404,26.1207204429941],[-80.2732911581604,26.1207214430402],[-80.2737341588044,26.1207224430863],[-80.2739551582039,26.1207214430402],[-80.2746221592852,26.1207184429019],[-80.2748441587309,26.1207184429019],[-80.2753541588673,26.120719442948],[-80.2768841601758,26.1207244422792],[-80.2773941612115,26.1207264432708],[-80.2775791598503,26.1207234431324],[-80.278138161347,26.1207154427635],[-80.2783241609312,26.1207134426713],[-80.2787411612755,26.1207074423946],[-80.2799931623545,26.1206904425099],[-80.2804111627449,26.1206854422794],[-80.2804391613382,26.1206844422333],[-80.2805231616146,26.1206834430865],[-80.2805521620526,26.1206834430865],[-80.2806271628133,26.1206814429942],[-80.2808551625357,26.120679442902],[-80.2809311624432,26.1206784428559],[-80.2813321629489,26.1206834430865],[-80.2823651629219,26.1206984428789],[-80.2824771635902,26.1207004429711],[-80.2825371636591,26.1207004429711],[-80.2825891633591,26.1207014421179],[-80.282939164211,26.1207064423485],[-80.2834461642091,26.1207014430173],[-80.2849681651487,26.1206884424178],[-80.2853061654471,26.1206864423255],[-80.2854761651928,26.1206854422794],[-80.2854661647317,26.1208334428092],[-80.2854531650315,26.1210344430851],[-80.2853841654468,26.1220824428505],[-80.2853831645014,26.1224334437485],[-80.2853861646398,26.1227584443468],[-80.2853931658619,26.1229654440001],[-80.285437165193,26.1240864435346],[-80.2854661647317,26.1245254448934],[-80.2854711649622,26.124562444801],[-80.2855161652388,26.1248524446846],[-80.2855721651233,26.1250854446376],[-80.2856621656763,26.1253894451668],[-80.2856931662066,26.1254684452126],[-80.2857491660911,26.1256114446125],[-80.2858851660676,26.1258994453032],[-80.2860611660899,26.1262054450253],[-80.2862391653052,26.1265444453699],[-80.2864261667341,26.1269014456453],[-80.2865091660651,26.127060445783],[-80.2867581667559,26.1275374461962],[-80.286842166133,26.1276974454807],[-80.2868991660636,26.1278054459646],[-80.2869041662942,26.1278144454803],[-80.2870181670547,26.128073445733],[-80.2870461665473,26.128142446217],[-80.2870921659706,26.1282564460782],[-80.2869611671241,26.1282884457552],[-80.2870491657863,26.1285684469763],[-80.2871221673541,26.1288744466984],[-80.2871621665008,26.1291944470661],[-80.2871781672386,26.1294584466501],[-80.2872221665697,26.1308494478438],[-80.2872761672613,26.1321954478617],[-80.2873021666616,26.1328814489198],[-80.2873041667539,26.1329474492654],[-80.2873061668461,26.1329964488271],[-80.287438166638,26.1329834482276],[-80.2874711672605,26.1334394494711],[-80.2875101663611,26.1339824484313],[-80.2875361666607,26.1348924499267],[-80.2875341665685,26.1350094490269],[-80.2875261670989,26.1355334498089],[-80.2875231669606,26.1356634504079],[-80.28751816673,26.1359994506142],[-80.2875131664994,26.1360554504987],[-80.2875021668914,26.1361864502445],[-80.2874971675602,26.1362384499446],[-80.2874601667533,26.1364754509813],[-80.2874021667765,26.1367274500118],[-80.2873651677683,26.1368894502879],[-80.2873071668922,26.1371694506097],[-80.2872261676535,26.1374824506546],[-80.2871361671004,26.1378714515063],[-80.2870821673081,26.1382314510207],[-80.2870801672159,26.1383454508819],[-80.2870751669854,26.1388974520558],[-80.28709216687,26.1395774519379],[-80.2871431674232,26.1416204535212],[-80.2871601664085,26.1423014534494],[-80.2871671667313,26.1426834539783],[-80.2871901668926,26.1438314538586],[-80.2871981672616,26.1442144544335],[-80.2871991673077,26.1444584548938],[-80.2872031674921,26.1449634547997],[-80.2872101669157,26.145191454522],[-80.2872181672845,26.1454364550284],[-80.287222167469,26.1455614553969],[-80.2872311669847,26.1458344544965],[-80.2872341680224,26.145936455603],[-80.2872391673537,26.1460624560176],[-80.2872391673537,26.146088455418],[-80.287242167492,26.1461664554176],[-80.2872431675381,26.146192454818],[-80.2872431675381,26.1462164559247],[-80.2872461676765,26.1462904548407],[-80.2872471668233,26.1463154550942],[-80.2872551680915,26.1464484558316],[-80.2872561672383,26.1464794554626],[-80.2872721670768,26.1467314553924],[-80.2872671677455,26.1468484553919],[-80.287262167515,26.1469824561755],[-80.2872531670999,26.1471874557366],[-80.2872401673998,26.1472914560359],[-80.2872241675612,26.1474304561507],[-80.2871801673308,26.1475994567496],[-80.2871291676769,26.1477614561264],[-80.2870501676311,26.1479824555259],[-80.2869581678851,26.1481744562862],[-80.2869311675393,26.1482324571622],[-80.2867871680933,26.1484324564927],[-80.2867571676092,26.1484784568154],[-80.2867211668483,26.1485354558467],[-80.2866631677709,26.1486124566996],[-80.2866311671946,26.1486574569761],[-80.2866181674944,26.1486754569068],[-80.2865161672872,26.1487954570447],[-80.2864181672646,26.1489134570904],[-80.2861651663893,26.1490734563749],[-80.2860921675195,26.1491214567898],[-80.2859441669897,26.149223456997],[-80.2858941664825,26.1492574567663],[-80.2857291669674,26.1493434571349],[-80.2855521659996,26.1494184569962],[-80.2852411660469,26.1495364570419],[-80.2850401666703,26.1496084576642],[-80.2848091659102,26.1496934570874],[-80.2847101667408,26.1497324570873],[-80.2844131656351,26.1498534572713],[-80.2843151656124,26.1498934573173],[-80.2841871660049,26.1499524573401],[-80.2841421657283,26.1499754575014],[-80.2839771662132,26.1500604569246],[-80.2839621664208,26.1500734575241],[-80.2838101657065,26.1502084574544],[-80.2837181650612,26.1502854583073],[-80.2836531647617,26.1503414581918],[-80.2834261659847,26.1505584574069],[-80.2832151652477,26.1508394577748],[-80.2831251655939,26.1509854582124],[-80.2830411644182,26.1511394581195],[-80.282893165687,26.1515114581873],[-80.2828501655027,26.1516804587862],[-80.2828051652262,26.1519834583699],[-80.2827971648572,26.1521614584845],[-80.2827951656643,26.1522234586458],[-80.2827801649726,26.152881459312],[-80.2827901645344,26.153630459678],[-80.2828081653645,26.1548834599038],[-80.2828091654106,26.1549984607104],[-80.2828131655951,26.1551764599257],[-80.282812165549,26.1558794599691],[-80.2828111646035,26.1566294612806],[-80.2828141647419,26.1574084612316],[-80.2828201659179,26.1585174620113],[-80.2828421660331,26.1595074618],[-80.2828871654103,26.1597424627445],[-80.2829471654792,26.1600514626049],[-80.2830621662859,26.1605024627185],[-80.2830671656172,26.1605214626954],[-80.2830881656863,26.1605784635253],[-80.2831641655937,26.1607794629019],[-80.2834761664919,26.1616104634522],[-80.2834891661921,26.1616454632676],[-80.283549166261,26.1618974640968],[-80.2835941665375,26.1621434637499],[-80.2836041660993,26.1621944643031],[-80.2836381658686,26.1624854633335],[-80.2836581658916,26.1627704647852],[-80.2836581658916,26.1628914640698],[-80.2836581658916,26.1631424639536],[-80.283662166076,26.1633244642527],[-80.2836761658224,26.1638704642506],[-80.2836811660529,26.1640534645958],[-80.2836811669522,26.1640774639039],[-80.2836831661452,26.1641524646645],[-80.2836841661913,26.1641774640188],[-80.2836851662374,26.1642204642031],[-80.2836871663296,26.1642834644104],[-80.2836881663757,26.1643384642488],[-80.2836881654764,26.1643494647561],[-80.2836891664219,26.1643934649864],[-80.2836891664219,26.164438465263],[-80.283690166468,26.1644474647787],[-80.2836921665602,26.1645024655164],[-80.283693165707,26.1645724651472],[-80.2836951666985,26.1646184654698],[-80.2836971658915,26.1647354645701],[-80.2837031661682,26.164936464846],[-80.283710166491,26.1650874646148],[-80.2837121665832,26.1651074655372],[-80.2837271654762,26.1652044655137],[-80.2837421670673,26.1653044656286],[-80.2837461663524,26.1653274648907],[-80.2837661663754,26.1654234657204],[-80.2838131658449,26.165600465789],[-80.2838401661907,26.1656984658116],[-80.283932166836,26.1659514657875],[-80.2839361661211,26.1659624653955],[-80.2840601664435,26.1662614656942],[-80.2842351673191,26.1666994661075],[-80.2843351665347,26.1669504659912],[-80.2842061668811,26.1669954662678],[-80.2846881675248,26.1681844662402],[-80.2847401672249,26.1683584670696],[-80.2847651674784,26.1685734661926],[-80.2847741678935,26.1687844669296],[-80.284764166533,26.1689054671137],[-80.2847391671788,26.169063466306],[-80.2846841664411,26.1692584672045],[-80.2845411670412,26.169607467111],[-80.2846501666718,26.1696334674106],[-80.2845851672716,26.1698134676175],[-80.2844541675258,26.1701414683541],[-80.2841951672732,26.1707964679827],[-80.2840721660975,26.1711324681889],[-80.283952166859,26.1714654682568],[-80.2838741668593,26.1716624683483],[-80.2836421669524,26.172255468715],[-80.2835661661456,26.1724534688526],[-80.2834881661459,26.1726714690131],[-80.2834031667227,26.172912469335],[-80.2833321661465,26.173205469357],[-80.2833051667,26.1733404692873],[-80.2832611664696,26.173568469909],[-80.2832381663083,26.1737594697238],[-80.2832361671154,26.1737854691241],[-80.2832121660086,26.1741194692382],[-80.2832181662853,26.1743354702058],[-80.2832251666081,26.1745284701129],[-80.2832251666081,26.1745574705509],[-80.2832281658472,26.1746474702047],[-80.2832301668387,26.1746774706888],[-80.2832581663313,26.1749214702497],[-80.2832651657548,26.1749804702725],[-80.2833201673918,26.1752614706404],[-80.2834121662385,26.1756444703161],[-80.2834291661231,26.175715469993],[-80.2834701671145,26.1758844705919],[-80.2835171674832,26.1760824707295],[-80.2835411667914,26.1761794707061],[-80.2836251670678,26.1764564708895],[-80.2836711664911,26.1766754710962],[-80.2837141666754,26.1768764713721],[-80.2837411670212,26.1770054710257],[-80.2837541676207,26.1770664711408],[-80.2838291674821,26.177393470932],[-80.2838421671822,26.1774524709548],[-80.2838591670669,26.177523471531],[-80.2839091666747,26.1778294721525],[-80.283929167597,26.1779454712066],[-80.2839801672509,26.1784654718041],[-80.283992166905,26.1787564717338],[-80.2840051675045,26.1790674716865],[-80.2840081676428,26.1791474717784],[-80.2840261675735,26.1795944726069],[-80.2840891677808,26.1811774736615],[-80.2841101678499,26.1817054737287],[-80.2841181673196,26.182053473589],[-80.2841451676653,26.1830994741614],[-80.2841541671811,26.1834484749672],[-80.2841631675961,26.1838754748733],[-80.2841771673424,26.1845014749632],[-80.2841931671809,26.185156475491],[-80.284203167642,26.1855844754432],[-80.2842071678265,26.1857724751197],[-80.2842191674806,26.1863364759476],[-80.2842241677112,26.1865254765696],[-80.2842291670424,26.186756475531],[-80.2842441677341,26.1874494760125],[-80.2842491679647,26.1876814768187],[-80.2842531672499,26.1878944767487],[-80.2842681679415,26.1885364766771],[-80.2842731681721,26.1887504775526],[-80.284275167365,26.1888904768141],[-80.2842841677801,26.1893134774351],[-80.2842881679645,26.1894544776421],[-80.2842901680568,26.1895964778952],[-80.2842961683335,26.1900224777552],[-80.2842991684718,26.1901644780083],[-80.2843111681259,26.1908654779595],[-80.2843481680335,26.1929684796117],[-80.2843581675953,26.1934704793792],[-80.2843671680104,26.193670479609],[-80.284211168011,26.1936694795629],[-80.2836481672291,26.1936674794707],[-80.2834821676678,26.1936674794707],[-80.2808281666865,26.1936644793323],[-80.2799441654908,26.1936634792862],[-80.2791531649866,26.1936644802316],[-80.2767811644192,26.1936694795629],[-80.2760851628999,26.1936724806005],[-80.2752101621193,26.1936754798395],[-80.2728691620821,26.1936864794475],[-80.2720891602865,26.1936904805313],[-80.2712921604049,26.1936904805313],[-80.2706401600153,26.193690479632],[-80.2702501600168,26.1936904805313],[-80.2689001598145,26.1936924806236],[-80.2682421591483,26.1936934806696],[-80.2681041590797,26.1936934806696],[-80.2670291580691,26.1936924797242],[-80.2638061560293,26.1936924806236],[-80.2627321550648,26.1936924806236],[-80.2622081551822,26.1936974799548],[-80.2620351552981,26.1936994809463],[-80.2607921546342,26.1937004809925],[-80.2606361537354,26.1936994809463],[-80.2601121538528,26.193696480808],[-80.2600071544066,26.193696480808],[-80.2596951535085,26.1936984800009],[-80.2595911532091,26.1936994809463],[-80.2588931533963,26.1937004809925],[-80.256801151352,26.1937054803237],[-80.2561041515853,26.1937074804159],[-80.2552791504124,26.1937074813152],[-80.2528071497301,26.1937074804159],[-80.25215014911,26.1937074804159],[-80.2519831495027,26.1937074804159],[-80.2511951491368,26.1937104805543],[-80.248834147278,26.1937214810616],[-80.2484131467493,26.1937234811538],[-80.2480481470044,26.193725481246],[-80.2472361455316,26.193725481246],[-80.2448001447109,26.1937284813844],[-80.2439891441836,26.1937304805772],[-80.2431901442097,26.1937324806695],[-80.2407921424434,26.1937384818455],[-80.240423142514,26.1937394818916],[-80.2399941416163,26.1937414810846],[-80.2391971417347,26.1937424811306],[-80.2368071394379,26.1937494814534],[-80.2360111396024,26.1937514815457],[-80.2360141397407,26.1939124817757],[-80.2360151397869,26.1940004822365],[-80.2360301404786,26.1947514826948],[-80.2360361398559,26.1950014825325],[-80.2360381399482,26.1950844818634],[-80.2360441402249,26.1953364826926],[-80.2360461403171,26.1954204820697],[-80.2360471394639,26.195495481931],[-80.2360531397406,26.1957854827139],[-80.2360711405706,26.1966024835178],[-80.2360731397636,26.1968834829864],[-80.2360761399019,26.1972504828236],[-80.236077139948,26.1973744840453],[-80.2360811392331,26.1974264837453],[-80.2360841393715,26.1974584843217],[-80.2361021393023,26.1976944835137],[-80.2361231393713,26.1979544838124],[-80.236137140017,26.1981314838809],[-80.2361541408009,26.1983574835111],[-80.2362081405932,26.1990354842003],[-80.2362271396707,26.1992624847759],[-80.2362321408006,26.1994104844064],[-80.2362501398321,26.1998544850965],[-80.2362561401088,26.200003484773],[-80.2362631404316,26.2001944854871],[-80.2362851396475,26.2007694850238],[-80.2362931400164,26.2009614848847],[-80.2362931409157,26.2009764855764],[-80.2362961401547,26.2010244859913],[-80.2362971402008,26.2010404849305],[-80.236247140593,26.2010404849305],[-80.2354271396507,26.201045485161],[-80.233803138504,26.201056484769],[-80.2329671386225,26.2010634850918],[-80.2321481377263,26.2010694853685],[-80.2319201371046,26.2010694853685],[-80.2312371379835,26.2010694853685],[-80.2310101374078,26.2010704854146],[-80.2308221368321,26.2010694853685],[-80.2302581369034,26.2010664861295],[-80.2300711363738,26.2010654860834],[-80.2296961361677,26.2010644851379],[-80.2285711355494,26.2010634859911],[-80.2281961353434,26.2010634859911],[-80.2280031354363,26.2010694862678],[-80.2276881343998,26.2010804858758],[-80.226164133368,26.2011334856219],[-80.2257361334158,26.2011484854143],[-80.2256561342232,26.2011494854605],[-80.2254961340393,26.2011504864059],[-80.2250201336722,26.201154485691],[-80.2248611335344,26.2011564857833],[-80.2246891336965,26.2011564857833],[-80.2241741333295,26.2011574858293],[-80.2240031335377,26.2011584858755],[-80.2237581330314,26.2011584858755],[-80.2230241324577,26.2011594859216],[-80.2227801328968,26.2011604859677],[-80.2222401322762,26.2011644861522],[-80.2206221305069,26.2011804859907],[-80.2200831308318,26.2011854862213],[-80.2199881309475,26.2011854862213],[-80.2197051304873,26.2011864862674],[-80.2196111306491,26.2011874863135],[-80.2195001300269,26.2011874854142],[-80.2191701300974,26.2011894864057],[-80.2190601304207,26.2011904864518],[-80.2186811300301,26.2011664862444],[-80.2175451298039,26.2010964857143],[-80.2171671285601,26.201073485553],[-80.2167941284462,26.2010744864984],[-80.2156761281507,26.2010804858758],[-80.215304128083,26.201082485968],[-80.2150931273459,26.2010834860141],[-80.2144601269333,26.2010884853454],[-80.2142501271416,26.2010914863831],[-80.2137611270743,26.2010904863369],[-80.2122941259731,26.2010884862447],[-80.2118061259519,26.2010884862447],[-80.2118071250987,26.200665486523],[-80.2118121253293,26.1993994856978],[-80.2118141254215,26.1989774851229],[-80.2118121253293,26.1988554848928],[-80.2118091251909,26.1984924852401],[-80.2118081260442,26.198371485056],[-80.211807125998,26.1983144851254],[-80.2118051259058,26.1981434853336],[-80.2118051259058,26.1980874854491],[-80.211738125514,26.198086485403],[-80.2115371261374,26.1980864845037],[-80.2114711257918,26.198086485403],[-80.2113791251465,26.198086485403],[-80.2113801260919,26.1975734851283],[-80.2113791251465,26.1975044846443],[-80.2084241237743,26.1975084848287],[-80.2079741228075,26.1975074838833],[-80.207875123638,26.1975084848287],[-80.2078671232691,26.197245485291],[-80.2078421230156,26.1960154834279],[-80.2078271232231,26.1957264835904],[-80.2078331234998,26.1954624840065],[-80.2078291233154,26.1953504842375],[-80.2077981227851,26.1939544828132],[-80.2077941226007,26.1938774828596],[-80.2074121229711,26.1938784829057],[-80.2071821231564,26.1938764828135],[-80.2041661207698,26.1938844831824],[-80.2038331207019,26.1938844822831]]]},"properties":{"OBJECTID":5,"DISTRICT":5,"DISTRICT_NAME":"SCHOOL BOARD: DISTRICT 5","JURISDICTION":"School Board District 5","TENEX_NAME":"SCHOOL BOARD DIST 5","OFFICE_HOLDER":"Dr. Jeff Holness","DISTRICT_WEBSITE":"https://www.browardschools.com/Domain/12453","OFFICE_HOLDER_WEBSITE":"https://www.browardschools.com/school-board/district-5","OFFICIAL_MAP":"https://resources.finalsite.net/images/v1760712167/browardschoolscom/uilyjtrtdajf7vg1rtbf/District5.pdf","ESRI_MAP":"https://bcgishub.broward.org/hbm/rest/services/SOE/SchoolBoardMunicpalDistricts2022/FeatureServer","ESRI_LAYER":"https://bcgis.maps.arcgis.com/home/item.html?id=0e1537af2caa4c5fbd5ee9e688b0c2d9&sublayer=17","Shape__Area":124382939.30664062,"Shape__Length":50576.04866175659}},{"type":"Feature","id":6,"geometry":{"type":"Polygon","coordinates":[[[-80.2843671680104,26.193670479609],[-80.2843581675953,26.1934704793792],[-80.2843481680335,26.1929684796117],[-80.2843111672266,26.1908654779595],[-80.2842991684718,26.1901644780083],[-80.2842961683335,26.1900224777552],[-80.2842901689561,26.1895964778952],[-80.2842881679645,26.1894544776421],[-80.2842841677801,26.1893134774351],[-80.284275167365,26.1888904768141],[-80.2842731681721,26.1887504775526],[-80.2842681670422,26.1885364766771],[-80.2842531672499,26.1878944767487],[-80.2842491679647,26.1876814768187],[-80.2842441677341,26.1874494760125],[-80.2842291670424,26.186756475531],[-80.2842241677112,26.1865254765696],[-80.2842191674806,26.1863364759476],[-80.2842071669272,26.1857724751197],[-80.284203167642,26.1855844754432],[-80.2841931671809,26.185156475491],[-80.2841771673424,26.1845014749632],[-80.2841631675961,26.1838754748733],[-80.2841541671811,26.1834484749672],[-80.2841451676653,26.1830994741614],[-80.2841181682189,26.182053473589],[-80.2841101687493,26.1817054737287],[-80.2840891677808,26.1811774736615],[-80.2840261675735,26.1795944726069],[-80.2840081676428,26.1791474717784],[-80.2840051675045,26.1790674716865],[-80.283992166905,26.1787564717338],[-80.2839801672509,26.1784654718041],[-80.283929167597,26.1779454712066],[-80.2839091666747,26.1778294721525],[-80.2838591670669,26.177523471531],[-80.2838421671822,26.1774524709548],[-80.2838291683814,26.177393470932],[-80.2837541676207,26.1770664711408],[-80.2837411670212,26.1770054710257],[-80.2837141666754,26.1768764713721],[-80.2836711664911,26.1766754710962],[-80.2836251670678,26.1764564708895],[-80.2835411667914,26.1761794707061],[-80.2835171674832,26.1760824707295],[-80.2834701671145,26.1758844705919],[-80.2834291661231,26.175715469993],[-80.2834121671378,26.1756444703161],[-80.2833201673918,26.1752614706404],[-80.2832651657548,26.1749804702725],[-80.2832581663313,26.1749214702497],[-80.2832301668387,26.1746774706888],[-80.2832281658472,26.1746474702047],[-80.2832251666081,26.1745574705509],[-80.2832251666081,26.1745284701129],[-80.2832181662853,26.1743354702058],[-80.2832121660086,26.1741194692382],[-80.2832361671154,26.1737854691241],[-80.2832381663083,26.1737594697238],[-80.2832611664696,26.173568469909],[-80.2833051667,26.1733404692873],[-80.2833321661465,26.173205469357],[-80.2834031667227,26.172912469335],[-80.2834881661459,26.1726714690131],[-80.2835661661456,26.1724534688526],[-80.2836421669524,26.172255468715],[-80.2838741668593,26.1716624683483],[-80.283952166859,26.1714654682568],[-80.2840721660975,26.1711324681889],[-80.2841951672732,26.1707964679827],[-80.2844541675258,26.1701414683541],[-80.2845851672716,26.1698134676175],[-80.2846501666718,26.1696334674106],[-80.2845411670412,26.169607467111],[-80.2846841664411,26.1692584672045],[-80.2847391671788,26.169063466306],[-80.284764166533,26.1689054671137],[-80.2847741678935,26.1687844669296],[-80.2847651674784,26.1685734661926],[-80.2847401672249,26.1683584670696],[-80.2846881675248,26.1681844662402],[-80.2842061668811,26.1669954662678],[-80.2843351665347,26.1669504659912],[-80.2842351673191,26.1666994661075],[-80.2840601664435,26.1662614656942],[-80.2839361661211,26.1659624653955],[-80.283932166836,26.1659514657875],[-80.2838401661907,26.1656984658116],[-80.2838131658449,26.165600465789],[-80.2837661663754,26.1654234657204],[-80.2837461663524,26.1653274648907],[-80.2837421670673,26.1653044656286],[-80.2837271654762,26.1652044655137],[-80.2837121665832,26.1651074655372],[-80.283710166491,26.1650874646148],[-80.2837031661682,26.164936464846],[-80.2836971667908,26.1647354645701],[-80.2836951666985,26.1646184654698],[-80.283693165707,26.1645724651472],[-80.2836921665602,26.1645024655164],[-80.283690166468,26.1644474647787],[-80.2836891664219,26.164438465263],[-80.2836891664219,26.1643934649864],[-80.2836890594025,26.1643887624315],[-80.2836881654764,26.1643494647561],[-80.2836881663757,26.1643384642488],[-80.2836871663296,26.1642834644104],[-80.2836851662374,26.1642204642031],[-80.2836841661913,26.1641774640188],[-80.2836831661452,26.1641524646645],[-80.2836811669522,26.1640774639039],[-80.2836811660529,26.1640534645958],[-80.2836761658224,26.1638704642506],[-80.283662166076,26.1633244642527],[-80.2836581658916,26.1631424639536],[-80.2836581658916,26.1628914640698],[-80.2836581667909,26.1627704647852],[-80.2836381658686,26.1624854633335],[-80.2836041660993,26.1621944643031],[-80.2835941665375,26.1621434637499],[-80.283549166261,26.161897464996],[-80.2834891661921,26.1616454632676],[-80.2834761664919,26.1616104634522],[-80.2831641655937,26.1607794629019],[-80.2830881656863,26.1605784635253],[-80.2830671665165,26.1605214626954],[-80.2830621662859,26.1605024627185],[-80.2829471654792,26.1600514626049],[-80.2828871654103,26.1597424627445],[-80.2828421660331,26.1595074618],[-80.2828201659179,26.1585174620113],[-80.2828141656412,26.1574084612316],[-80.2828111646035,26.1566294612806],[-80.282812165549,26.1558794599691],[-80.2828131655951,26.1551764599257],[-80.2828091654106,26.1549984607104],[-80.2828081644652,26.1548834599038],[-80.2827901645344,26.153630459678],[-80.2827801640733,26.152881459312],[-80.2827951656643,26.1522234586458],[-80.2827971648572,26.1521614584845],[-80.2828051652262,26.1519834583699],[-80.2828501655027,26.1516804587862],[-80.282893165687,26.1515114581873],[-80.2830411644182,26.1511394581195],[-80.2831251655939,26.1509854582124],[-80.2832151652477,26.1508394577748],[-80.2834261659847,26.1505584574069],[-80.2836531647617,26.1503414581918],[-80.2837181650612,26.1502854583073],[-80.2838101657065,26.1502084574544],[-80.2839621664208,26.1500734575241],[-80.2839675866348,26.1500687594657],[-80.2839771662132,26.1500604569246],[-80.2841421657283,26.1499754575014],[-80.2841871660049,26.1499524573401],[-80.2843151656124,26.1498934573173],[-80.2844131656351,26.1498534572713],[-80.2847101667408,26.1497324570873],[-80.2848091659102,26.1496934570874],[-80.2850401666703,26.1496084576642],[-80.2852411660469,26.1495364570419],[-80.2855521659996,26.1494184569962],[-80.2857291669674,26.1493434571349],[-80.2858941664825,26.1492574567663],[-80.2859441669897,26.149223456997],[-80.2860921675195,26.1491214567898],[-80.2861651663893,26.1490734563749],[-80.2864181681639,26.1489134570904],[-80.2865161672872,26.1487954570447],[-80.2866181674944,26.1486754569068],[-80.2866311671946,26.1486574569761],[-80.2866631677709,26.1486124566996],[-80.2867211668483,26.1485354558467],[-80.2867571676092,26.1484784568154],[-80.2867871680933,26.1484324564927],[-80.28693116664,26.1482324571622],[-80.2869581678851,26.1481744562862],[-80.2870501667318,26.1479824555259],[-80.2871291676769,26.1477614561264],[-80.2871801673308,26.1475994567496],[-80.2872241675612,26.1474304561507],[-80.2872401673998,26.1472914560359],[-80.2872531670999,26.1471874557366],[-80.287262167515,26.1469824561755],[-80.2872671677455,26.1468484553919],[-80.2872721679761,26.1467314553924],[-80.2872561672383,26.1464794554626],[-80.2872551680915,26.1464484558316],[-80.2872471668233,26.1463154550942],[-80.2872461676765,26.1462904548407],[-80.2872431675381,26.1462164559247],[-80.2872431675381,26.146192454818],[-80.287242167492,26.1461664554176],[-80.2872391673537,26.146088455418],[-80.2872391673537,26.1460624560176],[-80.2872341680224,26.145936455603],[-80.2872311669847,26.1458344544965],[-80.287222167469,26.1455614553969],[-80.2872181672845,26.1454364550284],[-80.2872101669157,26.145191454522],[-80.2872031674921,26.1449634547997],[-80.2871991673077,26.1444584548938],[-80.2871981672616,26.1442144544335],[-80.2871901668926,26.1438314538586],[-80.287167165832,26.1426834539783],[-80.2871601664085,26.1423014534494],[-80.2871431674232,26.1416204535212],[-80.28709216687,26.1395774519379],[-80.287075166086,26.1388974520558],[-80.2870801672159,26.1383454508819],[-80.2870821673081,26.1382314510207],[-80.2871361671004,26.1378714515063],[-80.2872261676535,26.1374824506546],[-80.2873071668922,26.1371694506097],[-80.2873651677683,26.1368894502879],[-80.2874021667765,26.1367274500118],[-80.2874601667533,26.1364754509813],[-80.2874971675602,26.1362384499446],[-80.2875021668914,26.1361864502445],[-80.2875131656,26.1360554504987],[-80.28751816673,26.1359994506142],[-80.2875231669606,26.1356634504079],[-80.2875261670989,26.1355334498089],[-80.2875263694464,26.1355201803121],[-80.2875341665685,26.1350094490269],[-80.2875361666607,26.1348924499267],[-80.2875101672604,26.1339824484313],[-80.2874711672605,26.1334394494711],[-80.287438166638,26.1329834482276],[-80.2873061668461,26.1329964488271],[-80.2873041658546,26.1329474492654],[-80.2873021666616,26.1328814489198],[-80.2872761672613,26.1321954478617],[-80.2872221665697,26.1308494478438],[-80.2871781672386,26.1294584466501],[-80.2871621665008,26.1291944470661],[-80.2871221673541,26.1288744466984],[-80.2870491657863,26.1285684469763],[-80.2869611671241,26.1282884457552],[-80.2870921659706,26.1282564460782],[-80.2870461674466,26.128142446217],[-80.2870181670547,26.128073445733],[-80.2869041671935,26.1278144454803],[-80.2868991660636,26.1278054459646],[-80.286842166133,26.1276974454807],[-80.2867581667559,26.1275374461962],[-80.2865091651658,26.127060445783],[-80.2864261667341,26.1269014456453],[-80.2862391653052,26.1265444453699],[-80.2860611660899,26.1262054450253],[-80.2858851651682,26.1258994453032],[-80.2857491660911,26.1256114446125],[-80.2856931662066,26.1254684452126],[-80.2856621656763,26.1253894451668],[-80.2855721642239,26.1250854446376],[-80.2855161652388,26.1248524446846],[-80.2854711649622,26.124562444801],[-80.2854661647317,26.1245254448934],[-80.285437165193,26.1240864435346],[-80.2853931649625,26.1229654440001],[-80.2853861646398,26.1227584443468],[-80.2853831645014,26.1224334437485],[-80.2853841663461,26.1220824428505],[-80.2854531659309,26.1210344430851],[-80.2854661647317,26.1208334428092],[-80.2854761651928,26.1206854422794],[-80.2853061654471,26.1206864423255],[-80.2849681651487,26.1206884424178],[-80.2834461642091,26.1207014430173],[-80.282939164211,26.1207064423485],[-80.2825891633591,26.1207014421179],[-80.2825371636591,26.1207004429711],[-80.2824771635902,26.1207004429711],[-80.2823651620226,26.1206984428789],[-80.2813321629489,26.1206834430865],[-80.2809311624432,26.1206784428559],[-80.2808551625357,26.120679442902],[-80.2806271628133,26.1206814429942],[-80.2805521620526,26.1206834430865],[-80.2805231616146,26.1206834430865],[-80.2804391622375,26.1206844422333],[-80.2804111627449,26.1206854422794],[-80.2799931623545,26.1206904425099],[-80.2787411612755,26.1207074423946],[-80.2783241609312,26.1207134426713],[-80.2781381622463,26.1207154427635],[-80.2775791598503,26.1207234431324],[-80.2773941621109,26.1207264432708],[-80.2768841601758,26.1207244422792],[-80.2753541588673,26.120719442948],[-80.2748441596302,26.1207184429019],[-80.2746221601845,26.1207184429019],[-80.2739551582039,26.1207214430402],[-80.2737341588044,26.1207224430863],[-80.273291157261,26.1207214430402],[-80.2725431578404,26.1207204429941],[-80.2719641572201,26.1207184438012],[-80.2715221575215,26.1207184429019],[-80.2713721568995,26.1207234431324],[-80.2709241569243,26.1207404439164],[-80.2708961565324,26.1207424431093],[-80.2707751563483,26.1207424431093],[-80.2703591560502,26.1207424431093],[-80.2691121552017,26.1207424431093],[-80.268697155849,26.1207424431093],[-80.2685701553883,26.1207414430632],[-80.2681911549978,26.1207404430171],[-80.2680651554825,26.1207404430171],[-80.2680201543066,26.1207404430171],[-80.2678871544686,26.1207404439164],[-80.2678431551375,26.1207404430171],[-80.2677311553685,26.1207394429709],[-80.2673951551623,26.1207384429248],[-80.26728415454,26.1207384429248],[-80.2671081536184,26.1207374428787],[-80.2665801553499,26.120736443732],[-80.2664931540358,26.1207364428326],[-80.2664691538283,26.1207364428326],[-80.2664041535288,26.120736443732],[-80.266316153068,26.1207374428787],[-80.2660051540146,26.1207384438242],[-80.2654621532557,26.1207414430632],[-80.2648101537656,26.1207444432015],[-80.2646081525441,26.1207464432938],[-80.2644121524988,26.1207474433399],[-80.2637181519711,26.1207474442392],[-80.2616351512412,26.120748443386],[-80.2609421507596,26.1207494434321],[-80.2609391506213,26.1209134438004],[-80.2608371504141,26.1209144438466],[-80.2595281503039,26.1209204432239],[-80.2594701503272,26.1207574429017],[-80.2594311503273,26.1207574429017],[-80.25931615042,26.120757443801],[-80.2592781495669,26.1207574429017],[-80.2590801503287,26.120757443801],[-80.2584881491088,26.120757443801],[-80.2583971503082,26.120757443801],[-80.2582951492017,26.1209154438927],[-80.2571631482606,26.1209104436621],[-80.2566321480551,26.1209084435699],[-80.2546931476706,26.1208964439158],[-80.2537411469363,26.1208964439158],[-80.2526091459953,26.1209044442847],[-80.2526084373295,26.120904447882],[-80.2524231455117,26.1209054443308],[-80.2521071453285,26.1209084444692],[-80.2515861446848,26.1209214441694],[-80.2502241439291,26.1209264443999],[-80.2502181436524,26.1207624440316],[-80.2502158800588,26.1207625006889],[-80.2488281443034,26.120797443847],[-80.2487151444883,26.1207984438931],[-80.248169143591,26.1207994439392],[-80.24746314251,26.1208004439853],[-80.246421142122,26.1208014440315],[-80.2432951391593,26.1208084443543],[-80.2422541397167,26.1208114444926],[-80.241436139766,26.1208134436855],[-80.2413571388209,26.1208134445848],[-80.2406891385928,26.1208154437778],[-80.2386851379088,26.1208224441006],[-80.2380181368275,26.1208254442389],[-80.2374251373602,26.1208244450921],[-80.2360561353823,26.1208224449999],[-80.2356471363063,26.1208194448615],[-80.2350551350864,26.12081744387],[-80.2348781359172,26.120814444631],[-80.234349135804,26.1208084443543],[-80.2342741350433,26.1208084443543],[-80.2341731348822,26.1208064451613],[-80.2340731347673,26.1208054451152],[-80.233897134745,26.1208024440776],[-80.2330701343791,26.1207934445619],[-80.232795134288,26.1207904453228],[-80.2324921338049,26.1207894452767],[-80.231583133255,26.1207864442391],[-80.231281132818,26.120785444193],[-80.2309991333033,26.1207894443774],[-80.2301531320613,26.1208054451152],[-80.2298721325928,26.1208104444465],[-80.2296161324785,26.1208114444926],[-80.2288501322278,26.1208174447693],[-80.2285951321596,26.1208194448615],[-80.2283211312152,26.1208174447693],[-80.2275001311261,26.1208134445848],[-80.2272271311272,26.1208124445387],[-80.2269181303674,26.1208114444926],[-80.2262201305546,26.1208094452997],[-80.2259941309244,26.1208084452536],[-80.2256871293575,26.1208074452075],[-80.2248421281616,26.1208084452536],[-80.2223081282175,26.1208154455764],[-80.2214641279671,26.1208184448154],[-80.2210851266772,26.1208184448154],[-80.2199511265432,26.1208224458992],[-80.2195731270981,26.120823445046],[-80.2193001261998,26.1208274452305],[-80.2184841263413,26.1208434459683],[-80.2182121254892,26.1208494453457],[-80.2181801258121,26.1208484452995],[-80.2180871251207,26.1208464452073],[-80.2180561254897,26.1208464452073],[-80.2180681251438,26.1207714444466],[-80.2181041250053,26.1205474449087],[-80.2181171256048,26.1204734450935],[-80.2182771257887,26.1194974450511],[-80.2183381250044,26.1190764445223],[-80.2183851253732,26.1187604443391],[-80.2184431253499,26.1182684432341],[-80.2185081256495,26.1175284432831],[-80.2185371251882,26.1170344429852],[-80.2185601253495,26.1163724430339],[-80.2185501248883,26.1156304429906],[-80.2185281256724,26.1151354426466],[-80.2185211244503,26.1148464419098],[-80.2185151250729,26.1145574420723],[-80.2184731249347,26.1134334415001],[-80.2184691256496,26.1133404417081],[-80.2184581251423,26.1130634415247],[-80.218455125004,26.1129714408793],[-80.2184541249579,26.1129534409486],[-80.2184521248656,26.1129004412024],[-80.2184521248656,26.1128834404185],[-80.2184401252115,26.1125684411806],[-80.21840412535,26.1116254408615],[-80.2183931266414,26.1113114407704],[-80.2183871254654,26.1111584409094],[-80.2183691246353,26.1106994404269],[-80.2183641253041,26.1105474397126],[-80.2183301246355,26.1096544399005],[-80.2182881244973,26.1085364387058],[-80.21822512429,26.106981438043],[-80.2182051251664,26.1061754377463],[-80.2182021241287,26.1061344385536],[-80.2181991248897,26.1060854380925],[-80.2181961247513,26.1059914382543],[-80.218195961974,26.1059866889346],[-80.2181901244746,26.1058154373326],[-80.2181761256277,26.1055464375181],[-80.2181501244287,26.1050624376814],[-80.2181231249822,26.1045284373376],[-80.2180241249134,26.1032344361204],[-80.2179031247294,26.1020034360098],[-80.2178951252598,26.1019194357334],[-80.2178451247527,26.1014834354123],[-80.2177941241994,26.100986434976],[-80.217738124315,26.1004344347015],[-80.217710123923,26.1002814348404],[-80.2175481245463,26.0993644339216],[-80.2175231242927,26.0992204344755],[-80.2173771238552,26.0981774340414],[-80.2172801238786,26.097474433998],[-80.2172121243401,26.0969914333081],[-80.217010124018,26.0955424321375],[-80.2169431236262,26.0950604323931],[-80.2168481237419,26.0943844317961],[-80.2167531229582,26.093695431499],[-80.2165081233512,26.0930314314555],[-80.2164221229826,26.0925774312036],[-80.2161671238136,26.0919094309755],[-80.2159111228,26.0915124306542],[-80.2159581231688,26.0915244303082],[-80.2162601227064,26.0916104306769],[-80.2165441232127,26.0916724299387],[-80.2165391220828,26.0916194301926],[-80.2165331227054,26.0915294305388],[-80.2165241231897,26.0913754306317],[-80.2164871232821,26.0911184304712],[-80.2164751245273,26.0909864297799],[-80.2164401229133,26.0906534297121],[-80.2164371236743,26.0906224300811],[-80.2164341226366,26.0906024300581],[-80.2164161227059,26.0904164295746],[-80.2162481230524,26.0887084290508],[-80.2161921231679,26.0881394279922],[-80.2161481229375,26.0874474284561],[-80.2161291229606,26.087141428734],[-80.2160461227303,26.0853704271036],[-80.2160291219464,26.0850034272664],[-80.2160181223384,26.0846784266681],[-80.216012122961,26.084502427545],[-80.2159891227997,26.0838084270173],[-80.2159871227075,26.0837624266947],[-80.2159641225462,26.0830554264668],[-80.215913121993,26.0815164247432],[-80.2158671225696,26.0807254251383],[-80.2158271225236,26.0796584244968],[-80.2157401221089,26.0773284231682],[-80.2155661212795,26.0726294205114],[-80.2155111214411,26.0711274195948],[-80.2154707841493,26.0699918159695],[-80.2154521214183,26.0694664185405],[-80.2153321212803,26.0660694174697],[-80.2153311203349,26.066011417493],[-80.2153301211881,26.0658734174243],[-80.215329121142,26.0658374175628],[-80.215329121142,26.0657804176322],[-80.2153290051294,26.065775655722],[-80.2153281210959,26.0657394166408],[-80.2153281210959,26.0656854168486],[-80.2153271210498,26.0656184173561],[-80.2153271210498,26.0655784173102],[-80.2154121213723,26.0655764172179],[-80.215479121764,26.065574418025],[-80.2154971216948,26.0655744171257],[-80.2154851211414,26.0653114175879],[-80.2154829106078,26.0653114967283],[-80.2153181206347,26.0653174169653],[-80.2153121212573,26.0651304164356],[-80.2153061209806,26.0649904171741],[-80.2152321211654,26.0632304160509],[-80.2152251208426,26.0630504158441],[-80.2152161213269,26.0626434159609],[-80.2152101210502,26.0623484158468],[-80.2151571204047,26.0610904144911],[-80.2151061207508,26.0598784143574],[-80.2150161210971,26.0573794133293],[-80.2149811203823,26.0564324119263],[-80.2149621204055,26.0558894129661],[-80.214926120544,26.0548804123012],[-80.2149211203134,26.0547594112179],[-80.2149081206132,26.0543964115652],[-80.2149041204288,26.0542764114273],[-80.2148871205441,26.0538064113368],[-80.214886120498,26.0537754117059],[-80.2150618804014,26.0537704744279],[-80.2150641206126,26.0537704114753],[-80.2148301206136,26.0475554081556],[-80.2147611201296,26.0464884075141],[-80.2148021202216,26.0464864074218],[-80.2148571209593,26.0464844082289],[-80.2149041195295,26.0464814071913],[-80.2149321208207,26.0464804071451],[-80.2149821204285,26.0464794079983],[-80.2150321200363,26.04647640786],[-80.2151261207738,26.0464734077216],[-80.2151651198744,26.0464734068223],[-80.2153041199891,26.0464724076755],[-80.2160531203552,26.0464714076294],[-80.216506120561,26.0464764069607],[-80.2169071210668,26.0464824072374],[-80.2169098469119,26.0464203899891],[-80.2169151214356,26.0463004069383],[-80.2169221208591,26.0461274079536],[-80.2169121212973,26.0459714079541],[-80.2169051209745,26.0458504068708],[-80.2168991215971,26.0457544069404],[-80.2168881210899,26.0455734066874],[-80.2168841218048,26.0454314064343],[-80.2168721212514,26.045008407612],[-80.216869121113,26.044867407405],[-80.2175831216637,26.0448494065749],[-80.2197281225548,26.0447974059755],[-80.220444124097,26.0447804060909],[-80.2206041224823,26.0447854063215],[-80.2210851239793,26.0448034062522],[-80.2212461224106,26.044810406575],[-80.221569123816,26.0448054063445],[-80.2225411245732,26.044792405745],[-80.2228651251254,26.044789406506],[-80.2230161248942,26.0447874064137],[-80.2233831247314,26.0447834062293],[-80.2234701260455,26.0447914065982],[-80.2236211249149,26.0448074064367],[-80.2236971248224,26.0448284065058],[-80.2238641253291,26.0448854064364],[-80.223976125098,26.0449244064363],[-80.2240931250976,26.0449564061133],[-80.2242131261348,26.0449794062746],[-80.2243961255807,26.0449984062515],[-80.2245191249576,26.0450014063899],[-80.2246191250725,26.0449974062054],[-80.2246411260871,26.0449974062054],[-80.2248741251407,26.0449674057213],[-80.2248751260861,26.0450104059056],[-80.2248781262245,26.0451394064585],[-80.2248801254174,26.0451824066428],[-80.2248811254635,26.0452204065965],[-80.2248841256019,26.0453354065039],[-80.2248851265473,26.0453604067574],[-80.224914126086,26.0453554065268],[-80.2249901268928,26.045328406181],[-80.2269361267008,26.0452694070576],[-80.2287861274777,26.0452134062737],[-80.2289341280076,26.0452094060893],[-80.2309201296602,26.0451494060203],[-80.230918129568,26.0449004062288],[-80.230909129153,26.0432814053126],[-80.2309041298217,26.0423424042786],[-80.2308841288994,26.0423104046015],[-80.2308711291992,26.0422644051782],[-80.2308701291531,26.0422144046711],[-80.2308701291531,26.0418074038886],[-80.2308701291531,26.0416724048577],[-80.2312611291977,26.0416634044426],[-80.2324351293777,26.0416354040507],[-80.2328271303678,26.0416274036818],[-80.2328331297451,26.0417684047881],[-80.2328541307135,26.0421764047173],[-80.2328611310363,26.0421924045559],[-80.232919773129,26.0423164156701],[-80.2329221311514,26.0423214042095],[-80.2331141310123,26.0421304043947],[-80.2336921306872,26.0415584040971],[-80.2338851314936,26.0413684043285],[-80.2339331319085,26.041324404098],[-80.2340761313084,26.041192404306],[-80.2341251317694,26.0411494041218],[-80.2342741314459,26.0410124040992],[-80.2347221314212,26.0406024040777],[-80.2348721320432,26.0404664041013],[-80.2352481322955,26.0401044035954],[-80.2362371329373,26.0391584031378],[-80.2363811323833,26.0390234023082],[-80.2367651339038,26.0386694021713],[-80.237127132611,26.0383754030025],[-80.2374101321718,26.0381464023346],[-80.2377821331389,26.0379284021741],[-80.2381011334605,26.0377594015752],[-80.2383241329524,26.0376614015525],[-80.2387521329046,26.0374764020144],[-80.2388811334575,26.0374224013228],[-80.2392711343553,26.0372624020383],[-80.2394011340551,26.0372094022921],[-80.2398521341687,26.0370134013474],[-80.2400651340987,26.0369214016014],[-80.2407281340961,26.0366334009108],[-80.2411961349936,26.0364414010498],[-80.2412091355931,26.0364354007732],[-80.2416641349918,26.0362484011429],[-80.2418721337919,26.0361614007281],[-80.2424981356804,26.0359044005677],[-80.2427071363253,26.0358184010984],[-80.2431031374998,26.0356464003611],[-80.2442921365728,26.0351304008474],[-80.2446891368941,26.0349594001563],[-80.2447021374936,26.0349534007789],[-80.2447221366173,26.0349454004099],[-80.2447411374935,26.0349364008942],[-80.2447541380929,26.0349303997182],[-80.2447991365709,26.0349114006407],[-80.2451491374227,26.0347583998803],[-80.2458451380426,26.0344554002966],[-80.2461411382029,26.0342904007814],[-80.2463081378103,26.0341884005743],[-80.2463451386172,26.0341664004591],[-80.246639137786,26.0339694003676],[-80.2466671381778,26.0339483993991],[-80.2468851383384,26.0337864000224],[-80.2469781381305,26.0336964003686],[-80.2470431384301,26.0336354002536],[-80.2472061378529,26.0335033995623],[-80.2473091390055,26.0334333999315],[-80.247509138336,26.033319399171],[-80.2476201380589,26.0332703996093],[-80.247742138289,26.0332193990561],[-80.2480241396023,26.0331343987336],[-80.2480461388182,26.0331283993562],[-80.2483931386324,26.0330603989183],[-80.2484181397853,26.0330593988722],[-80.2484391398544,26.0330583988261],[-80.2485031383092,26.0330563996332],[-80.2485227875965,26.0330563996332],[-80.2485251393237,26.0330563996332],[-80.2485250916596,26.0330515495894],[-80.2485241383782,26.0329523993338],[-80.2485221391854,26.032680399381],[-80.2485231383321,26.0326423994272],[-80.2485291395082,26.032539399174],[-80.2485411391622,26.0322813989674],[-80.2485451393467,26.032217398714],[-80.2485761380783,26.0318663987153],[-80.2485861394388,26.0317583991309],[-80.2486221393003,26.0315143986706],[-80.2486601383546,26.0312603986486],[-80.2486611393001,26.0312493981412],[-80.2486661395307,26.0312163984181],[-80.2486681396229,26.031206397957],[-80.2487251395535,26.0312073989024],[-80.2487492368878,26.0312081516349],[-80.2488211394839,26.0312103990407],[-80.2489001395298,26.0312133982798],[-80.2489581386072,26.031215398372],[-80.2489971395063,26.0312163984181],[-80.2490281400366,26.0312173984642],[-80.249075139506,26.0312193985565],[-80.2491161386988,26.0312203986026],[-80.2491561396441,26.0312223986948],[-80.2492281402664,26.0312243978877],[-80.2507771397532,26.0311853978878],[-80.2513681409269,26.0311643978188],[-80.2528491417744,26.0311123981187],[-80.2543481425527,26.0310603975194],[-80.2551591430799,26.0310383983035],[-80.2565491433282,26.0309953981192],[-80.2580041456748,26.0309503978426],[-80.2602171461044,26.0308833983502],[-80.2604481459651,26.0308753979813],[-80.2607071462178,26.0308683976585],[-80.2611411473461,26.0308543979122],[-80.2613731463536,26.0308473984887],[-80.2620061467662,26.0308273975664],[-80.2635591473368,26.030780398097],[-80.263904147958,26.0307693975897],[-80.2645911490623,26.0307493975667],[-80.2653721491054,26.0307293975437],[-80.2658311486885,26.0307183970364],[-80.2659201491955,26.0307093975207],[-80.2665451492392,26.030651397544],[-80.2671221497674,26.0305523965759],[-80.2676321499038,26.0304943974985],[-80.2685771512145,26.0304443978907],[-80.2700521517854,26.0304013968071],[-80.2714351526102,26.0303613976604],[-80.2719761523775,26.0303433968303],[-80.2736001544235,26.0302923971764],[-80.274142154237,26.0302753972918],[-80.2745561535436,26.0302623966923],[-80.2746231539354,26.0302593974533],[-80.2760681549214,26.0302163963697],[-80.2765501555652,26.0302023975227],[-80.2765751549194,26.0302013965772],[-80.2766511557262,26.030199396485],[-80.2766771560259,26.0301993973843],[-80.2774611562074,26.0301783964159],[-80.2798151577433,26.0301193972924],[-80.2804641579945,26.0301023965084],[-80.2804631237741,26.0300923124103],[-80.2804580255174,26.0300426104781],[-80.2804556108377,26.030019063529],[-80.2804481581559,26.029946396509],[-80.280581157994,26.0299423963246],[-80.2823591986181,26.0299632956696],[-80.2827454592355,26.0299678327493],[-80.2837301602187,26.0299793962322],[-80.2848726994155,26.0299889065628],[-80.2849479627782,26.029989532491],[-80.2851721610663,26.0299913967856],[-80.2886531624135,26.0298623962327],[-80.2896401629631,26.0298323957485],[-80.2918621647071,26.0297653953568],[-80.2925574476681,26.0297419068635],[-80.2926021646581,26.0297403960025],[-80.2935901661532,26.0297073962794],[-80.2939031661981,26.0296963957721],[-80.294650166472,26.0296723955647],[-80.294843166379,26.0296683953802],[-80.29515716647,26.0296623960028],[-80.2952781657547,26.0296593958645],[-80.2956421672522,26.0296523955417],[-80.295764166583,26.0296503963488],[-80.2959131671589,26.0296463961643],[-80.2959195451509,26.0296462819504],[-80.296360167088,26.0296383957954],[-80.2965101668107,26.0296363957032],[-80.2965701668796,26.0296343956109],[-80.2967521671787,26.0296313963719],[-80.2968069511798,26.0296304979492],[-80.2968083685113,26.0296304745668],[-80.2968131681931,26.0296303963258],[-80.2969571667398,26.0296273961874],[-80.2971141676846,26.0296243951498],[-80.2973921679142,26.0296243951498],[-80.2975371683056,26.0296243951498],[-80.299777169081,26.0296253951959],[-80.3037521716254,26.0296293953804],[-80.305648172725,26.0296243951498],[-80.3064981732521,26.0296283953342],[-80.3068941735273,26.0296303954265],[-80.3087391749729,26.0296203949653],[-80.3095121755464,26.0296163947809],[-80.3106971762336,26.0296113954496],[-80.3118361765982,26.0295793948732],[-80.3124201765499,26.0295583948042],[-80.3125173590888,26.0295552435797],[-80.3126051769873,26.0295523954268],[-80.3126421768949,26.0306783951918],[-80.3127541766639,26.0340583981766],[-80.3127921775169,26.0351853970885],[-80.312804177171,26.0355493985859],[-80.3128401779318,26.0366443987201],[-80.3128451772631,26.0368113992267],[-80.3128475334868,26.0368569480897],[-80.3128481774014,26.0368693983041],[-80.3128521775859,26.037009398465],[-80.3128721776089,26.0376603988084],[-80.3129141777471,26.0390503999561],[-80.3127201777939,26.0391744002784],[-80.3127621770328,26.0402684012657],[-80.3127731775401,26.0405544009649],[-80.3128471773553,26.0440134030961],[-80.3128495713506,26.0441195392854],[-80.3128561678778,26.0441442994199],[-80.3129392886173,26.0441270558191],[-80.3130755493971,26.0441262419326],[-80.3130773039744,26.0442061430991],[-80.313082566807,26.0444458501959],[-80.3130843186863,26.0445267756902],[-80.3130860345928,26.0446169192355],[-80.3130911778156,26.0448894030236],[-80.3130941779539,26.0449784026312],[-80.3131131770315,26.0457364034123],[-80.3131161780692,26.0458554035041],[-80.313146839555,26.0467910572615],[-80.3131491777923,26.0468624040768],[-80.3131821775154,26.0480124040492],[-80.3132028871035,26.0487105999143],[-80.3132031775845,26.0487204052226],[-80.3132051776768,26.0487714048765],[-80.313219177423,26.0492964057046],[-80.3132621776074,26.0508704054449],[-80.3132771782991,26.0513964063191],[-80.3132891779532,26.0517944066866],[-80.3133251778146,26.0529914070279],[-80.3133321781375,26.0532204067964],[-80.313337178368,26.0533904065421],[-80.3132351781609,26.0533914074875],[-80.3131571781612,26.0533924066343],[-80.3131711788068,26.0539264078775],[-80.3131811783687,26.0544054074836],[-80.313193178922,26.0549144084732],[-80.3131935962074,26.054933070305],[-80.313196178161,26.0550484083574],[-80.3131997017048,26.055160596984],[-80.3132081778151,26.055430407987],[-80.3132248548432,26.0559169996699],[-80.3132250185197,26.0559217552848],[-80.3132251785991,26.0559264083771],[-80.3132481787604,26.0566174087664],[-80.3132860941779,26.0586478639078],[-80.3132861787141,26.0586524099808],[-80.3133051777917,26.0589604097951],[-80.3133031785988,26.0599224109905],[-80.3132916960549,26.0602530413448],[-80.3132691788295,26.0609014111713],[-80.3132791783913,26.0613644118382],[-80.3133009887496,26.0616517830034],[-80.3133531791059,26.0623394118344],[-80.3133251778146,26.0631604128229],[-80.3133176567844,26.0633089556438],[-80.3133171783451,26.0633184120152],[-80.3136181787359,26.0633154118768],[-80.3138761789425,26.0633134117846],[-80.3141811786185,26.0633104125455],[-80.314975874437,26.0633024319618],[-80.3149781793994,26.0633024121767],[-80.3158792614187,26.0632924989497],[-80.3158871808487,26.0632924117154],[-80.3158871799494,26.0633614121995],[-80.3158901800877,26.0634444115304],[-80.3158894543348,26.0636934922609],[-80.3158891881355,26.0637847572608],[-80.3158891800416,26.0637874120595],[-80.3162271812394,26.063780412636],[-80.3163431802935,26.0637774124976],[-80.3164221803393,26.0637784116444],[-80.3164591802469,26.0637774115983],[-80.3171551808668,26.0637624118059],[-80.3173231814196,26.0637594125669],[-80.3173757045251,26.0637553089604],[-80.317387181673,26.0637544123363],[-80.3174111827798,26.0637534122902],[-80.3180661824084,26.0637394125439],[-80.3181339481231,26.0637402803896],[-80.3181441815087,26.06374041259],[-80.3182534428421,26.0637379124747],[-80.3188871815981,26.063723411806],[-80.3191617158405,26.0637199053494],[-80.3194351816882,26.0637164123826],[-80.3195131825873,26.0637194125209],[-80.3204141827683,26.0637074119675],[-80.320492182768,26.063702411737],[-80.3212761838488,26.0636934122213],[-80.3216291830403,26.0636884119906],[-80.321776183524,26.0636894120368],[-80.3218461840541,26.0636864118985],[-80.3219161836849,26.0636834117601],[-80.3224271838674,26.0636724121521],[-80.3225051838671,26.0636674119216],[-80.3230631844184,26.0636534121752],[-80.3243881861658,26.0636234125905],[-80.3244661852662,26.0636184123599],[-80.3257071957304,26.0635899695015],[-80.3259931864364,26.0635834125445],[-80.3260711855368,26.0635774113685],[-80.3268193648218,26.0635678614677],[-80.3274811867073,26.0635594114377],[-80.327794185853,26.0635514110688],[-80.3293991879221,26.063530411899],[-80.3299141891885,26.0635244116223],[-80.3301101874351,26.063518412245],[-80.3302661883339,26.063518412245],[-80.3303841883795,26.0635174121988],[-80.3304621883793,26.063512411069],[-80.3313621894135,26.0634954120836],[-80.3314411885599,26.0634974112766],[-80.332106189549,26.0634854116225],[-80.3321841895487,26.0634804113919],[-80.3328491905377,26.0634684117379],[-80.3330451905831,26.0634684117379],[-80.3335931906732,26.063458412176],[-80.3336711906729,26.0634524118993],[-80.3337491915719,26.0634534119454],[-80.3345711917071,26.0634364111615],[-80.3346491908075,26.0634384112537],[-80.3351961917508,26.0634284116919],[-80.3352751917966,26.0634234114613],[-80.3366821919296,26.0634014113461],[-80.3368781937736,26.0633934109772],[-80.3374251929183,26.0633834114154],[-80.337503192918,26.0633864115537],[-80.3380201942765,26.0633734109542],[-80.3380421925931,26.0633744118996],[-80.3380811934923,26.0633714117613],[-80.3381211926389,26.0633734109542],[-80.3387091936743,26.0633624113462],[-80.338787193674,26.0633574111157],[-80.3400901944069,26.0633344109543],[-80.3404331949359,26.0633284106777],[-80.3407461949809,26.063319411162],[-80.3421181961977,26.0632944109084],[-80.3422741961971,26.0632924108161],[-80.342353196243,26.0632874105856],[-80.3441171966513,26.0632574110008],[-80.3443131966966,26.0632504115773],[-80.3445421973645,26.0632464104935],[-80.3457671980977,26.0632254104244],[-80.3459291974744,26.0632224111854],[-80.3460621982118,26.0632204101938],[-80.346078197151,26.0632204110931],[-80.3462741980957,26.0632134107703],[-80.3464171974956,26.063210410632],[-80.3465801978178,26.063207411393],[-80.3467781970561,26.0632034112085],[-80.346941199177,26.0632014111162],[-80.3473731984143,26.063230410655],[-80.3474931976529,26.06323941107],[-80.3475701985058,26.0632534108163],[-80.3475951987594,26.0632574110008],[-80.3476311995202,26.0632634103781],[-80.3476701995201,26.063270410701],[-80.3476961998197,26.0632754109315],[-80.3481780116059,26.0631569036682],[-80.348501199171,26.0630774107939],[-80.3488501999767,26.0629764106329],[-80.348421199079,26.0629634109327],[-80.3484141996556,26.0629504112325],[-80.3489962004143,26.062954411417],[-80.3500162006871,26.0629464101488],[-80.3521992015319,26.0628934104026],[-80.3527592012761,26.0628804107025],[-80.3528932011603,26.0628774105641],[-80.3536082017571,26.0628574105411],[-80.3537442026328,26.0628604106794],[-80.3539752024936,26.0628664100568],[-80.3541542026543,26.0628714102874],[-80.3542893482748,26.0628753565126],[-80.3542912026768,26.0628754104719],[-80.355041203089,26.062856410495],[-80.3571702050409,26.0628034098495],[-80.3572912052249,26.0628014106566],[-80.3578852056377,26.062787410011],[-80.3580422047839,26.0627834098266],[-80.3581282051525,26.0627824097804],[-80.358679205381,26.0627774104492],[-80.360130207543,26.0628534094573],[-80.3604872060197,26.0628714102874],[-80.3606152065265,26.0628784106102],[-80.3610992063632,26.0629044100106],[-80.3611122069627,26.0629034099645],[-80.3613472061086,26.0629034099645],[-80.3617090042671,26.0629039864299],[-80.36197520719,26.0629044100106],[-80.3620912080428,26.0628974105871],[-80.362136682262,26.062895209946],[-80.3621739492683,26.0628934068054],[-80.3623392077882,26.0628854100337],[-80.3623411647129,26.0629568135062],[-80.3623412078804,26.0629584098028],[-80.3623422061279,26.0629724104484],[-80.3623502073961,26.0631774100095],[-80.3623532075345,26.0632514107241],[-80.3623598993898,26.0632511058539],[-80.3623972077649,26.0632494106319],[-80.3624832081335,26.0632474096403],[-80.3625292075569,26.0632454095481],[-80.3625742078334,26.0632444095019],[-80.3632032071623,26.0632264104705],[-80.3650912087922,26.063173409825],[-80.3657212099658,26.0631564099404],[-80.366845210538,26.0631244102633],[-80.3676942101197,26.063101410102],[-80.3702202123928,26.0630434101253],[-80.3708812122981,26.0630284094336],[-80.3713462130572,26.0630184098718],[-80.3715062132411,26.0630144096873],[-80.3717832134245,26.0630094103561],[-80.3719892121324,26.0630054092722],[-80.3721502123624,26.0630024100332],[-80.372455213837,26.0629954097104],[-80.3730172136734,26.0629844092032],[-80.3733712138105,26.0629754096874],[-80.3736772135325,26.0629694103101],[-80.3737532152387,26.0629674102179],[-80.373983214154,26.0629614090418],[-80.3741832143838,26.0629574088574],[-80.3774012161931,26.0628844099876],[-80.3778862169753,26.0628774087655],[-80.3779942165598,26.062879409757],[-80.3782932168584,26.0628884092727],[-80.3784972172727,26.0628974087884],[-80.3785952163961,26.062902409019],[-80.3786462169493,26.0629004098261],[-80.3788132165566,26.062893408604],[-80.3790502175934,26.0628694092958],[-80.3807382180943,26.0628034089502],[-80.3819082180897,26.0627714092732],[-80.3838822200884,26.0626954093657],[-80.3847652203386,26.0626844088584],[-80.3855182208891,26.0626704091121],[-80.3877432227714,26.0626114090893],[-80.3892152232039,26.0626024086742],[-80.3897952229711,26.0625964083975],[-80.3903082241452,26.0625924082131],[-80.3912602239801,26.0625574083977],[-80.3917862248544,26.0625574083977],[-80.3923672246676,26.0625354091819],[-80.3928222240663,26.0625294089052],[-80.3932352260248,26.0625544082594],[-80.3932852256326,26.0625554083055],[-80.3937292263227,26.062560408536],[-80.3938582259763,26.0625634086744],[-80.3939802253071,26.0625434086514],[-80.3941372262519,26.0625054086977],[-80.3943052259054,26.0624914080521],[-80.3957182272144,26.0624674087439],[-80.39637122765,26.0624654086517],[-80.3987012289785,26.0623934080294],[-80.4012512296605,26.0623214083064],[-80.4037532326255,26.0622504077302],[-80.4060102332856,26.0622044083069],[-80.4098592354154,26.0621154077999],[-80.4098742352077,26.0621154077999],[-80.4100432358066,26.062113408607],[-80.4116012357084,26.0620994079613],[-80.4133672371083,26.0620664073389],[-80.4172232395608,26.0619344075469],[-80.4178612393047,26.0619314074086],[-80.4179072396274,26.0619304073625],[-80.4189792404995,26.0619014069244],[-80.4196172411427,26.0618904073165],[-80.4213482418279,26.061814407409],[-80.4225302432761,26.0617884071094],[-80.4247892440284,26.0617904072016],[-80.4259412449924,26.0617914063484],[-80.4260122455686,26.0617914063484],[-80.426703245958,26.0618074070862],[-80.4268312455655,26.0618114063714],[-80.4280402473595,26.0618324073397],[-80.4306332473265,26.0618494063251],[-80.4316772478067,26.061837406671],[-80.4318982481057,26.0618454061406],[-80.4333152486997,26.0618414068555],[-80.4336402483987,26.0618594067863],[-80.4344422494103,26.0619024069705],[-80.4346582503779,26.0619154066707],[-80.4374022519124,26.0619314065092],[-80.4401632533314,26.061940406025],[-80.4419810367954,26.0619453406051],[-80.4420873537483,26.0659692869531],[-80.4421900599233,26.0697868604753],[-80.4422037754838,26.0702966537676],[-80.4422682550759,26.0731994117235],[-80.4422928866074,26.0741967409868],[-80.4422948192505,26.0743713614492],[-80.4423618304341,26.0804266190932],[-80.4423275752574,26.0876547266843],[-80.4426363394954,26.0948839233544],[-80.4427156219284,26.1023187985737],[-80.4427573630618,26.1095304413768],[-80.4432431804284,26.1112018403926],[-80.4432457866637,26.1112108057342],[-80.4432502571936,26.1113854315924],[-80.4432702572166,26.112150431797],[-80.443291258185,26.1129424323474],[-80.4442642589883,26.1171304339224],[-80.4465512601325,26.1269654396034],[-80.4492202627049,26.1384474447938],[-80.4497572631871,26.1407554460071],[-80.4497162621957,26.1418504470406],[-80.4497134293313,26.1418550236904],[-80.4496382630953,26.1419764465558],[-80.4481792623631,26.1439974471245],[-80.4480282616949,26.1441374481847],[-80.4477992619264,26.144404447907],[-80.4476052610739,26.1446334476755],[-80.4473732611671,26.1449044475822],[-80.4473342620665,26.1449504479049],[-80.4471222612833,26.1451984485496],[-80.4471142609144,26.1452074489646],[-80.4468862611919,26.145475448733],[-80.4468022609155,26.1455854484097],[-80.4465512610319,26.1459174493309],[-80.4464682608016,26.1460284490537],[-80.446450828343,26.1460580844131],[-80.4464482607786,26.146062448823],[-80.4461882604798,26.1465014492825],[-80.4460479230731,26.1467388595108],[-80.4417154912769,26.1460951211929],[-80.4415462577535,26.145941448639],[-80.4413732578696,26.1458144490776],[-80.4413262575007,26.1457804493083],[-80.4412222581007,26.1457244485245],[-80.4411342576398,26.1456754489628],[-80.4411248066645,26.1456703516055],[-80.4410452580322,26.1456274494473],[-80.4408772574794,26.145556448871],[-80.440640257342,26.1454674492634],[-80.4387942558502,26.1449274486429],[-80.4382822565209,26.1447644483207],[-80.4377212558313,26.1445794487826],[-80.4373902558556,26.1444324491982],[-80.4366822546823,26.1442484488069],[-80.4355732539025,26.1439334477705],[-80.4346782530989,26.1437024479097],[-80.4339692536781,26.1435284479795],[-80.4321862523936,26.143106448304],[-80.4313302515898,26.14293344842],[-80.4311622519363,26.1429004477975],[-80.4304302514549,26.1427364474292],[-80.4299432505805,26.1426234476141],[-80.4294112512282,26.142499448191],[-80.4287812500546,26.1423484475229],[-80.4279332505191,26.1421454471547],[-80.4274662496676,26.1420324473396],[-80.4274432495063,26.1420274480084],[-80.4272112487001,26.1419794475935],[-80.4260682481511,26.1416964480327],[-80.4258512489359,26.1416434473873],[-80.4256032491905,26.1415844473644],[-80.4250932481548,26.1414614479875],[-80.4245692473729,26.1413364467197],[-80.4235652469385,26.1410904470665],[-80.4231172469633,26.1409814474359],[-80.4230562468482,26.1409674467903],[-80.4223202470817,26.1407934468601],[-80.4220102462758,26.1407214471371],[-80.4201172453146,26.1402584464702],[-80.4194562445101,26.1400974471395],[-80.4193832456402,26.1400794463095],[-80.4187702443513,26.1399334467712],[-80.4184202434994,26.1398504474403],[-80.4169342433206,26.139485446796],[-80.4166692436906,26.1394214465426],[-80.4163222429771,26.1393384463123],[-80.4159392433014,26.1392474475118],[-80.4148682415761,26.1389924465443],[-80.4147932417147,26.1389744466135],[-80.4144122421312,26.1388824468675],[-80.411785239697,26.1382474463626],[-80.4116382401127,26.1382124456479],[-80.4110822396536,26.138078446663],[-80.4057232362383,26.1367784451692],[-80.40332023604,26.1361954452636],[-80.4021232347994,26.13590544538],[-80.4007102334904,26.135571445266],[-80.4005692341828,26.1355374445974],[-80.4005462322228,26.1355324452662],[-80.399748232295,26.1353354451747],[-80.3988322341203,26.1351084454984],[-80.3983712326462,26.1349964448301],[-80.3974952309201,26.1347834449001],[-80.3962542303484,26.1344824454086],[-80.3924652282876,26.1335784450892],[-80.3918362280594,26.1334264443749],[-80.389659226592,26.1329034445384],[-80.3891172258793,26.1327724447925],[-80.3874922255857,26.132382444794],[-80.3869512258184,26.1322524450943],[-80.3863252248292,26.1321014435268],[-80.3857292243242,26.131958444127],[-80.3839592245386,26.1315324433676],[-80.3824022228843,26.131147444499],[-80.382066222678,26.1310674435078],[-80.3808442211839,26.1307784436703],[-80.3795252215117,26.1304654436254],[-80.3780272198803,26.1301114434884],[-80.3768262193545,26.1298164433742],[-80.3761522188498,26.129662443467],[-80.3755702189904,26.1295244433984],[-80.3742522175658,26.1292144434918],[-80.3740522173359,26.129167443123],[-80.3733182176616,26.1289954423858],[-80.3705912151124,26.128358442688],[-80.3705162152511,26.1283404427573],[-80.369583215393,26.1281194433577],[-80.3693972149095,26.1280754431273],[-80.3688392143582,26.127943442436],[-80.368653214774,26.1278994431049],[-80.3685802141056,26.1281504429886],[-80.3685512145669,26.1282514422503],[-80.36853221459,26.1283184426421],[-80.3685213912491,26.1283580388924],[-80.3670251208126,26.1279945167336],[-80.3666998755987,26.1282821307158],[-80.3436634778872,26.1486475671315],[-80.343482200643,26.1487964543929],[-80.3414711996361,26.1504984555393],[-80.3397814931214,26.1520794681929],[-80.2980535896015,26.1889695335172],[-80.2976507230024,26.1893255166593],[-80.297630732872,26.1936330624159],[-80.2976305629001,26.1936723484002],[-80.2976237244553,26.1936722998368],[-80.2973661766077,26.193670479609],[-80.2965881758036,26.1936664794246],[-80.2955271745394,26.1936594791017],[-80.2954581749548,26.1936594791017],[-80.295443174263,26.1936594791017],[-80.2953531746093,26.1936584799549],[-80.295048174034,26.1936564789634],[-80.2948651736888,26.1936494786406],[-80.294683174289,26.1936544788712],[-80.2930751729808,26.1936054793095],[-80.2918391726396,26.1935994790328],[-80.2915371722027,26.1935944797015],[-80.2911291713741,26.1935964788944],[-80.2910611718356,26.1935964797938],[-80.2908561722745,26.193598479886],[-80.2907891718828,26.1935994790328],[-80.2901771715392,26.1936044792633],[-80.2883421705547,26.193621479148],[-80.2877311702572,26.1936284794708],[-80.2875031696356,26.1936314796092],[-80.2873731699358,26.1936324796553],[-80.2862981689253,26.1936464803008],[-80.2859411677506,26.1936514796321],[-80.2856261685128,26.1936544797705],[-80.2846811690007,26.1936654793784],[-80.2843671680104,26.193670479609]]]},"properties":{"OBJECTID":6,"DISTRICT":6,"DISTRICT_NAME":"SCHOOL BOARD: DISTRICT 6","JURISDICTION":"School Board District 6","TENEX_NAME":"SCHOOL BOARD DIST 6","OFFICE_HOLDER":"Brenda Fam, Esq.","DISTRICT_WEBSITE":"https://www.browardschools.com/Domain/12453","OFFICE_HOLDER_WEBSITE":"https://www.browardschools.com/school-board/district-6","OFFICIAL_MAP":"https://resources.finalsite.net/images/v1760712163/browardschoolscom/klge1bxhiyztbmdp3bpo/District6.pdf","ESRI_MAP":"https://bcgishub.broward.org/hbm/rest/services/SOE/SchoolBoardMunicpalDistricts2022/FeatureServer","ESRI_LAYER":"https://bcgis.maps.arcgis.com/home/item.html?id=0e1537af2caa4c5fbd5ee9e688b0c2d9&sublayer=17","Shape__Area":287193543.94140625,"Shape__Length":90228.91593207691}},{"type":"Feature","id":7,"geometry":{"type":"Polygon","coordinates":[[[-80.0742253823955,26.2810730441857],[-80.0743770485619,26.2792845318557],[-80.0747539877063,26.2743586410385],[-80.0784766899472,26.2537886007633],[-80.0786700504824,26.2535685186722],[-80.0803190518827,26.2522575175705],[-80.0816000516011,26.246528515079],[-80.084601053296,26.2318785067877],[-80.0888230546402,26.2319135066031],[-80.0888250547325,26.2318975067646],[-80.0888320550553,26.2318525064881],[-80.0888350551936,26.2318375066956],[-80.0889810547318,26.2318575067186],[-80.0894210552375,26.2319185068337],[-80.0895680557211,26.2319395069028],[-80.0896300558823,26.2319445071333],[-80.0898160563659,26.2319555067413],[-80.0898790556739,26.2319685064415],[-80.0900890554655,26.2319685064415],[-80.0907200557859,26.2319685064415],[-80.090931056523,26.2319685073408],[-80.0912110559455,26.2319625070641],[-80.0920530570029,26.2319485073178],[-80.0921530571179,26.2319475072717],[-80.0923330573247,26.2319275063494],[-80.092428057209,26.2319235070643],[-80.0927140569082,26.2319155066953],[-80.0928100568386,26.231912506557],[-80.0929530571378,26.231912506557],[-80.0933820580355,26.231912506557],[-80.0935250583348,26.2319135066031],[-80.0936030583345,26.2319135066031],[-80.0938360573881,26.2319135066031],[-80.0939150583332,26.2319135066031],[-80.0943090585162,26.2319135075024],[-80.094845058053,26.2319145066492],[-80.0951940588587,26.2319145066492],[-80.0962420595234,26.2319155066953],[-80.0965920594759,26.2319165067415],[-80.0968610601897,26.2319115065109],[-80.0976700606248,26.2318995059575],[-80.0979400604854,26.2318955066723],[-80.0981570605998,26.2318915064879],[-80.0988090609893,26.2318835061189],[-80.0990270611499,26.2318815069261],[-80.0992180609647,26.2318805068799],[-80.0997940623461,26.2318805068799],[-80.0999860613076,26.2318805068799],[-80.1001710617451,26.2318785058884],[-80.1007290622964,26.2318745066033],[-80.1009150618806,26.2318735065571],[-80.1011080626869,26.2318695063727],[-80.1016880624541,26.2318615060037],[-80.1018820633066,26.2318595068108],[-80.1020830626831,26.2318555066264],[-80.1026890636493,26.2318445061191],[-80.1027550639949,26.231843506073],[-80.1028910630721,26.2318415059807],[-80.1030870631174,26.2318385067417],[-80.1036750632535,26.2318315064189],[-80.103872063345,26.2318295063267],[-80.1040760637593,26.2318265061884],[-80.1046910642412,26.2318195058655],[-80.1048960638022,26.2318175066727],[-80.105101065162,26.2318135055889],[-80.1057180657361,26.2318055061192],[-80.1059240653433,26.2318025059809],[-80.1060660646971,26.2318025059809],[-80.1064930646032,26.2318025059809],[-80.1066360658018,26.231803506027],[-80.1066840653173,26.2318015059348],[-80.1068320649478,26.2317965057042],[-80.1068810654088,26.2317955065574],[-80.1070420656388,26.2317955065574],[-80.1075250654294,26.2317975057504],[-80.1076860665587,26.2317985066958],[-80.1078470667887,26.2317935064652],[-80.1083300665793,26.2317825059579],[-80.1084920668554,26.2317795058196],[-80.1085330669474,26.2317795058196],[-80.1086560663244,26.2317795058196],[-80.1086980664626,26.2317795058196],[-80.1088600667387,26.2317765065806],[-80.1093480676591,26.2317715054507],[-80.109511067082,26.2317695053584],[-80.1097150674963,26.2317665061194],[-80.1103290670328,26.2317585057505],[-80.1105340674932,26.2317565065576],[-80.1105760685307,26.2317565065576],[-80.1107030680921,26.2317575057044],[-80.1107460682764,26.2317585057505],[-80.1107430672387,26.2316285060508],[-80.1116080684575,26.2316235058202],[-80.1125710696991,26.2316195056357],[-80.113471069834,26.2316155063506],[-80.1154490711177,26.2315895051516],[-80.1176270717319,26.231561505659],[-80.1176290718242,26.2316855059814],[-80.1178270719618,26.231682505843],[-80.1184240725129,26.2316765055663],[-80.1186240718434,26.2316745054741],[-80.1188660722114,26.2316705052896],[-80.1195950734539,26.2316605057278],[-80.119838073868,26.2316575055895],[-80.1199840734062,26.2316555054972],[-80.1204260731047,26.2316495052206],[-80.1205730735884,26.2316485060737],[-80.1207580740259,26.2316465059815],[-80.1213170746233,26.2316435049438],[-80.1215030742075,26.2316425057971],[-80.1217370742066,26.2316385056126],[-80.1224430743884,26.2316295051975],[-80.1226780744336,26.2316265050592],[-80.1230030750319,26.231622505774],[-80.1239820752126,26.2316115052668],[-80.124308075857,26.2316085051284],[-80.1245370765248,26.2316175046442],[-80.1252250758765,26.2316465050822],[-80.1254550765905,26.231656504644],[-80.1255280772589,26.2316595047824],[-80.1257470774656,26.2316685051974],[-80.1258210763816,26.2316715053357],[-80.1259010764734,26.2316745054741],[-80.1260860769109,26.2316825049437],[-80.1261430777408,26.231684505036],[-80.1262240769796,26.2316885052204],[-80.1270510773453,26.2316985047822],[-80.1271650781058,26.2317005048744],[-80.1283620775478,26.2316835058891],[-80.1295340794342,26.2316705052896],[-80.1303620798461,26.2316615057739],[-80.1305560797992,26.2316595047824],[-80.1311370796125,26.231653505405],[-80.1313320796118,26.2316515053127],[-80.1315260804642,26.2316495052206],[-80.132111080462,26.2316445049899],[-80.1323070805073,26.2316435049438],[-80.132394080922,26.2316425048977],[-80.1326550812669,26.2316395047594],[-80.1327430808285,26.2316395056587],[-80.1328290802978,26.2316385056126],[-80.1329430810583,26.2316365046211],[-80.1330860813575,26.2316355045749],[-80.1331730808729,26.2316355054742],[-80.1334350812639,26.2316315052898],[-80.1339440822535,26.2316235049209],[-80.1342230825292,26.2316195047364],[-80.1344860811677,26.231616504598],[-80.1346400828735,26.2316155054513],[-80.134780082135,26.2316145054052],[-80.1355010821092,26.2316045040447],[-80.1357520828923,26.231604504944],[-80.1363030822214,26.2316075050824],[-80.1363510835357,26.231607504183],[-80.1363510826363,26.2314385053828],[-80.136530082797,26.2314375044373],[-80.1366110838344,26.2314375053367],[-80.136619083304,26.231604504944],[-80.1373200841545,26.2315985046673],[-80.1374560832316,26.2315985046673],[-80.1377160835304,26.2315995047134],[-80.138349083943,26.2315995047134],[-80.1386000838268,26.231595504529],[-80.1386840841031,26.231595504529],[-80.1388970840331,26.2315925052899],[-80.1395380848147,26.2315825048288],[-80.1397520847908,26.2315805047365],[-80.1399080856896,26.2315765045521],[-80.1403780848807,26.2315635048519],[-80.1405350858255,26.2315605047136],[-80.1406340858943,26.2315575045752],[-80.1409310852014,26.2315505042524],[-80.1410240858928,26.2315495051056],[-80.1410710853623,26.2315485050595],[-80.141170085431,26.2315475041141],[-80.1414610862601,26.2315465049673],[-80.1427320864166,26.2315425038835],[-80.1427510863935,26.2315425047828],[-80.1431820873834,26.2315415038374],[-80.1432800874061,26.2315405046906],[-80.1433820867139,26.2315405046906],[-80.1435750875202,26.2315385045983],[-80.1436740866897,26.2315375045522],[-80.1438650874038,26.2315345044139],[-80.1444410878859,26.2315275049904],[-80.1446330877468,26.2315265040449],[-80.1448310878844,26.2315255039988],[-80.1452460890358,26.2315255048982],[-80.1454250891965,26.2315265040449],[-80.1456240884809,26.2315285050365],[-80.1457750882497,26.2315265040449],[-80.1462280884555,26.2315225038605],[-80.1463800891697,26.2315225047598],[-80.1465360891692,26.2315205046676],[-80.1470030891212,26.2315175045293],[-80.1471600900661,26.2315165044831],[-80.1473210893967,26.2315145043909],[-80.1478060892796,26.2315105042065],[-80.1479680895556,26.2315105042065],[-80.1481100907081,26.2315085041142],[-80.1485370906142,26.2315045039298],[-80.1486800900141,26.2315045048291],[-80.1491930902889,26.2315005037453],[-80.1494050910721,26.2314995045985],[-80.1503440912068,26.2314845039068],[-80.1507310919663,26.2314805037223],[-80.1512450922871,26.2314765044372],[-80.151742091824,26.2314815037684],[-80.15178209187,26.2314825047139],[-80.1523200923983,26.2314745034456],[-80.1531960923257,26.2314395045296],[-80.1532330931327,26.2314365034919],[-80.1536860933385,26.2314045047142],[-80.1540230935909,26.2313845037918],[-80.154905093795,26.231336503377],[-80.1552000939092,26.2313215035846],[-80.1552250941628,26.2313195034923],[-80.1553030941624,26.2313155042072],[-80.1553290944621,26.2313145041611],[-80.1555980942766,26.2313145041611],[-80.1564050946194,26.2313165042533],[-80.1566390955178,26.2313175042995],[-80.1566330952411,26.2311265035853],[-80.1566330952411,26.2309125036092],[-80.1566240948261,26.230688503172],[-80.1566110942266,26.2302525037501],[-80.1565830956333,26.2292535035464],[-80.1565090949188,26.2266515013657],[-80.1565080948727,26.2266145014581],[-80.1565040946882,26.2264795015278],[-80.1564990944576,26.2263125010211],[-80.1564750951495,26.2254085007018],[-80.1564670947806,26.2251075012103],[-80.1564560942733,26.2248945003809],[-80.1564460947114,26.2247005004278],[-80.1564430945731,26.2246825004971],[-80.1564310949191,26.2242575006832],[-80.1564250946424,26.2240454998999],[-80.156422094504,26.2239705000386],[-80.1564140941351,26.2237465005006],[-80.1564120940429,26.2236724997861],[-80.1564040936739,26.22345849981],[-80.1563810935126,26.22281950002],[-80.1563740940891,26.2226064991907],[-80.1563510948271,26.2219374998158],[-80.1562850944815,26.2199324981863],[-80.1562650944585,26.2192964976353],[-80.156261094274,26.2191874971053],[-80.1562490937206,26.2188734979136],[-80.1562040943434,26.2177024969727],[-80.1561900936978,26.2173124969742],[-80.1561830942743,26.2171034963293],[-80.1561620933059,26.2164794963317],[-80.1561550947818,26.216271495733],[-80.156151093698,26.2161554957796],[-80.1561490945051,26.2160854961488],[-80.1561420941822,26.2158984965184],[-80.1561390931446,26.2158094960115],[-80.1561390940439,26.215796495412],[-80.1561350938595,26.2156944952049],[-80.1561310945743,26.2155934959432],[-80.1561280935367,26.215491495736],[-80.1561170939287,26.2151854960139],[-80.1560660933754,26.213661494982],[-80.1560490934908,26.2131534940386],[-80.1560250932834,26.212699494686],[-80.1559560927994,26.2113404940686],[-80.1559330935374,26.2108874938628],[-80.1559290933529,26.2107214934023],[-80.1560630941365,26.2107214934023],[-80.1572480939244,26.2106694937022],[-80.1582340944279,26.2106204932412],[-80.1595320958295,26.2105544928956],[-80.1599450959894,26.210535493818],[-80.1617660972275,26.2104404930344],[-80.1634290983741,26.2103424930117],[-80.1639320981877,26.2103154926659],[-80.1650870992902,26.2102524924586],[-80.1670520999744,26.210143492828],[-80.1678491007553,26.2101024927359],[-80.1686491007753,26.2100534922749],[-80.1695861017172,26.209993492206],[-80.1705691020824,26.2099384923676],[-80.1718241032997,26.2099094928289],[-80.1718431023772,26.2099904920676],[-80.1720931022148,26.2099804925058],[-80.1726531037577,26.2099704920447],[-80.1727141038727,26.2099704920447],[-80.1731321033639,26.2099644926673],[-80.1732451040783,26.209962492575],[-80.173600103362,26.2099424916527],[-80.1737971034535,26.2099294919525],[-80.1741001048359,26.2098764922064],[-80.1746431046955,26.2097344919533],[-80.1748341045103,26.2096694925531],[-80.1748971047176,26.2096484915847],[-80.1750391040713,26.2096004929684],[-80.1754981045539,26.2094464921619],[-80.1758141047371,26.2093614918394],[-80.1760631054279,26.2093114922316],[-80.1762891050581,26.2092844918858],[-80.1763101051272,26.2092824917936],[-80.1763301051502,26.2092784916092],[-80.1767971060016,26.2092444918399],[-80.1769741060701,26.2092404916554],[-80.1786011073552,26.2092084919784],[-80.1796341073281,26.2091884910561],[-80.1804781075786,26.209176491402],[-80.1816471084273,26.2091614916096],[-80.1821351084484,26.2091484919094],[-80.1825101086545,26.2091394914944],[-80.1834031102653,26.2091504911023],[-80.1835981093652,26.2091684919324],[-80.1840851093403,26.2092144913557],[-80.1842721098699,26.2092604916784],[-80.1847891103291,26.2093884912859],[-80.1848331105596,26.2094034910783],[-80.1850161109048,26.2094654912395],[-80.1851841105582,26.2095224920694],[-80.1852471107655,26.2095434912392],[-80.1852671098892,26.2095464922768],[-80.185706111248,26.2096414921612],[-80.1858411111783,26.209671491746],[-80.1858811112243,26.2096764919765],[-80.18599911127,26.209691491769],[-80.1860171112007,26.2096924918151],[-80.1862191115227,26.2097144919303],[-80.1862841109229,26.2097174911693],[-80.1864281112683,26.2097244914921],[-80.1864691113603,26.2097274916305],[-80.1864901114295,26.2097274916305],[-80.1865661122363,26.2097264915844],[-80.1879801117927,26.2097324918611],[-80.1879941124383,26.2097294917227],[-80.1881711125068,26.2096844914462],[-80.1881541126222,26.2093144914707],[-80.1881521125299,26.2092424908483],[-80.1881511124838,26.209208491079],[-80.1895671130318,26.2091754913559],[-80.1914201139471,26.20913549131],[-80.193846115206,26.2090814906184],[-80.1951721169996,26.2090384913333],[-80.195400116722,26.2090384913333],[-80.1955521165369,26.209038490434],[-80.1955521174363,26.2090734902494],[-80.1955921165829,26.2090724911026],[-80.1955911165368,26.2091514911485],[-80.1955891164445,26.2093904913781],[-80.1955741166521,26.2094694914239],[-80.195564116191,26.2095234912162],[-80.1955711165138,26.2099224916298],[-80.1955771167904,26.2103044912593],[-80.1955761167443,26.2105144919503],[-80.1955791168827,26.2107614925489],[-80.1956011169979,26.2122964922893],[-80.1956081164214,26.2128854933709],[-80.1956361168133,26.2150474941466],[-80.1958121168357,26.2150464932011],[-80.1967651176161,26.215042493916],[-80.1970831178916,26.2150414938699],[-80.1971611178912,26.2150404938238],[-80.1973981180287,26.2150394937777],[-80.1974781181206,26.2150394937777],[-80.1978391176811,26.2150374945847],[-80.198926119245,26.2150324943542],[-80.1992881188515,26.2150314943081],[-80.1993851197275,26.2150314943081],[-80.199444118851,26.2130904929319],[-80.1994441197503,26.2130044925633],[-80.1996901194034,26.2129074925867],[-80.1999691196791,26.2129044933478],[-80.2008091206444,26.2128994931172],[-80.2010891200668,26.2128984930711],[-80.2011091200898,26.2129274926098],[-80.2011431198591,26.212946493486],[-80.2011871209888,26.2129554930016],[-80.2017011204104,26.2129524928633],[-80.2028821209131,26.2129454925405],[-80.2028861210975,26.2130964932086],[-80.2028921213742,26.2133914933228],[-80.2029041210283,26.2139194933899],[-80.2029051210744,26.2139844936895],[-80.2029141205902,26.2143334935959],[-80.2029321214202,26.2150194937547],[-80.2035581215101,26.2150164945157],[-80.2041011213696,26.2150114942851],[-80.2041021223151,26.2150314934087],[-80.204122122338,26.2157824947663],[-80.2042111219457,26.2190874960911],[-80.2042131220379,26.2191504953991],[-80.2043961223831,26.2191494953529],[-80.2043971224292,26.2191714954682],[-80.2043991225215,26.2192264962059],[-80.2043991216221,26.2192644961596],[-80.2044001225676,26.2193814961591],[-80.2044011217144,26.219420496159],[-80.2044011217144,26.2194704957668],[-80.2044041218527,26.2196234956279],[-80.2044051218988,26.2196744961811],[-80.2044051218988,26.2197244966882],[-80.204407121991,26.2198614967107],[-80.2044071228903,26.2198774956499],[-80.2044081229365,26.2199284962032],[-80.2044091220833,26.2200124955802],[-80.2044091220833,26.2200794968713],[-80.2052161224261,26.2200804960181],[-80.2070741235719,26.2200814960643],[-80.2071831250012,26.2200814960643],[-80.2073461235248,26.2200804969174],[-80.2080551247442,26.2200814969636],[-80.209550125338,26.2200824961104],[-80.2108871258401,26.2200784959259],[-80.2125181273097,26.2200824961104],[-80.2125181273097,26.2201224961563],[-80.2125191273558,26.2201934967325],[-80.2125191273558,26.2202594961789],[-80.2125191273558,26.2204584963626],[-80.2125201274019,26.2205254967543],[-80.2125241266871,26.2206214957854],[-80.2125391273788,26.2209104965223],[-80.2125441267101,26.2210074964988],[-80.2125481268945,26.2211034964293],[-80.2125631275862,26.221394496359],[-80.2125681278168,26.2214914972349],[-80.2125681269175,26.2215454970271],[-80.2125711279551,26.2217084973493],[-80.212572127102,26.2217634971877],[-80.212572127102,26.2218034963344],[-80.2125741271942,26.2219004972102],[-80.2141561282027,26.2219034973486],[-80.2162101293939,26.2219004972102],[-80.2176791305874,26.2219004963109],[-80.2205741318906,26.2219064965876],[-80.2205881316369,26.222335496586],[-80.2205941319136,26.2225054972309],[-80.2206021322825,26.2228854976676],[-80.22062613249,26.224025497179],[-80.2206351320057,26.2244054976157],[-80.2206451315676,26.2248334984672],[-80.2206751320517,26.2261204984623],[-80.2206861325589,26.2265494984607],[-80.2207091327203,26.2269014985054],[-80.2207391323051,26.2271814997265],[-80.2207961322356,26.2274854993564],[-80.2208961332499,26.2278384994472],[-80.2209251327886,26.2279194995853],[-80.2210451320272,26.2282484994687],[-80.2211321324419,26.2282494995148],[-80.2213941328329,26.2282524996532],[-80.2214821332938,26.2282544997454],[-80.221564133478,26.2282554988922],[-80.2218121332234,26.2282584990306],[-80.2218951325543,26.2282594990767],[-80.2223531329906,26.2282604991228],[-80.2237271334005,26.2282634992611],[-80.2241851347362,26.2282654993534],[-80.2248331349412,26.2282674994456],[-80.2267771364557,26.2282744988691],[-80.2274251366607,26.2282774999068],[-80.2280701367274,26.2282794990996],[-80.2300051378268,26.2282874994686],[-80.2306501378935,26.2282904987076],[-80.2311321385373,26.2282904996069],[-80.2320481385107,26.228291499653],[-80.2325781395695,26.2282924987998],[-80.2330601393139,26.2282944997914],[-80.2331921400052,26.2282944988921],[-80.2334561404884,26.2282944988921],[-80.2335881402804,26.2282944997914],[-80.2337211401185,26.2282954998375],[-80.2337221401646,26.2285974993752],[-80.233728139542,26.2295034997867],[-80.2337301396342,26.2297744996935],[-80.2337301405335,26.2298065002698],[-80.2337331406719,26.2298725006154],[-80.2337421401876,26.2300084996925],[-80.233746140372,26.2300745000382],[-80.2337501405565,26.2301404994845],[-80.2337531397955,26.2302055006834],[-80.23375713998,26.2302715001297],[-80.2337641403028,26.2312185006334],[-80.2337891405563,26.2344555024196],[-80.233795140833,26.2352145032468],[-80.2337981400721,26.2353185026468],[-80.2338001401643,26.2353755025774],[-80.2338051403948,26.2355345036145],[-80.2338481405792,26.2369275031018],[-80.2338611402794,26.2373505037228],[-80.2338761400717,26.2378015038364],[-80.2338821412478,26.2381485036506],[-80.2339801412705,26.2391005043848],[-80.2340141410397,26.2411045050689],[-80.2340241406015,26.2416325060354],[-80.234019140371,26.2424995064471],[-80.2340171411781,26.2429215061227],[-80.234016141132,26.2429465063762],[-80.2340091408092,26.2442865070167],[-80.2340071407169,26.244734506992],[-80.2340061415701,26.2448675077293],[-80.2340031414318,26.2452665081429],[-80.2340031414318,26.245400508027],[-80.2340021404864,26.2454345077964],[-80.2340021413857,26.2455395081419],[-80.2340021404864,26.2455745079572],[-80.2340011413395,26.2457515080257],[-80.2340001412934,26.2458335073106],[-80.2339971411551,26.2462835082773],[-80.2339971411551,26.246461508392],[-80.233996141109,26.2465965083222],[-80.2339941410168,26.2468575086671],[-80.2339941410168,26.2470025090586],[-80.2339941410168,26.247138509035],[-80.2339831414088,26.2490555093044],[-80.2339781411782,26.2500095101308],[-80.2339861406479,26.2502445101761],[-80.2340601413624,26.2526605109738],[-80.2341191413852,26.2548055127643],[-80.2341721411314,26.2567225139329],[-80.2341691418923,26.2567765137252],[-80.2341671418001,26.25680651331],[-80.2341591414312,26.2569395140474],[-80.2341571422383,26.2569945138858],[-80.2340521418928,26.2569525137475],[-80.2338471414324,26.2568695144166],[-80.2334541412956,26.2567065140944],[-80.2313491404505,26.2558385136365],[-80.2306481395999,26.255549513799],[-80.2302921393707,26.2554005132231],[-80.2292251387291,26.2549565125331],[-80.228870138546,26.2548095129487],[-80.2286331393079,26.2547105128799],[-80.2279221379962,26.2544165128119],[-80.2276851378588,26.2543185127892],[-80.2270551375845,26.2540515121676],[-80.2269341374005,26.2540005125137],[-80.2265371379785,26.2538435124682],[-80.2261001367119,26.2536965119845],[-80.2254191358844,26.2535135125386],[-80.2248391361172,26.2533925123546],[-80.2242921360732,26.2533125122627],[-80.2238191349451,26.2532645127471],[-80.2235891360298,26.2532605125626],[-80.2229301344181,26.2532495120554],[-80.2229011348794,26.2532495120554],[-80.2226721351109,26.253246511917],[-80.2224461354807,26.2532425126319],[-80.2217691339383,26.2532325130701],[-80.2215441343543,26.2532295129317],[-80.221248134194,26.2532245127011],[-80.2203621329061,26.2532125130471],[-80.2200671336912,26.2532085119633],[-80.2196451331164,26.2531995124476],[-80.2183821324294,26.2531725130011],[-80.2179611328,26.2531635116868],[-80.2178961325005,26.2531615124939],[-80.2178551315091,26.2531615124939],[-80.2177501320629,26.2531585123555],[-80.2177011325013,26.2531565131626],[-80.2176371322478,26.2531555122172],[-80.2175261316256,26.2531535130243],[-80.2173941318337,26.2531505128859],[-80.2166651314906,26.2531345130474],[-80.2164231311226,26.2531295128168],[-80.215822130387,26.2531165131167],[-80.2149811302749,26.2530985131859],[-80.2146741305067,26.2531005132781],[-80.214374130162,26.2531205133011],[-80.2141371300245,26.2531485127937],[-80.214023129264,26.2531645126322],[-80.2138221298873,26.2531945131163],[-80.213433129935,26.253272513116],[-80.213226128483,26.2533205126316],[-80.2126051286237,26.2534685131614],[-80.2123991290166,26.2535175127231],[-80.21196212775,26.253626513253],[-80.2106541276858,26.2539575132287],[-80.2102191274108,26.2540685129516],[-80.2101981273416,26.2540735140815],[-80.2101361271805,26.2540875129284],[-80.2101161271575,26.2540935141044],[-80.2100541269963,26.2541075129514],[-80.2098691274582,26.254153513274],[-80.2098081273431,26.2541695131126],[-80.2097411269514,26.2541855129511],[-80.2095401266754,26.2542345134121],[-80.2094741272292,26.2542515132968],[-80.2092511277373,26.2543065131351],[-80.2085851267022,26.254475513734],[-80.2083631263571,26.2545315136185],[-80.2083261264495,26.2545385139413],[-80.2082151267266,26.2545605140565],[-80.2081791268651,26.2545685135261],[-80.207987126105,26.254607513526],[-80.2079001265896,26.25461951318],[-80.2076031263832,26.2546645143559],[-80.2072181257159,26.2547095137331],[-80.2070571254859,26.2547185141482],[-80.2067751250719,26.2547365131796],[-80.206632125672,26.2547365131796],[-80.2062061249127,26.2547365140789],[-80.2060641246596,26.254737514125],[-80.2057881254216,26.2547385141711],[-80.2049611250558,26.2547435144017],[-80.2046861240653,26.2547455135946],[-80.2046751244574,26.2547535139635],[-80.204217124021,26.2547435144017],[-80.2041241233296,26.2547435135024],[-80.204035123722,26.2547425143556],[-80.2039371236992,26.2547425143556],[-80.2037951234461,26.2547395142172],[-80.2037041237462,26.2547385141711],[-80.2035501238391,26.254719513295],[-80.2032461233099,26.2546645143559],[-80.2030071230802,26.2545945138258],[-80.202832123104,26.2545505135954],[-80.2027731230811,26.2545365138491],[-80.202510122644,26.2544925136187],[-80.2023351226678,26.2544765137801],[-80.2022851230599,26.2544725135957],[-80.2018121228311,26.2544505134804],[-80.201638122901,26.2544425140109],[-80.2016461223706,26.2549675139397],[-80.2016721226703,26.2565445147176],[-80.201681122186,26.2570705155919],[-80.2016851223704,26.2573955152908],[-80.2016971229239,26.2583715162326],[-80.201701122209,26.2586975159776],[-80.2017031223012,26.259103516714],[-80.2017111235695,26.2603245172627],[-80.2017111235695,26.2603945168935],[-80.2017141228085,26.2607315171459],[-80.2017151228546,26.2609205168684],[-80.2017181229929,26.2614875178347],[-80.2017201230852,26.2616765175573],[-80.2017241232696,26.2624545183614],[-80.2017241232696,26.2626075182225],[-80.2017381230159,26.2647895190211],[-80.2017431232465,26.265568518972],[-80.2017411231542,26.2659095194089],[-80.2017351237769,26.2669365200044],[-80.2017341237308,26.2670685206957],[-80.2017341228315,26.2672785204874],[-80.2017531228083,26.2681945213601],[-80.2017861234308,26.2696765213544],[-80.2017941237997,26.270507522804],[-80.201799123131,26.2709445222719],[-80.2018101236383,26.2718615222915],[-80.2018721237994,26.2740855241277],[-80.2018691236611,26.2741825241043],[-80.2018671235688,26.2742585240117],[-80.2018671244682,26.2754275239611],[-80.2019391232919,26.2781075261415],[-80.2019471236608,26.2784055263939],[-80.2019511238453,26.2789365257001],[-80.2019591242142,26.2798285263655],[-80.2019601242603,26.2799335267109],[-80.2019621243525,26.280106526595],[-80.2019681237299,26.2805375275849],[-80.2019721239143,26.2808495266843],[-80.2019861236606,26.2818325279488],[-80.2019931248828,26.2822645280855],[-80.2020051245368,26.283057528682],[-80.2020411243983,26.2854365295722],[-80.2020511239602,26.2860445297313],[-80.2020541240985,26.2862295301687],[-80.2020531240524,26.2871635309722],[-80.2020531240524,26.2894015316554],[-80.2020621244674,26.2899655324834],[-80.2020771242599,26.2909005315344],[-80.2020831245365,26.2912845330548],[-80.2021021245134,26.2924385332118],[-80.2021091248362,26.2928235329797],[-80.2021111240291,26.2929365336941],[-80.2021171252051,26.2932785332777],[-80.2021181243519,26.2933575333236],[-80.2021331250436,26.2943145342884],[-80.2021371243288,26.2944295341957],[-80.2021601244901,26.2949825345164],[-80.2022261248358,26.2959515351353],[-80.2022911251353,26.2966535351326],[-80.2023111251582,26.296806535893],[-80.2023311251812,26.296959535754],[-80.2023971255269,26.2975305360055],[-80.2024511253192,26.2979845362574],[-80.2024621258264,26.2981465356341],[-80.202473124535,26.2982985363484],[-80.2024911253651,26.2985645369239],[-80.2024921254112,26.2988195360928],[-80.2024961255957,26.2992035367139],[-80.2024941255035,26.2993915372896],[-80.2024931254574,26.2995855363435],[-80.2024931254574,26.2996475365047],[-80.2024911253651,26.2998415364578],[-80.2024891261722,26.3002515364793],[-80.2024881252268,26.3002905373784],[-80.2024871251807,26.3003245371477],[-80.2024851250884,26.3008155373072],[-80.2024871251807,26.3011355376749],[-80.2024891252728,26.3014555371434],[-80.2024911253651,26.3016375383418],[-80.2024931254574,26.301771538226],[-80.2024971247425,26.3020535386399],[-80.2024971256418,26.3020875375099],[-80.2025121254342,26.3026475381534],[-80.2025211249499,26.303421538773],[-80.2025341255494,26.3045295395067],[-80.2025271261259,26.3048445396438],[-80.2025871261949,26.3087925418424],[-80.2026111264023,26.3103685425742],[-80.2026131255952,26.3120285435825],[-80.2026941266326,26.3149845441015],[-80.2027131266095,26.3153795443305],[-80.2027981260326,26.3174625450604],[-80.2028011270703,26.317617545913],[-80.2028211261939,26.3179915451737],[-80.2029121267932,26.3206885472387],[-80.2029571261704,26.323177548705],[-80.2030051274846,26.3254355494111],[-80.203031126885,26.3261845497772],[-80.2030691268387,26.3278345512236],[-80.2030121269081,26.3278365513158],[-80.2029751270005,26.3278385514081],[-80.2029421272773,26.3278395505549],[-80.2028971270008,26.327840550601],[-80.2028561269087,26.3278355503704],[-80.2028111275314,26.3278435507393],[-80.2027341266786,26.3278465508777],[-80.2027001269093,26.3278475518231],[-80.2026631270017,26.327849551016],[-80.2026491272554,26.327849551016],[-80.2026364863847,26.327850056435],[-80.2024660612597,26.3278493909367],[-80.2024041258497,26.3278415506471],[-80.202263126542,26.3278275518001],[-80.202223126496,26.3278265508547],[-80.2021951270034,26.3278275509008],[-80.2017003586845,26.3278463988922],[-80.2015244962585,26.3278457127095],[-80.2012741259002,26.3278425515925],[-80.2012341258542,26.3278445516848],[-80.201234010741,26.3278445777651],[-80.1925360934659,26.3278105968816],[-80.1925301210682,26.3278105510162],[-80.1923321209306,26.3278095509701],[-80.192328980498,26.3278097874917],[-80.1914949150582,26.327806529248],[-80.1914361200808,26.3278035515927],[-80.190534949928,26.3278027772764],[-80.185552703994,26.3277833132494],[-80.1778781117854,26.3278015515004],[-80.1778391126849,26.3277925519847],[-80.1777671120626,26.3277615514545],[-80.1777301121549,26.3277495518004],[-80.1776171123398,26.3277695518234],[-80.1776001124552,26.3277675517312],[-80.1775861127089,26.3277705518695],[-80.1775741121555,26.3277735520079],[-80.1775441125707,26.3277755521001],[-80.1775301119251,26.3277765521462],[-80.1774161120639,26.3277845525151],[-80.1773401121564,26.327766551685],[-80.1771651121801,26.3277725519617],[-80.1762381108001,26.3277735520079],[-80.17590311064,26.327774552054],[-80.1748791101828,26.3277915519386],[-80.1748001101369,26.3277955521231],[-80.1738666525239,26.3278110825155],[-80.1734554402163,26.3278120591792],[-80.1723571089934,26.3277985522614],[-80.1710641078223,26.327783552469],[-80.1710221085834,26.3277825524229],[-80.1710061087449,26.3277825524229],[-80.170898108261,26.327783552469],[-80.1708881077999,26.3277845525151],[-80.1708571081689,26.3277875526535],[-80.1703371075714,26.3277915519386],[-80.1702471079176,26.3277905518925],[-80.1702281079408,26.3277895518464],[-80.1701781074337,26.3277895527457],[-80.1701541072262,26.3277905527918],[-80.1701071077568,26.3277925519847],[-80.1700221074342,26.3278075517771],[-80.1699681067427,26.3278115528609],[-80.1699221073193,26.3278155521461],[-80.1698891066969,26.3278175522383],[-80.1698641073426,26.3278205523766],[-80.1697901075274,26.3278195523305],[-80.1697581078504,26.3278195523305],[-80.1697241080811,26.3278185522844],[-80.1696241079662,26.3278165521922],[-80.1695911073437,26.3278165521922],[-80.1695081080127,26.3278155521461],[-80.1694692393139,26.3278215326377],[-80.169380496013,26.327821743079],[-80.1693711070909,26.3278195523305],[-80.1689101074155,26.3278185531838],[-80.1676651066593,26.3278175531376],[-80.1669901052092,26.3277935520309],[-80.1668581063165,26.3277975522153],[-80.1661751053968,26.3278205523766],[-80.1661292264826,26.3278222206191],[-80.1639603386986,26.3278223384302],[-80.1626841026891,26.3278085527226],[-80.1621201036599,26.3278065526304],[-80.1611071019112,26.3278045525381],[-80.1597921015242,26.327800553253],[-80.1584441005148,26.3277915528379],[-80.1574140997809,26.3277935529302],[-80.1553370984283,26.3277805523307],[-80.1550570990059,26.3277795531839],[-80.1539240980186,26.3277725528611],[-80.1537750983421,26.3277755529994],[-80.1535850976741,26.3277795531839],[-80.1534540979283,26.3277815532761],[-80.1521800976333,26.3278045525381],[-80.1505530963483,26.3278135529532],[-80.1501340959118,26.3278125538064],[-80.1485170941885,26.3278125529071],[-80.148389094581,26.3278125529071],[-80.14809952907,26.3278232044773],[-80.1478482710808,26.3278232179672],[-80.1477160941224,26.3278165530915],[-80.1476676440465,26.3278232269604],[-80.1456705906252,26.3278233366777],[-80.145102093187,26.3278185540831],[-80.1433980919484,26.3278195541292],[-80.1425361592163,26.3278235075489],[-80.1293279413314,26.3278242279059],[-80.1290850830101,26.3278155539447],[-80.1286670835191,26.3278065535297],[-80.1283390827824,26.3277275543832],[-80.1281440827831,26.3277105544985],[-80.128039083337,26.3277135537376],[-80.1279940830605,26.3277155538298],[-80.1264630817058,26.3277625541985],[-80.1252420820564,26.3277605541064],[-80.1241200806771,26.3277525546367],[-80.1211030791437,26.3277435542217],[-80.1204470785698,26.3277925546827],[-80.1203830783164,26.3277935538295],[-80.1201940785938,26.3277995541062],[-80.1201300783404,26.3278005541523],[-80.1194610771669,26.3278105546134],[-80.1189680778145,26.3278185540831],[-80.1189250776302,26.3278195541292],[-80.1186587128293,26.3278248088679],[-80.1039173559012,26.3278256128618],[-80.1026805245865,26.327812373942],[-80.1020229232193,26.3278124153108],[-80.1019280672265,26.3278105546134],[-80.1001644121579,26.3277914152417],[-80.0994365305714,26.3276198614675],[-80.0988247334747,26.3272187215668],[-80.0983994206967,26.3266175562553],[-80.0983840872558,26.3265736927218],[-80.0983571633524,26.3264477516624],[-80.0983360652572,26.3262125546657],[-80.0983290649344,26.3261405549427],[-80.0983310650266,26.3260685543204],[-80.0983160652342,26.3259605538365],[-80.0983160652342,26.3259235539289],[-80.0983450656722,26.3257445537682],[-80.0983640656491,26.3255635544145],[-80.0983780653954,26.3254915537922],[-80.09839506528,26.3254405541383],[-80.0984380654643,26.3253185539082],[-80.098455065349,26.3252105543237],[-80.0984590655334,26.3251015537937],[-80.0984580546954,26.3250957720523],[-80.0985640191142,26.3248463765591],[-80.0990897133196,26.3238799408066],[-80.0990876538721,26.3238736851225],[-80.0991310650465,26.3238065534297],[-80.0991460657383,26.323477552647],[-80.0990390661999,26.3231805533399],[-80.098910065647,26.3230285526257],[-80.0988280654628,26.3228435521882],[-80.0986210649102,26.3227035520274],[-80.0982730650499,26.3226085530424],[-80.0981600652348,26.3225755524198],[-80.0979300645208,26.3225185524893],[-80.0977750654669,26.3224855527661],[-80.0973540640388,26.3223815524667],[-80.0972760649384,26.3223685518672],[-80.0972360639931,26.3223675518211],[-80.0972220651461,26.3223615524437],[-80.097200065031,26.3223535520748],[-80.0971320645931,26.3223145529743],[-80.0970950637861,26.3223095527437],[-80.0970160637403,26.3223275526745],[-80.0969370645938,26.322332552905],[-80.096858064548,26.3223275526745],[-80.0966600644104,26.3223265526283],[-80.0966210644106,26.3223355521441],[-80.0965090637422,26.3223715520055],[-80.0964380640654,26.322404552628],[-80.0963720637197,26.322444552674],[-80.0963470634662,26.3224725521666],[-80.096253063628,26.3226335523965],[-80.0962355942972,26.3226742143436],[-80.0962291740371,26.322676698271],[-80.0959872662993,26.323034183281],[-80.0956635238525,26.3236428723208],[-80.0952185177204,26.324502054926],[-80.0947366366864,26.3249660016797],[-80.0941536062039,26.3253747957103],[-80.0941320629443,26.3253815541155],[-80.0940930629445,26.3253895544844],[-80.0940620633135,26.3254115545996],[-80.0940060625297,26.3254625542535],[-80.0939130627376,26.3255305537921],[-80.093879062069,26.3255495537689],[-80.0938540627148,26.3255665536536],[-80.0937954979638,26.3256090367277],[-80.0932141707973,26.3259621123616],[-80.0927333968287,26.3262823168755],[-80.0920551362355,26.3263500088459],[-80.091539464075,26.3260232662608],[-80.0913706244547,26.3259611617783],[-80.091259060857,26.3258185544827],[-80.0911490611802,26.3257745542523],[-80.0910490610653,26.3257155542295],[-80.0909590605122,26.3256445545526],[-80.090914061135,26.32561655506],[-80.0907830613891,26.3255555540456],[-80.0901000604694,26.325345554254],[-80.0898489328819,26.3252216762394],[-80.0892784542372,26.3246081857192],[-80.0891242645731,26.3239607125169],[-80.0890729159822,26.3235331577291],[-80.0890730589745,26.323532554284],[-80.089075059966,26.3234955534771],[-80.0890634623089,26.3234544364731],[-80.0890120111953,26.323026023732],[-80.0889527134969,26.3228307269565],[-80.0889530597359,26.3228285532951],[-80.0889550598281,26.322755553526],[-80.0889500595976,26.3227115532956],[-80.0889400600357,26.3226225527886],[-80.0889280603816,26.3225025535501],[-80.0889050602203,26.3223945530662],[-80.088894059713,26.3223615533431],[-80.0888660593212,26.3222775530667],[-80.0888250592291,26.3221565528827],[-80.0888120595289,26.3221165519374],[-80.0887810589986,26.3220495524449],[-80.0887620599211,26.3220175527679],[-80.0886656139269,26.3218851599722],[-80.0886623260055,26.3218743285375],[-80.0885370981085,26.3216267244938],[-80.0885330592532,26.3216085527926],[-80.0884290589539,26.3213475524477],[-80.0884240587233,26.3213355527936],[-80.0883690597843,26.3212655522635],[-80.0883272323159,26.3212117746037],[-80.0881520254955,26.3208653521543],[-80.0877408545567,26.3206149134476],[-80.0794282500137,26.3208285249165],[-80.0793880539155,26.3207885527495],[-80.0777820535989,26.3208665527492],[-80.0774507910211,26.3208793393101],[-80.0768137490552,26.3208957096693],[-80.0768060526572,26.3208955531873],[-80.0768006099601,26.3208960478144],[-80.0757706353065,26.3209225148622],[-80.0757380510702,26.3209195524954],[-80.0757341525091,26.3209234528551],[-80.0734005655836,26.3209834187498],[-80.0730690502964,26.320965552818],[-80.0721500501846,26.320965552818],[-80.071293212112,26.320965552818],[-80.074132194645,26.2833165028543],[-80.0742253823955,26.2810730441857]]]},"properties":{"OBJECTID":7,"DISTRICT":7,"DISTRICT_NAME":"SCHOOL BOARD: DISTRICT 7","JURISDICTION":"School Board District 7","TENEX_NAME":"SCHOOL BOARD DIST 7","OFFICE_HOLDER":"Nora Rupert","DISTRICT_WEBSITE":"https://www.browardschools.com/Domain/12453","OFFICE_HOLDER_WEBSITE":"https://www.browardschools.com/school-board/district-7","OFFICIAL_MAP":"https://resources.finalsite.net/images/v1760712181/browardschoolscom/xufydulzujjdpinvi8vm/District7.pdf","ESRI_MAP":"https://bcgishub.broward.org/hbm/rest/services/SOE/SchoolBoardMunicpalDistricts2022/FeatureServer","ESRI_LAYER":"https://bcgis.maps.arcgis.com/home/item.html?id=0e1537af2caa4c5fbd5ee9e688b0c2d9&sublayer=17","Shape__Area":192695711.98828125,"Shape__Length":65883.30096407006}}]}