{"type":"FeatureCollection","crs":{"type":"name","properties":{"name":"EPSG:4326"}},"features":[{"type":"Feature","id":1,"geometry":{"type":"Polygon","coordinates":[[[-82.6286524584778,28.173273221559],[-82.6248234575447,28.1732652222966],[-82.6240594564997,28.1732812219601],[-82.6217704560273,28.1733312220117],[-82.6210074561866,28.1733492223201],[-82.6193974560636,28.173384222167],[-82.6192814560076,28.1733832217951],[-82.6187834549054,28.1733802220962],[-82.6185704552006,28.1733792226465],[-82.6183574548301,28.1733772221402],[-82.6010404501581,28.1732732229078],[-82.6005034501675,28.173269222468],[-82.6001234501205,28.1732672228552],[-82.5973734490778,28.1732492229934],[-82.5964574485298,28.1732442227283],[-82.5963344486554,28.1732432225712],[-82.5960224492032,28.1732422229745],[-82.5959674484453,28.1732412224895],[-82.5958454490118,28.1732412227815],[-82.5954754483933,28.1732382228771],[-82.5943674478554,28.1732322223997],[-82.5939984486943,28.1732302230087],[-82.5938264484412,28.1732292228815],[-82.593813448611,28.1732292233057],[-82.5936294485094,28.1732282226274],[-82.5933854481651,28.1732272227235],[-82.5933134476455,28.1732262226436],[-82.5931424478051,28.1732262225653],[-82.5928744483638,28.1732242229985],[-82.5920714480008,28.1732182231522],[-82.591804447534,28.1732162225858],[-82.5906294474725,28.173209222574],[-82.5900134469902,28.1732062228361],[-82.5890724468206,28.1731802231013],[-82.5889314472012,28.1731712228993],[-82.5871084467115,28.1730842231262],[-82.5859354455871,28.1730282232238],[-82.5858364462015,28.1730232226146],[-82.5832174451896,28.1729752230947],[-82.5831994447365,28.1729792232732],[-82.5822854451241,28.1729752232482],[-82.5813194444296,28.1729752233314],[-82.5797324438634,28.172964222919],[-82.5778784440862,28.1729462232435],[-82.577073443429,28.1729402232589],[-82.5760154431664,28.1729262231234],[-82.5728424425816,28.1728852234386],[-82.5717854421669,28.1728722232525],[-82.5717544415851,28.1728722236481],[-82.5679174406194,28.1729042232787],[-82.5678604403611,28.1729042232315],[-82.5678054402674,28.1729052237219],[-82.5677484403822,28.1729072232884],[-82.5675774404302,28.1729062230301],[-82.5675654407805,28.1729072238664],[-82.5675064405454,28.1729072238395],[-82.5674534402276,28.1729072232893],[-82.5674004407484,28.1729062237865],[-82.5673444404738,28.1729062238931],[-82.5672754403697,28.1729062236858],[-82.5656354402754,28.1728982238448],[-82.5643984392682,28.1728922239087],[-82.5635504394269,28.1728872239945],[-82.563448439738,28.1728872232014],[-82.5633294391125,28.1728862238568],[-82.5632924394486,28.1728852237212],[-82.5630434395015,28.1728842236893],[-82.5627294392396,28.1728822233867],[-82.5600374384639,28.1728742233678],[-82.5557134374566,28.172864223902],[-82.5553744369789,28.1728692239855],[-82.5360046638704,28.1726168774974],[-82.5360124310624,28.1725812239508],[-82.5360064313047,28.1725512244418],[-82.5359674311255,28.1724252238453],[-82.5358984315073,28.1721582241676],[-82.5358354314769,28.1719252242013],[-82.5356824312551,28.1712342236009],[-82.5355584316056,28.1704112232494],[-82.5354914314426,28.1698072234348],[-82.5354974307822,28.1690862236815],[-82.5355844308117,28.1681752227886],[-82.5358534313865,28.1669752225941],[-82.5362044313752,28.1659832228287],[-82.5366574319016,28.1650792221436],[-82.537272431715,28.1639412223367],[-82.5376754320074,28.1631382216923],[-82.5379164316878,28.1625152218627],[-82.538076431328,28.1619642220241],[-82.5382364317697,28.1614322215467],[-82.5383254321264,28.1609362214575],[-82.538342432058,28.1603772213539],[-82.5382844314522,28.1589532204428],[-82.538115431449,28.1575742201477],[-82.5379764316126,28.1564012202661],[-82.5379734318155,28.1558482197788],[-82.5377314318329,28.155839220239],[-82.5377284309415,28.1547812202249],[-82.5378474311243,28.1543092201441],[-82.537874431839,28.1542042197483],[-82.5380544313108,28.1536002199222],[-82.5382864318737,28.153076219026],[-82.5384864320631,28.1527442191805],[-82.538679431327,28.1524252191748],[-82.5406964326146,28.1501232183935],[-82.5408584323295,28.1502452187307],[-82.5413604318747,28.1496662185037],[-82.5418854324279,28.1488612183022],[-82.5425414327969,28.1479032177971],[-82.5432134329212,28.1469892175302],[-82.5441574332813,28.1457072173377],[-82.5453704337633,28.1442232172581],[-82.5459354334521,28.1433472171598],[-82.5460604332687,28.1431312171903],[-82.5463284337678,28.1426692167978],[-82.5465374335909,28.1421802164492],[-82.547026433969,28.1400252163897],[-82.5478284335337,28.1367812154481],[-82.5479524336846,28.1360832153809],[-82.5486074335956,28.1328802147368],[-82.5487034341922,28.1318522138608],[-82.5487284338678,28.1314592141719],[-82.5487434340995,28.130062213236],[-82.5486114334434,28.128728213644],[-82.5485814336527,28.1286342134635],[-82.5482554340672,28.1286042131297],[-82.547382433615,28.1259952124781],[-82.5468384333945,28.1243702127677],[-82.5467554332163,28.1240932118415],[-82.5465674325243,28.1234672124605],[-82.5461554329328,28.1224032114659],[-82.5460384326866,28.1219662121546],[-82.5459084327264,28.121482211507],[-82.545851432442,28.1212142113931],[-82.5458904329416,28.119074211272],[-82.5458614322147,28.1180872112782],[-82.5459914324074,28.1139752094339],[-82.5462124329707,28.1139832096921],[-82.5462174322295,28.1137042096324],[-82.5462144320676,28.1128652092004],[-82.5461834321225,28.1125602095064],[-82.5459804326464,28.111789209498],[-82.5457164327503,28.111111208824],[-82.5453284318461,28.1104122085811],[-82.543483431309,28.1075062082088],[-82.5431974315678,28.1070572080581],[-82.542965431325,28.1066582085273],[-82.5426634309885,28.1065512077613],[-82.5424954313024,28.1062372078967],[-82.5422024306352,28.1053292077711],[-82.5421134307129,28.1046462073671],[-82.542086431256,28.1037342070335],[-82.5420724305895,28.1010812072793],[-82.5419934305919,28.0997092066919],[-82.5422004305938,28.0976242064563],[-82.5424654305132,28.0970982062954],[-82.5419384308642,28.0962412053801],[-82.5418214311299,28.0960522060166],[-82.5407264298342,28.0941702055613],[-82.5404544303694,28.0937522051483],[-82.5403254306165,28.0935262050558],[-82.5401134303711,28.0931532051623],[-82.5400484302897,28.0930182049181],[-82.5400004299217,28.0929182045005],[-82.5399104297167,28.0925642047415],[-82.5398724302676,28.0921262045963],[-82.5398824295155,28.0902852044685],[-82.5398834301052,28.0899202045736],[-82.5398864294755,28.089551203729],[-82.5398984298691,28.0870222035907],[-82.5399014298879,28.0866222037534],[-82.5399244299634,28.0842582025066],[-82.5405734300162,28.0839682024347],[-82.5419194299007,28.0832232022197],[-82.5418844301326,28.0829472023569],[-82.5419044298951,28.0816532020277],[-82.5418814303388,28.0806582017936],[-82.5418684303922,28.0800582015896],[-82.5418544299714,28.0794512018408],[-82.5418434301333,28.0789192012718],[-82.5418384305368,28.0786652012209],[-82.5418354304815,28.0785412013542],[-82.5418264297966,28.0781182014195],[-82.5418154296627,28.0775962010208],[-82.5417764297561,28.0754552008937],[-82.5417494303036,28.0739652006813],[-82.5417344299789,28.0731532003266],[-82.5417114302246,28.0719691995688],[-82.541663429348,28.0703481993626],[-82.5416394298856,28.069555199606],[-82.5416674295145,28.0679441988114],[-82.5416684300955,28.0678371984322],[-82.5416744299712,28.067515199142],[-82.5416944299249,28.0668131984782],[-82.5417054298913,28.0659361983462],[-82.5417084295896,28.0645091981066],[-82.5417084296104,28.0635051979749],[-82.5417094292164,28.0628331978737],[-82.5417724293719,28.062037197338],[-82.5419154298732,28.061379197681],[-82.5397174291018,28.0607271976296],[-82.5389704284405,28.0604191967296],[-82.5386464283471,28.0602851969778],[-82.5375994279637,28.0598541969151],[-82.535838427593,28.0590231970576],[-82.5343074271348,28.0582981966845],[-82.5334004270826,28.0578681966475],[-82.5313464262946,28.0568921968356],[-82.5285534259673,28.0555141960729],[-82.5275674253096,28.0548421963179],[-82.5265494243998,28.0541521955527],[-82.5233404240589,28.0519751956627],[-82.5228814234457,28.0515721950782],[-82.5210534236033,28.0502481952816],[-82.5204384231439,28.0498031949594],[-82.5180874225621,28.0478931946695],[-82.5171774219989,28.0471551940472],[-82.5162374213999,28.0463421945021],[-82.5156704211318,28.0458591940173],[-82.5147764207443,28.0450871940207],[-82.5133114202289,28.0438231937029],[-82.5124884208215,28.0430941936313],[-82.5123754207331,28.0430081936283],[-82.5123554206868,28.0429931937056],[-82.5122744204288,28.0429311934929],[-82.5111474199004,28.0420721931773],[-82.5095854192459,28.0410691933873],[-82.5091044191865,28.0404861932603],[-82.5089134198394,28.0401651929875],[-82.5087614196956,28.039754192737],[-82.5080644187182,28.0384121929125],[-82.507652418904,28.0377281920795],[-82.5073604189435,28.0374051920313],[-82.5067634189538,28.036946192091],[-82.5064814183597,28.0367921920785],[-82.5061844185758,28.0366751926953],[-82.5058174184923,28.036569192554],[-82.505494417814,28.0365181921849],[-82.5048714177185,28.0365011925913],[-82.503436417484,28.036462192553],[-82.5033854176912,28.0364611918811],[-82.5020044174064,28.0363771920947],[-82.5006174169878,28.0363011919037],[-82.4966904154544,28.036140192106],[-82.49596741509,28.0361101924025],[-82.4940964151327,28.0359991920757],[-82.4925684147726,28.0359081928564],[-82.491738414445,28.0358831927955],[-82.4903424142473,28.0357651927908],[-82.4896034133552,28.0357031923328],[-82.4884774137234,28.0353961924202],[-82.4871604128213,28.0346401924738],[-82.4860014121776,28.0340451918022],[-82.4853264124364,28.0337931924669],[-82.4847734118214,28.033587192321],[-82.4841504117485,28.0334661917776],[-82.4833824117841,28.0333871918625],[-82.48000341092,28.0333701917837],[-82.4790824100966,28.033444192489],[-82.4768814098614,28.0334361923124],[-82.4759904097358,28.0334331918112],[-82.4734164092765,28.0334251924984],[-82.4717934081704,28.0334161926676],[-82.4688244073417,28.0333811927637],[-82.4678294071251,28.0332401922464],[-82.4669604069338,28.0330321925195],[-82.4664414071341,28.0329591925005],[-82.4659604062337,28.0329281920356],[-82.4644494063677,28.0329261928423],[-82.4636024059553,28.0329531927403],[-82.4611354056236,28.0329471929145],[-82.4594804053114,28.032957192904],[-82.4571464042074,28.0329381927647],[-82.4564514041596,28.0329321923897],[-82.4563644042831,28.0329311927708],[-82.4553794037489,28.0329221929139],[-82.455011403994,28.0329191925175],[-82.4550124033221,28.0326811925016],[-82.4550124039395,28.0326341927129],[-82.4550184037191,28.0322701927251],[-82.4550274040067,28.0316811923573],[-82.4550494034158,28.0302841923419],[-82.4552524037826,28.0291221916152],[-82.4554344034063,28.028079191241],[-82.4554914037247,28.0277551914927],[-82.4555684035889,28.027420190994],[-82.455732403083,28.0267041909948],[-82.4557574035113,28.0265971914395],[-82.4559764038826,28.0252631904892],[-82.4559974032673,28.0251361906645],[-82.4560404038307,28.0241561902903],[-82.4559524037329,28.0227491905269],[-82.4559224034249,28.0225641900759],[-82.4556364030959,28.0207951896093],[-82.4555604036152,28.0204861897828],[-82.4554594030596,28.0204851898909],[-82.455274402837,28.0204651892772],[-82.4549974035098,28.0204281894458],[-82.4549744031412,28.0204401899488],[-82.4549504029549,28.0204431895777],[-82.4549354026252,28.020419189284],[-82.454907402822,28.0204131898437],[-82.4548444026867,28.0204141897719],[-82.4547224028174,28.0203931893864],[-82.4546294034869,28.0203941892074],[-82.4544134030236,28.0204151896041],[-82.4541744031963,28.0204731893077],[-82.4541434024643,28.020474189645],[-82.4541144029761,28.0204831894849],[-82.4540504025745,28.0205191893607],[-82.4540254032524,28.0205181899707],[-82.4539994031796,28.0205081897017],[-82.4539714027648,28.0205051896612],[-82.4539434032386,28.0205091895547],[-82.4539264032645,28.020528189859],[-82.4538994031782,28.0205711901195],[-82.4538764029024,28.0205851892628],[-82.4537694022962,28.0206141893935],[-82.4536044030584,28.020641189849],[-82.4535214028238,28.0206441899357],[-82.4534674024626,28.0206571894733],[-82.4533914027197,28.0206871897535],[-82.4533644030907,28.0206941894292],[-82.4532804028416,28.0206941894712],[-82.4532264024744,28.0206821896341],[-82.4531764023852,28.0206601896867],[-82.4531534024838,28.0206441901131],[-82.4531024024016,28.0206271900433],[-82.4529944027965,28.0206031893006],[-82.4527044029043,28.0205131898371],[-82.4525944023891,28.0204991894871],[-82.4525694020559,28.0204891901659],[-82.4524754028786,28.02043518943],[-82.4522584025187,28.0203211892736],[-82.4521544026261,28.0202861897456],[-82.452073402235,28.0202651892721],[-82.4519914024577,28.020255189629],[-82.4517954024372,28.0202531900598],[-82.4516564021077,28.0202621899954],[-82.4514704025576,28.0203131895481],[-82.45138640159,28.0203231897708],[-82.4512814016672,28.0203111897165],[-82.4512844023392,28.0199611898563],[-82.4512844020222,28.0199381893944],[-82.4512344023615,28.0199231895777],[-82.4510974017117,28.0198421892762],[-82.4508264017269,28.0196581895403],[-82.4506144018843,28.0195471897869],[-82.4505024014965,28.0195021895203],[-82.4504024015184,28.0194801891035],[-82.4502914014554,28.0194741899815],[-82.4498374014533,28.0194861897259],[-82.4497344016355,28.0194851894545],[-82.4496414019008,28.0194851896414],[-82.4495024011441,28.019468189141],[-82.4492394018376,28.0193981896189],[-82.4491094012213,28.0193511895663],[-82.4489614012237,28.01928218983],[-82.448887401551,28.0192381893924],[-82.4488074016563,28.0191851898842],[-82.4487604017485,28.0191481895863],[-82.448740401111,28.0191261893121],[-82.4487084013461,28.0190911893771],[-82.4486514017452,28.0190041897085],[-82.4486054017375,28.0189431893664],[-82.448482400968,28.0188411896099],[-82.4484494014036,28.0188011890445],[-82.4484104014511,28.0187361898008],[-82.4482514011678,28.0184741892283],[-82.4482224009067,28.0184031897143],[-82.4481904011169,28.0183071889447],[-82.4481634012038,28.0182651888656],[-82.4481084009899,28.0182111896673],[-82.4476754010631,28.0178941892703],[-82.4475614006521,28.0178231894088],[-82.4474384009916,28.0177651890032],[-82.4473064011024,28.0177211887992],[-82.4471984004358,28.0176951891467],[-82.4470894009998,28.0176811892192],[-82.4469484005836,28.0176781889023],[-82.4467814009771,28.0176911895651],[-82.4466724006733,28.0177131889204],[-82.4465414008055,28.0177581888563],[-82.4464434002151,28.0178051894972],[-82.4463084001615,28.0178931891331],[-82.4459944001913,28.0181381896527],[-82.4457974008926,28.0183051897048],[-82.4455734005362,28.0184411891914],[-82.4454524000375,28.0185241893068],[-82.4454024003842,28.0185431890404],[-82.4451794002174,28.0185801891021],[-82.4451544002544,28.0185761894065],[-82.4451284004363,28.0185661892495],[-82.4450834003337,28.0185321898167],[-82.445058400683,28.0184891890947],[-82.4450533999346,28.0184711896904],[-82.4450033998571,28.0182961895155],[-82.444898400329,28.0180661889523],[-82.4448844001364,28.0180191892282],[-82.4448993997114,28.0179191894718],[-82.4448824006078,28.0177961890358],[-82.4448553998127,28.0177001893219],[-82.4448134005588,28.0176091896356],[-82.4447563998234,28.0175231890705],[-82.4446334005093,28.0173781889379],[-82.4444204001652,28.0171481889841],[-82.444309399699,28.0170051891817],[-82.4442553994155,28.0169191895247],[-82.4442083997176,28.0168181891094],[-82.4441924002006,28.0167811889917],[-82.4440394001746,28.0165171886083],[-82.4439783994367,28.0164341893837],[-82.4438203994909,28.0162611889272],[-82.4436163999417,28.0160571884552],[-82.4435143994698,28.0159731888201],[-82.4431593996065,28.0157331887924],[-82.4427533989966,28.0154691884301],[-82.4425553996668,28.0153331884724],[-82.4424723997047,28.0152671884961],[-82.4423543988523,28.015129189044],[-82.4422113996742,28.0150101888325],[-82.4421623992661,28.0149511884177],[-82.4421003987899,28.0148391882443],[-82.4420563993868,28.0147211887134],[-82.4420363987196,28.0146241885581],[-82.4420353995939,28.0145231882936],[-82.4420483996425,28.0144491889852],[-82.4420563987266,28.0144281886612],[-82.4426503991435,28.0144921886625],[-82.4426343998123,28.0143751883422],[-82.4429433995611,28.0143641888591],[-82.4429663994414,28.013414188226],[-82.4429693996127,28.0128941883966],[-82.4429903990586,28.0124841878548],[-82.4430013992062,28.0115821875725],[-82.4429753992901,28.0106481879988],[-82.4429873993282,28.0098821875934],[-82.4429793995462,28.0089621874549],[-82.442983398754,28.0080341866019],[-82.4429813987637,28.0073921863878],[-82.4429853995001,28.0069961869857],[-82.4429893992117,28.0066861868475],[-82.4429893991396,28.0060811868313],[-82.4429793994861,28.005176186106],[-82.44296339896,28.0042551859819],[-82.4429713990395,28.00334918581],[-82.4429583988364,28.002447185867],[-82.4429643993937,28.0015061857451],[-82.4429693988569,28.0006251852305],[-82.4429633990672,27.9997141852337],[-82.4429613991528,27.9988041847307],[-82.4429653990191,27.9979041842052],[-82.4429683993025,27.9969931846348],[-82.4429573989961,27.9960721844473],[-82.4450053998663,27.9960731838206],[-82.4454193990884,27.9960731844017],[-82.4470173996309,27.9960761837321],[-82.4479023999028,27.996074183768],[-82.4501624009004,27.9960731838452],[-82.4511434014749,27.9960761837426],[-82.4521904018611,27.9961011840918],[-82.4532424017225,27.9961101837799],[-82.4535694023754,27.9961031839795],[-82.4538524021953,27.9960981839819],[-82.4538224014231,27.993465182958],[-82.4537314016538,27.9910871822662],[-82.4537004018687,27.9902661823776],[-82.4536754018907,27.989617182195],[-82.4536764018493,27.9895801819982],[-82.4536904018297,27.9887961819817],[-82.4537204016402,27.9871061812955],[-82.4537394019778,27.9860701815555],[-82.4537744012159,27.985157181231],[-82.4538214019446,27.9839371807532],[-82.4538204014173,27.9814861799972],[-82.4542084018364,27.9814851800276],[-82.4552744023033,27.9815141805964],[-82.4562834022054,27.981525180263],[-82.456762402642,27.9815231799607],[-82.4573274027354,27.9815201800985],[-82.4578934025764,27.9815271804895],[-82.4583574024324,27.9815271800837],[-82.4594034034036,27.9815231799252],[-82.4594074027957,27.9808031802763],[-82.4594174034071,27.980040179709],[-82.4594214034005,27.9797501801658],[-82.4594314031237,27.9790061796942],[-82.459424402931,27.977900179706],[-82.4595304033721,27.9780181792465],[-82.4602524036826,27.9780181795321],[-82.4611094033727,27.9780261791608],[-82.4619634039052,27.9780311794033],[-82.4628114043216,27.9780371790566],[-82.4633294040669,27.9780311796477],[-82.4635324045808,27.9779411790361],[-82.4635404040514,27.9770461787542],[-82.4635354040477,27.9760451783356],[-82.4635384038477,27.9755841782663],[-82.4635404044981,27.9751281781692],[-82.46354140459,27.9746411782622],[-82.4635424038988,27.9742281785442],[-82.4635244044533,27.9733361783544],[-82.4661334048589,27.9733491776795],[-82.4668824051576,27.9733411775398],[-82.4676714050119,27.9733601782012],[-82.4676704055149,27.9729551779402],[-82.4676674051474,27.9719461779786],[-82.4676574056289,27.9713321778696],[-82.4676584046969,27.9705891770711],[-82.4676534049355,27.9699781775021],[-82.4676454046166,27.9691761769587],[-82.4676534055803,27.9686341764012],[-82.4676654048924,27.9677941767623],[-82.4676744049928,27.9669261764295],[-82.4686844056986,27.9669211761521],[-82.4689704054536,27.966922176198],[-82.4690824049571,27.9669221761632],[-82.4691964057226,27.9669221764328],[-82.4697274054986,27.9669211760886],[-82.4706834062065,27.9669191763212],[-82.4710784060608,27.9669201763063],[-82.4716424059861,27.9669201763858],[-82.4726094065372,27.9669171761997],[-82.4730984069464,27.966919175848],[-82.4743154071478,27.9669021765737],[-82.4745694075055,27.966872176465],[-82.474806407294,27.9668441765342],[-82.4752884071382,27.9667871759239],[-82.4757034070572,27.9667381759089],[-82.4761034074684,27.9666911757464],[-82.4765774073133,27.9666351765217],[-82.4786524085143,27.9666371762075],[-82.4807254089591,27.9666551756561],[-82.482800409031,27.9666891762549],[-82.4848814097831,27.9667031757708],[-82.4848814102632,27.9659881761316],[-82.4848944103899,27.9652611755072],[-82.4849024095453,27.9645231758272],[-82.4849114095583,27.9637921752323],[-82.4849224099334,27.9630491754044],[-82.4849264098796,27.9623091745039],[-82.4849374101286,27.9615811743571],[-82.4849464094147,27.9608311741401],[-82.4849554098277,27.9601041744381],[-82.4849614096378,27.9593761745355],[-82.4849714094136,27.9586501737369],[-82.484981409739,27.9579281741434],[-82.4849914096484,27.9571851736065],[-82.4849924098546,27.9564561730986],[-82.4849954099588,27.9562021730708],[-82.4849974092733,27.9560091731252],[-82.4850004100337,27.9557341731067],[-82.4850044096799,27.9555821733943],[-82.4850084095508,27.9554181734353],[-82.4850204097202,27.9550081727884],[-82.4850334093825,27.9542851732076],[-82.4850394097769,27.953559172436],[-82.4850564094658,27.9528341724053],[-82.4850654099457,27.9521061719992],[-82.4861494101045,27.9520901725426],[-82.4871174099698,27.9520821724878],[-82.4891484103995,27.9520381726924],[-82.4897814107559,27.9520301726019],[-82.4903474114066,27.9520161726358],[-82.4912174109029,27.9520441722886],[-82.4919784117263,27.9520421719251],[-82.4932584120801,27.9520381722935],[-82.4953404121456,27.9520691719614],[-82.4963624130521,27.9520801717772],[-82.4974034131734,27.9520821723293],[-82.4994574137212,27.9521221717959],[-82.5009414137782,27.9521221720027],[-82.5015354147031,27.9521231719694],[-82.5028844148733,27.9521341723399],[-82.5042764147367,27.9521491719958],[-82.5056244150405,27.9521701722188],[-82.5077284157084,27.9521881715479],[-82.5097734171152,27.95218117191],[-82.5102104171823,27.9521831714949],[-82.5112134167156,27.9516301715639],[-82.5124484179224,27.951128171308],[-82.5136524173017,27.9507991716789],[-82.5139014176138,27.9507651717802],[-82.5143774180733,27.9507011711004],[-82.5152074179668,27.9506221710287],[-82.516593419017,27.9506091708068],[-82.5172164183816,27.9506031712454],[-82.5176514188916,27.9506091713948],[-82.5188474195954,27.9506251713659],[-82.5200714193447,27.95064217144],[-82.5205584201532,27.9506491715453],[-82.5208564197141,27.9506531708842],[-82.5209584202593,27.9506541709981],[-82.5213194195948,27.9506591708045],[-82.5232554201182,27.9504441705794],[-82.5241594212686,27.9501891709092],[-82.5245584214109,27.9500771711472],[-82.5248024205112,27.9499901704546],[-82.5255344210112,27.9497271705638],[-82.530376422443,27.9479921700975],[-82.5307934224625,27.9478411703306],[-82.5311424223312,27.9477171700026],[-82.5312564230175,27.9476771704004],[-82.5312814231963,27.9476681698721],[-82.531301422287,27.947661170326],[-82.5317474226225,27.9475011697606],[-82.5327684230008,27.9471351703136],[-82.5328764235237,27.9470971697722],[-82.533070423764,27.9470271698088],[-82.5332894234309,27.9469491703576],[-82.5336144230757,27.9468321701104],[-82.5362114244739,27.9459031694726],[-82.5371964239286,27.9455511692608],[-82.5387824247857,27.9449831692799],[-82.5430764260274,27.9434421686529],[-82.5458514271182,27.9424561680668],[-82.5477274276671,27.9417901686961],[-82.5494424274776,27.9411811679478],[-82.5502524283081,27.9408941679786],[-82.5530364285214,27.9399061674196],[-82.5621494313489,27.9366641668887],[-82.5645554319451,27.9358961666382],[-82.5659684323986,27.9354001661322],[-82.5677784330469,27.9347161663821],[-82.5765414353134,27.9316021652794],[-82.5770004358848,27.931433165343],[-82.5872894387589,27.9277181635549],[-82.5876104383571,27.9280721640459],[-82.5877044379535,27.9281751640922],[-82.5878224384212,27.9283041636877],[-82.5879764386685,27.9284181640362],[-82.5882874387241,27.9286471638858],[-82.591363440042,27.9309131644287],[-82.5916224396347,27.9311041647914],[-82.5972224409853,27.935204165247],[-82.5995224417993,27.9363041657252],[-82.6014224427669,27.9373041659139],[-82.6129234465427,27.9410041668619],[-82.6142094469139,27.941282166094],[-82.6174624478541,27.9419861665097],[-82.6226234485801,27.9431041671392],[-82.6483234566169,27.9474031669828],[-82.6484434571,27.9550541686352],[-82.6485934568508,27.9647201709009],[-82.6486194574578,27.9663421717074],[-82.6486114576751,27.9666761718027],[-82.6486414573272,27.9670831714722],[-82.6486654572323,27.9674501719192],[-82.648752457808,27.9710941730222],[-82.6488204578268,27.9791831748683],[-82.6488234576315,27.9795021752611],[-82.6487554575446,27.9881491768575],[-82.648603458638,28.0074971817967],[-82.6486024590669,28.0075991816713],[-82.64860245906,28.0076451818231],[-82.6486024583661,28.0076881815363],[-82.6485634585846,28.012630182903],[-82.6485574587401,28.0133391829545],[-82.6485514582859,28.0141371827171],[-82.6485514582914,28.0141741833146],[-82.6485464586802,28.0148031836452],[-82.6485424583741,28.0152861837491],[-82.648540458841,28.01559618311],[-82.6485354587463,28.0162021832679],[-82.6485354592309,28.0162441839802],[-82.6485344586562,28.0163741839078],[-82.6485334585753,28.0164161839261],[-82.6485334592159,28.0164381841249],[-82.6485274583556,28.0170461841105],[-82.6485234591976,28.0176491843974],[-82.6485234584464,28.0176931838943],[-82.6485234589802,28.0177161839346],[-82.6485254593588,28.0178161842534],[-82.6485304592634,28.018085183906],[-82.6485314584812,28.0181441844758],[-82.6485334592826,28.0182311840961],[-82.6485324592231,28.0183101837765],[-82.648528458801,28.018814183989],[-82.648527459382,28.0189711841833],[-82.6485174591644,28.0211391849986],[-82.6485154589535,28.0215131849726],[-82.6485144585469,28.0218011845725],[-82.6485134587597,28.0222801850959],[-82.6485114587379,28.0226341854166],[-82.6485114586025,28.0227571852046],[-82.6485154587217,28.0231351850282],[-82.6485184589995,28.0234501858359],[-82.6485264587223,28.0242321858432],[-82.6485274590645,28.0243571859832],[-82.6485294595709,28.0256831860847],[-82.648528458772,28.0257411862586],[-82.64851945914,28.0265041861879],[-82.6485174594211,28.0266781864677],[-82.648516459068,28.0267791862237],[-82.6485044590331,28.0277161865055],[-82.6485214587669,28.0288091868773],[-82.6485384597204,28.0298961871041],[-82.6485424588312,28.0301681869258],[-82.648544459768,28.030315186905],[-82.6485464589935,28.0304401867316],[-82.6485634595878,28.0312231875146],[-82.6485654593943,28.0313241874809],[-82.6485684595574,28.0314571876238],[-82.6485644598473,28.031954187083],[-82.6485624593056,28.0322331878744],[-82.6485684597216,28.0331321878413],[-82.6485704594377,28.0333691880407],[-82.6485684595458,28.033412188009],[-82.648558458945,28.0336761882619],[-82.6485584598387,28.0377811889202],[-82.6485594593187,28.0383061887794],[-82.6485594596689,28.0385061887495],[-82.6485604590966,28.0386351889051],[-82.6485604599448,28.0386561891907],[-82.6485704596378,28.0397321892594],[-82.648548459432,28.0407841897415],[-82.6485294598916,28.0416951901312],[-82.6485314599527,28.0421181903204],[-82.6485404592565,28.0443301901168],[-82.648542460215,28.0448551901676],[-82.6485444593674,28.0452611910664],[-82.64854646008,28.0459761905911],[-82.6485464595047,28.0461681907163],[-82.648546459351,28.0462481906161],[-82.6485474599496,28.046879190996],[-82.6485474596199,28.0468921907317],[-82.6485629457542,28.0539665898985],[-82.6485654309282,28.054662231038],[-82.6485663455195,28.0549181874568],[-82.6485688371705,28.0556157261797],[-82.6485696258721,28.0558778139422],[-82.6485701368097,28.0561976816313],[-82.6485703246751,28.056315080656],[-82.6485707279605,28.056567348686],[-82.6485802473481,28.0567868803468],[-82.6485717297192,28.0571938822324],[-82.6485720444546,28.0573905449703],[-82.6485723298746,28.0575687640567],[-82.6485724508535,28.0576446772676],[-82.6485725460592,28.0577040941555],[-82.6485745362959,28.0589491181205],[-82.6485834599257,28.0600301941987],[-82.6486194607909,28.060470194138],[-82.6486304598722,28.0605351939601],[-82.6486634607551,28.0607251942057],[-82.6486654605895,28.0607361947145],[-82.6486704601393,28.0614741946053],[-82.6486754606305,28.0617231948587],[-82.6486524607992,28.0622201944026],[-82.6489124603507,28.0634951954068],[-82.6489134602511,28.0637481948837],[-82.6490154606188,28.0784161987372],[-82.6490254613055,28.0798151990867],[-82.6490434607944,28.0829061999061],[-82.6490454610912,28.083250199718],[-82.6490614608012,28.0860012004781],[-82.6490924611978,28.0911472019623],[-82.6491034614476,28.0938722022676],[-82.6491104611441,28.0943422020598],[-82.6491294618197,28.0955282028398],[-82.6491524620311,28.0989062035558],[-82.6491594616176,28.0991332038459],[-82.6491674615556,28.0993602039057],[-82.6495684627225,28.1116252069117],[-82.6497014625883,28.1155332077123],[-82.6497194627664,28.1160612080833],[-82.6497294627185,28.1163662073974],[-82.6497444624072,28.1168092074456],[-82.6497724620089,28.1176862076224],[-82.6497834626957,28.1179802084931],[-82.6497844630359,28.1180212085279],[-82.6497854627492,28.1180572085113],[-82.6497864628615,28.1181142085392],[-82.6497874624172,28.1181392085844],[-82.6497894628726,28.1182372077426],[-82.6497944630507,28.1184362080289],[-82.6497944628229,28.1184522080217],[-82.6497944624428,28.1184702085782],[-82.6497974621163,28.1186372084294],[-82.6498014627324,28.1188772082848],[-82.6498034628292,28.1191902088254],[-82.6498234628341,28.1196342082703],[-82.6498384626056,28.1200512088985],[-82.6498724624976,28.1209132089066],[-82.6498774625058,28.1209732092923],[-82.6498924631433,28.1211722090143],[-82.6499014628035,28.1216512093799],[-82.6499014626734,28.1216662086324],[-82.6499014627034,28.121679209127],[-82.6499074624834,28.1220172088795],[-82.6499414631239,28.1231182093962],[-82.6502694629952,28.1335992121129],[-82.6503664628287,28.1367052124097],[-82.6505974640782,28.1440782140378],[-82.6506054640628,28.1449332144556],[-82.6509924644108,28.1541842171356],[-82.6510594646586,28.1614962187957],[-82.6511274645203,28.1688022206466],[-82.6511474642458,28.1710392207747],[-82.6511684650347,28.1732712217111],[-82.6497284639528,28.1733192211917],[-82.645410463111,28.1733092215937],[-82.6439714621679,28.1733062217243],[-82.6401414613435,28.1732972217008],[-82.6286524584778,28.173273221559]]]},"properties":{"OBJECTID":1,"DistrictId":"School Board District 1 / Nadia Combs","District":1,"Shape__Area":0.03266209904131756,"Shape__Length":0.8635484978979473,"BoardMember":"Nadia Combs"}},{"type":"Feature","id":2,"geometry":{"type":"Polygon","coordinates":[[[-82.4555204015567,27.9529781736669],[-82.4554474009113,27.9528311731655],[-82.4551344005269,27.95219517317],[-82.4548734013891,27.9521851735611],[-82.4543564012248,27.9522581734018],[-82.452636399829,27.9525331730755],[-82.452371400485,27.9525961735015],[-82.4520534005902,27.9526731733467],[-82.4517433999502,27.9527791732031],[-82.4515193999264,27.9528601732174],[-82.4512743994902,27.9529611733004],[-82.4510984001894,27.9530601735984],[-82.4508293999281,27.9532521731958],[-82.4503823993293,27.9536191739588],[-82.4498843994242,27.9541371736752],[-82.4485883992517,27.9554901741306],[-82.4480733992657,27.9560101746205],[-82.4482623989226,27.9555791744844],[-82.448312399374,27.9554321738278],[-82.4478893986967,27.9558581746932],[-82.4469203983977,27.9558581741563],[-82.4467263982932,27.9559011740049],[-82.4462573988464,27.9559241746192],[-82.445939398326,27.9559171747116],[-82.4455833980618,27.9559121741091],[-82.4455823979536,27.9558351745006],[-82.4454783986481,27.9558341746662],[-82.4442633976549,27.9558231740097],[-82.4429663971261,27.9558191747893],[-82.4404733971794,27.9558161741172],[-82.4380133965768,27.9557801745447],[-82.4355113955647,27.9557761741179],[-82.4347163953118,27.9557871745017],[-82.4306553942286,27.9557661750742],[-82.4280663934031,27.9556871747227],[-82.4274013926783,27.9554641748193],[-82.4265043926663,27.9550141747678],[-82.4260833925598,27.9548491746154],[-82.4258613924405,27.9547621741],[-82.425542392967,27.9546361748229],[-82.425412392625,27.9545851742756],[-82.4224513918696,27.9545541743735],[-82.4217923917795,27.954555174738],[-82.4209693907882,27.9547081745239],[-82.4192283905781,27.9550981747443],[-82.4178653899246,27.9554161745693],[-82.4171803903784,27.955493174498],[-82.4166033898639,27.955504174588],[-82.4159723900723,27.9554451745507],[-82.4155753894209,27.955348174839],[-82.4146523898241,27.9550421748297],[-82.4140603889463,27.9548461747712],[-82.4109243886367,27.9531961743778],[-82.4104393882913,27.952992174882],[-82.4090103878576,27.9523901741593],[-82.4081113871587,27.9522091747838],[-82.4016773855459,27.9521041748335],[-82.401791384995,27.9503381743922],[-82.4017933856281,27.9500091738574],[-82.4017953859844,27.9497871736795],[-82.4017973851083,27.949437173901],[-82.4018043850679,27.9484861738101],[-82.4018273858942,27.9467561728062],[-82.4018283851072,27.946649173081],[-82.401695385344,27.9466561732187],[-82.4009723846736,27.9464501728256],[-82.3974083844746,27.9465621732745],[-82.3974253838098,27.946008172969],[-82.3974723839442,27.9451371725396],[-82.3980283843553,27.9451441725753],[-82.398119384404,27.9451401725493],[-82.3982753845693,27.9451341732914],[-82.3985223842126,27.9451151728608],[-82.3987983846284,27.9450781732064],[-82.3989523841767,27.9450711727825],[-82.3991383844275,27.9450771725816],[-82.3992923849674,27.9450911728184],[-82.3993123850016,27.9450951729802],[-82.3994733848639,27.9451281729517],[-82.3995963850014,27.9451361732854],[-82.3998703847,27.9451271729663],[-82.4007113847757,27.945101172874],[-82.4012703849586,27.9451051731099],[-82.4015153852411,27.9450941730647],[-82.4015743850954,27.9450771727193],[-82.4016903855003,27.9450331726927],[-82.4017503853539,27.9450241728878],[-82.4018503850508,27.9450241725231],[-82.4018623852071,27.9444621728484],[-82.4018953854876,27.9429801727505],[-82.4019173855176,27.9411731718452],[-82.4019043849035,27.9375471713171],[-82.401902384835,27.937079170728],[-82.4018933847076,27.9348821705625],[-82.401890384542,27.9339221698723],[-82.4019353850909,27.9335751697707],[-82.4019353850842,27.9324341693329],[-82.4019283846673,27.9312121691075],[-82.4019233846741,27.930479169012],[-82.40194338502,27.9293211685885],[-82.4019323849965,27.9286341685523],[-82.4019373843453,27.9278111687426],[-82.4019433848758,27.927374168408],[-82.401947384416,27.9271221688756],[-82.4019553847091,27.9266091681498],[-82.4019103850638,27.9242521678845],[-82.4019223844546,27.9238391677157],[-82.4018803842621,27.9230291675553],[-82.4008693839939,27.9230521679395],[-82.3984283832394,27.9229741672533],[-82.3976243836753,27.9229231673649],[-82.39706838292,27.9228401675444],[-82.395057382537,27.9228201676019],[-82.3936533822632,27.922805167689],[-82.3931233820474,27.9227921676754],[-82.3895353808374,27.922801167884],[-82.3893643810829,27.9228001677676],[-82.388916380507,27.9227961677572],[-82.3870513798961,27.9227811677473],[-82.3850593798253,27.9227651682881],[-82.3840273796437,27.922762168194],[-82.3830863796431,27.9227401676514],[-82.3827393791851,27.9227371679122],[-82.3822163794464,27.9227331676737],[-82.380955378491,27.9227221679884],[-82.3799313779068,27.9227521680477],[-82.3788753777114,27.9227271683521],[-82.3778853772188,27.9227361677352],[-82.3769273777452,27.9227281682901],[-82.3758043766377,27.9227231680941],[-82.3748533768861,27.9227341680907],[-82.3728613767171,27.9227071685642],[-82.3717333764277,27.922692167926],[-82.3707893760896,27.9227051685698],[-82.3687013752032,27.9226871685686],[-82.3687013749385,27.9200621672788],[-82.3687013748205,27.9190911675757],[-82.3687013746014,27.9183881672543],[-82.3687003748436,27.917700166891],[-82.3686993745917,27.9168451668973],[-82.3686973747161,27.9164271666137],[-82.3686993743257,27.9154531668105],[-82.3686833751869,27.9130741663395],[-82.3686723744354,27.9115271658759],[-82.36866237471,27.9100181652309],[-82.3686523741772,27.9084281645362],[-82.3686513744153,27.9083001647661],[-82.3686433746304,27.9071491648447],[-82.3686393740333,27.9067181644968],[-82.3686393748717,27.9065781642955],[-82.3686363739956,27.906171163903],[-82.3686203748456,27.9036371634715],[-82.3686183740192,27.9034091632649],[-82.368616373928,27.9027521632539],[-82.3686243738783,27.9023941637218],[-82.368622373913,27.9018741633508],[-82.3686443740456,27.9008881626078],[-82.3687023742823,27.8992121627438],[-82.368677373843,27.8973821619023],[-82.3686453738623,27.8949821615529],[-82.3686313739994,27.8935151614425],[-82.3686113744286,27.8914941608477],[-82.3686423739735,27.8912101604066],[-82.3687593738406,27.8901371601912],[-82.3687943736409,27.8898271600036],[-82.3689683744005,27.8882621594859],[-82.3690193742176,27.8871851597329],[-82.3690043742877,27.8825741589277],[-82.3690543741735,27.8800341580606],[-82.3690563737862,27.8799451580556],[-82.3690543733815,27.8694501556671],[-82.3690533736168,27.8671541552279],[-82.3690533736474,27.8643581541911],[-82.3670103724836,27.8643471538188],[-82.366295372939,27.8643431542711],[-82.3653303720271,27.8643371539136],[-82.3628733719124,27.8643231542565],[-82.3614773710937,27.8643161547257],[-82.3609733709073,27.8643091541714],[-82.3607873711055,27.8643061547061],[-82.3589913706668,27.8642821541363],[-82.3587833705593,27.8642791541747],[-82.3574503694192,27.8642621541269],[-82.3573283697071,27.8642601545845],[-82.3566983693276,27.8642641540316],[-82.3548403687813,27.8642791544452],[-82.3542273688981,27.8642801542444],[-82.3529083683457,27.8642761541641],[-82.3517023682818,27.8642831545313],[-82.3505903681255,27.8643161544598],[-82.349529367959,27.8643461545993],[-82.3478613676245,27.8643701542221],[-82.3474303673765,27.864378154892],[-82.347671367069,27.8679211551178],[-82.3479213678726,27.8716011560783],[-82.3481613672078,27.8751361576414],[-82.348203367204,27.8757581571727],[-82.3484173679055,27.8788991583016],[-82.3485043673694,27.8801741580792],[-82.3488593682963,27.8863371598956],[-82.348426368411,27.8863231599794],[-82.34440936676,27.8863761603235],[-82.3440403667548,27.8863801598218],[-82.3433493665372,27.8863891605313],[-82.3430413669274,27.886394160532],[-82.3430533663697,27.8881421608893],[-82.3430553666592,27.8884171607525],[-82.3430573663342,27.8886571608618],[-82.3429543669775,27.8887051609578],[-82.3429133663628,27.8887701610164],[-82.3430413663498,27.8890511607646],[-82.3430483665351,27.8911961614008],[-82.3430513670015,27.8919201612128],[-82.3430543670743,27.8930051614752],[-82.343032366586,27.8934641616246],[-82.3430173663534,27.8936351618997],[-82.3428343667071,27.8938361616596],[-82.3418323660471,27.8938521621783],[-82.3400503663187,27.89388116184],[-82.3388553656442,27.8938861622045],[-82.3379853647452,27.8938891617911],[-82.3362343643068,27.8938421618507],[-82.334955364811,27.8937971619314],[-82.3347533642391,27.8937911623855],[-82.3307683626483,27.8936781624076],[-82.330789363634,27.8952501629172],[-82.3311543631465,27.8963851624556],[-82.3311663631139,27.8976021628441],[-82.3311663637558,27.8996831633898],[-82.331191363615,27.900485163781],[-82.3311373636619,27.9009471635189],[-82.3309813634653,27.9012081644157],[-82.330588363682,27.9019201646104],[-82.3305843633391,27.903583164345],[-82.3299963634456,27.903576164795],[-82.3295723627467,27.9035711647682],[-82.3279923630826,27.9036051646328],[-82.3276163624331,27.9036171642671],[-82.3267993625533,27.903787164747],[-82.3261163621957,27.9041421647181],[-82.3256253622766,27.9044321653421],[-82.3242003619992,27.9056301650857],[-82.3236783615552,27.9060621652961],[-82.3231243609056,27.9064471653135],[-82.322705361451,27.9067441654971],[-82.322432361074,27.9068871658749],[-82.3221383607205,27.9070411657478],[-82.3214973611839,27.9073611659125],[-82.3209673602751,27.9075491657368],[-82.3205553604315,27.9076481661523],[-82.3201473609753,27.9077201662851],[-82.3197083602356,27.907738165575],[-82.3191993598475,27.9077551660174],[-82.3186093598941,27.9077741657649],[-82.3186073597048,27.9107731665344],[-82.3185883606082,27.9120811673154],[-82.3185823606811,27.9145401678061],[-82.3185783607735,27.9164581680333],[-82.3185783602434,27.916610167994],[-82.3186353609938,27.919845168631],[-82.3186443606429,27.920297168668],[-82.3186103607219,27.9216051689647],[-82.3184153605262,27.9225241695803],[-82.3181843601233,27.9233121695549],[-82.3132293594057,27.9233251694245],[-82.3067723574181,27.9233381695844],[-82.3025063556162,27.9232631697509],[-82.3024483562113,27.9232621699826],[-82.3023393555247,27.9232601703539],[-82.3021143557696,27.9232571698302],[-82.30016935532,27.9232511704331],[-82.2961203544167,27.9231921702305],[-82.2939743538312,27.9231481703441],[-82.2939903537554,27.9211561700552],[-82.2939923530681,27.9209431698816],[-82.2939923536709,27.9204851699109],[-82.2939933535329,27.9200551691454],[-82.2939593531027,27.9177781694086],[-82.2939683529161,27.916309168311],[-82.2939753528416,27.9152911686848],[-82.2939673534876,27.9141591684952],[-82.2939823534571,27.913446168072],[-82.2939843528023,27.9133661681992],[-82.2939843531332,27.9133001683254],[-82.2940023535232,27.9121061679551],[-82.2940093533419,27.9116141670687],[-82.2939913526323,27.9105631669038],[-82.2939903534476,27.9097051666785],[-82.2939933526877,27.9086671669027],[-82.2939673533457,27.906869166568],[-82.2939643525959,27.9059901661502],[-82.2939443523901,27.9051431658705],[-82.2939423527563,27.9047291660794],[-82.2939423525961,27.9044261660314],[-82.2939583525611,27.9036601655972],[-82.2939563532984,27.9028621654728],[-82.2939543526669,27.9020801653089],[-82.2939703531732,27.9013471646083],[-82.2939683525157,27.9008981648155],[-82.2939623527052,27.8984151639031],[-82.2939783528793,27.8974701642719],[-82.2939773530774,27.8969971638044],[-82.2944753528141,27.896894164196],[-82.2949083533787,27.8968061639784],[-82.2952903526597,27.8967281641002],[-82.2954543530945,27.8966941637929],[-82.2958093536346,27.8966211638546],[-82.2958313530674,27.8966101638618],[-82.296032353368,27.8965141642066],[-82.2964803535272,27.8963001640394],[-82.2967263535131,27.896062163264],[-82.2970483536012,27.8957501633648],[-82.2976013534553,27.8954031634026],[-82.2982873540474,27.8949721632713],[-82.2983913542929,27.8941011628974],[-82.2987483539562,27.8936121629328],[-82.2988693539718,27.8934551631614],[-82.2989643539185,27.8929511626167],[-82.2990703542456,27.8927151631598],[-82.2991323535937,27.8925111626824],[-82.2993363535436,27.8918371629825],[-82.2995913541865,27.8913931625312],[-82.3000023539432,27.8910961627115],[-82.3003413544713,27.8908741624241],[-82.3005613542681,27.8907551623849],[-82.3006903541015,27.8896541618422],[-82.3011553541033,27.8888291619542],[-82.3015423545541,27.8886001619751],[-82.3028573548105,27.8884491618376],[-82.3029363553833,27.8884401616006],[-82.3036073547161,27.888463161194],[-82.3039163549985,27.8884181620331],[-82.3042523552161,27.8882121615296],[-82.3046653554435,27.8873411612482],[-82.3065493560517,27.8861721614075],[-82.3067563556507,27.8860351606851],[-82.3073243563654,27.885370160546],[-82.307492355911,27.8849601604996],[-82.3074533560577,27.8849861607433],[-82.3073993562233,27.8850081605602],[-82.3073353556205,27.8850021604027],[-82.3072743561237,27.8850101610407],[-82.3070053559051,27.8850751603906],[-82.3067593557824,27.8851071603356],[-82.3066043560421,27.8851171611165],[-82.3064823558786,27.8851151609567],[-82.3063573556671,27.8850951611749],[-82.3062693559997,27.8850661603778],[-82.3061913562695,27.8850241603763],[-82.3060963554408,27.8849541604862],[-82.3059883561382,27.8848521603406],[-82.3059153552974,27.8847641603612],[-82.3057663557701,27.8845201607203],[-82.3056983559758,27.8844461606542],[-82.3056413551204,27.8843991603354],[-82.305562355906,27.8843521609193],[-82.3054783557467,27.8843181603083],[-82.3053873556849,27.8843021605779],[-82.3052893551428,27.8843021601266],[-82.3052303554003,27.8843111607385],[-82.3051723551046,27.8843281609588],[-82.3051053555056,27.8843611603959],[-82.3049883557823,27.8844351604147],[-82.3048543558705,27.8845441607656],[-82.3047823551888,27.8846261604118],[-82.3046313557609,27.8847781610041],[-82.3044513555272,27.8849671610244],[-82.3042553549782,27.8851821608294],[-82.3041503550455,27.8852821606329],[-82.3040103551764,27.8853901608707],[-82.303834355601,27.8855031612559],[-82.3035723547894,27.8856511611348],[-82.3033803553779,27.8857431605319],[-82.3032393546373,27.8857971607916],[-82.3031803548621,27.88581416057],[-82.3030873546347,27.8858231610339],[-82.3029943548012,27.8858151605593],[-82.3025663548598,27.8857471611893],[-82.3023243542315,27.8856971614132],[-82.3021183549387,27.8856401606873],[-82.3020063550062,27.8855941610529],[-82.3018723544816,27.8855221608612],[-82.3017233542719,27.885424160969],[-82.301584354798,27.8853131611925],[-82.3014123548108,27.8851541609784],[-82.3012943545583,27.8850271609321],[-82.3007863540837,27.8844021605715],[-82.3007553546903,27.8843681605585],[-82.3005523542407,27.8841461605255],[-82.3004063539218,27.8840031601737],[-82.300293354321,27.8839101609333],[-82.2999703541849,27.8836851608452],[-82.2999193536698,27.8836581609867],[-82.2998933534391,27.8836491607524],[-82.2998683538604,27.8836531605515],[-82.2997463535155,27.8837511608359],[-82.299720353636,27.8837651608073],[-82.299660353881,27.8837791606745],[-82.2995933539392,27.8837811607709],[-82.2995623536518,27.8837761609831],[-82.2995383540591,27.8837641602668],[-82.299516353672,27.8837471602521],[-82.2994803541641,27.8837021602566],[-82.2994513536439,27.8836491603475],[-82.299432353933,27.8835961603713],[-82.29942935384,27.883541160153],[-82.2994353538854,27.8834561607523],[-82.2994323536268,27.8834291602374],[-82.2993993537194,27.8833521607451],[-82.2993683540099,27.8833011604298],[-82.2993293532763,27.883257160483],[-82.2993083537009,27.8832391601724],[-82.2992843538373,27.8832251605277],[-82.2992263532717,27.8832111606731],[-82.2990983533016,27.8831981600441],[-82.2990393538936,27.8831791601061],[-82.2989243540931,27.8831281604601],[-82.2988743532361,27.8830951604906],[-82.2988353540128,27.8830571606573],[-82.2988093536032,27.8830091607867],[-82.2987923538703,27.8829231608191],[-82.298790353482,27.882868160218],[-82.2988053533089,27.8827831602817],[-82.2988283537757,27.8826991600421],[-82.2988343535437,27.8826501604092],[-82.2988303531947,27.8826261599184],[-82.2988153532142,27.8826041604916],[-82.2987403531502,27.8825721603931],[-82.2986863533105,27.8825151607564],[-82.2986163535758,27.8824751605407],[-82.2985953536609,27.8824591599045],[-82.2985643538841,27.8824271600714],[-82.298539353924,27.8824131606546],[-82.2984773530031,27.8824071601636],[-82.2984633530902,27.8823831605513],[-82.2984583530887,27.8823271602232],[-82.2984773531406,27.8823101606208],[-82.2985093538396,27.882310159928],[-82.2985353539375,27.8822981599685],[-82.2985473531007,27.8822721602341],[-82.2985463534328,27.8822431600882],[-82.2985243532039,27.8822271598015],[-82.2984933539141,27.8822271601345],[-82.2984643530233,27.8822381603719],[-82.2984413532268,27.8822561604013],[-82.2984373530806,27.8822351604781],[-82.2984543534999,27.8822111605414],[-82.2985023534971,27.8821761605489],[-82.2985563532446,27.8821491602286],[-82.2986163531597,27.882132160261],[-82.2986463533732,27.8821311603666],[-82.2987013534251,27.8821611598441],[-82.2987173536922,27.8821831598254],[-82.2987183536558,27.8822381598934],[-82.2986753531846,27.8823881602821],[-82.2986683540027,27.8824371602703],[-82.2986743537324,27.8824621599383],[-82.2986913535927,27.8824801599893],[-82.2987163538932,27.882493160387],[-82.2987973536649,27.8825131605142],[-82.2988333533919,27.8825181604709],[-82.2988743537476,27.882517160148],[-82.2989043534261,27.8825081601525],[-82.2989323531448,27.8824931606169],[-82.2990313534869,27.8823881602338],[-82.2994843538084,27.8818301599632],[-82.2997283535514,27.8815441603256],[-82.2998113534519,27.8814291600329],[-82.2998513540663,27.881355160381],[-82.2999423543,27.8811191600636],[-82.299970353925,27.8810121602293],[-82.2999873535078,27.8808741596595],[-82.2999893540258,27.8807911596686],[-82.2999773540507,27.8807101601422],[-82.2999623535513,27.8806691601585],[-82.3001293540718,27.8806481599743],[-82.2997523538415,27.8801851595806],[-82.299664353424,27.8800711599836],[-82.2991383535627,27.8794071591951],[-82.298774353051,27.8789711592092],[-82.2979923534385,27.8785271596858],[-82.2979043529725,27.8784791591136],[-82.2980103528258,27.8782961589155],[-82.2981403533279,27.8781851595435],[-82.2981263529505,27.8774671588043],[-82.2981543528641,27.8736501583424],[-82.2981643532472,27.8734971583183],[-82.3017273542092,27.8645371558015],[-82.3022523537973,27.8645361562179],[-82.3022343536585,27.8625831552447],[-82.3021973542608,27.8588591547694],[-82.3022163539501,27.8535531531594],[-82.3021903537994,27.8514431529434],[-82.3021423534938,27.8474871518143],[-82.3021413531539,27.8473661519308],[-82.3021283536031,27.8462791515018],[-82.3021123532387,27.8448121510458],[-82.3020973527939,27.8433551506794],[-82.3020953537158,27.8426621505275],[-82.3020713533079,27.8409651503898],[-82.3020443534312,27.8390201498515],[-82.3020423526449,27.8388761498171],[-82.302031353429,27.8380771498169],[-82.3020133533631,27.8370041493153],[-82.3019113531328,27.8315581478989],[-82.3020303533241,27.8305271475263],[-82.3023643533846,27.8299291474279],[-82.3028823529388,27.8295761471756],[-82.3036133532892,27.8292211470747],[-82.3035503530727,27.8291341471831],[-82.3019843523011,27.8269391466618],[-82.3012743522864,27.8259431468934],[-82.2994773517036,27.8234121462135],[-82.2980843512016,27.8215431452937],[-82.2960783505053,27.8191471449864],[-82.29527635011,27.8181141447447],[-82.2937883500327,27.8150451445279],[-82.293352349533,27.8141181442279],[-82.2912373485975,27.8096171429396],[-82.2906303488877,27.8083261422269],[-82.289897348235,27.8067641419927],[-82.2897663483263,27.8064981418015],[-82.2897473480501,27.8064601419761],[-82.2890853483207,27.8051211417258],[-82.2889303484475,27.8048091420244],[-82.2888813478118,27.8047101420452],[-82.2872023475046,27.80130814092],[-82.2862773468975,27.7993881406894],[-82.2859563476666,27.7987231399785],[-82.2855373469096,27.797851140321],[-82.2848233472267,27.7965871402176],[-82.2843443461662,27.79587213994],[-82.2837833466313,27.7950351390852],[-82.2836203464536,27.7947931390786],[-82.283144345913,27.7940821395692],[-82.282262346216,27.792539138982],[-82.2821763456768,27.7923761385166],[-82.2820713458813,27.7921781385283],[-82.2810933455728,27.7903261388482],[-82.2796243449891,27.7873451375134],[-82.2778543438611,27.7823891366021],[-82.2776843444422,27.7819131364908],[-82.2762993432294,27.7775111358028],[-82.2756323438659,27.775390134525],[-82.2747823430746,27.7726721344775],[-82.2743493432144,27.771724133976],[-82.2733683428286,27.7695741340196],[-82.2739843425735,27.7700261339331],[-82.2747543427803,27.7703131340661],[-82.2775353443036,27.7702741335695],[-82.2814873448764,27.7702471333472],[-82.2829703451502,27.770241133194],[-82.2855653461203,27.7702301335621],[-82.289716347801,27.7702011332471],[-82.2904593476688,27.7701981329953],[-82.3008573504848,27.7701591328412],[-82.3003863501759,27.7689321323311],[-82.3003803503918,27.7675441322288],[-82.2997873500336,27.7661361325175],[-82.3005643508198,27.765948132102],[-82.3013633504077,27.7656281319179],[-82.3034263506919,27.7642081313995],[-82.3037353509151,27.7637951318607],[-82.3041483510142,27.7627171315758],[-82.3047423518861,27.7615261311724],[-82.3059543516437,27.7602431303558],[-82.3063673514827,27.760059130412],[-82.3072173519632,27.7592581304279],[-82.3079653527607,27.7589141300131],[-82.3083783527491,27.7585931300485],[-82.3085073524271,27.7576991300158],[-82.3093843527827,27.7568511291949],[-82.3097963525325,27.7561641292614],[-82.3106733524618,27.7555911290259],[-82.3107253528289,27.7551101291793],[-82.311138353159,27.7541701292446],[-82.3111123532072,27.753688128737],[-82.3112153527997,27.7534821283371],[-82.3118853536289,27.7531391287292],[-82.3129943537117,27.7519931287063],[-82.3130203533836,27.751580128266],[-82.3127373534188,27.7511211279091],[-82.3127893538435,27.7507771284146],[-82.313227353683,27.7503191281396],[-82.3136333539689,27.7499211278307],[-82.3145873540634,27.7497761274251],[-82.3158763540669,27.7497371279114],[-82.3161323544417,27.7497411274669],[-82.317797354998,27.7500521277947],[-82.3186773553669,27.7500581276235],[-82.318420355063,27.7492321278842],[-82.3184033551722,27.7484051276746],[-82.3189183547436,27.7484101274938],[-82.3189183547283,27.7487221277574],[-82.3203133552013,27.7487371274121],[-82.3230003561566,27.748597127232],[-82.3234713560838,27.7484611270241],[-82.3241223562261,27.7484661268638],[-82.3351573598771,27.7485441269149],[-82.3514553645704,27.7488741265389],[-82.3514993645267,27.7488741266347],[-82.3517383648214,27.7488831265018],[-82.3642033678046,27.7487761262626],[-82.3788113724529,27.7486521260487],[-82.3794943728307,27.7486831262458],[-82.3795373726696,27.7486261254398],[-82.3806303732477,27.7468271255993],[-82.3812053725788,27.7458791250084],[-82.381320372978,27.745691124989],[-82.3822633732785,27.7434431244054],[-82.3829853733118,27.7404461234283],[-82.3833043730581,27.737547123029],[-82.3833363731699,27.7346061222811],[-82.3833593728893,27.7325011220119],[-82.3833583736418,27.7310431211237],[-82.3833563734827,27.7269161206011],[-82.3831093732154,27.7269641207546],[-82.3828603728093,27.7270121205872],[-82.3828693730933,27.723440119787],[-82.3829103731186,27.7211861193051],[-82.3829363727503,27.7199211189619],[-82.3829363726282,27.7199051185749],[-82.3829603729902,27.7195521186362],[-82.3830523723162,27.7183281185484],[-82.3831563731699,27.7175271180433],[-82.3832793724764,27.7167561180824],[-82.3835213730826,27.7157151179932],[-82.3836413727188,27.7151621175103],[-82.3837813724879,27.7146541170483],[-82.3838983726072,27.7142631175812],[-82.3840993725339,27.7136961169979],[-82.3844423731994,27.7127801170193],[-82.3845353731669,27.7127881170266],[-82.3849043729698,27.7127991166865],[-82.3877793736789,27.7129281173625],[-82.3889783739661,27.7129871172562],[-82.3900003742603,27.7130211167802],[-82.392037375486,27.7130811173148],[-82.3921093752728,27.7130731171563],[-82.3925123752877,27.7130301168854],[-82.3940923756833,27.7130751164534],[-82.3951993762136,27.7130791170846],[-82.3981633767813,27.7130901167505],[-82.4001233774637,27.7130701167031],[-82.402204378189,27.7130781166604],[-82.403072378421,27.7130821167885],[-82.403971378099,27.7130871165874],[-82.4065283787779,27.713099116987],[-82.4078793801585,27.7130881166193],[-82.4106243801661,27.7130671165693],[-82.4126473808325,27.7130681159394],[-82.4146663811902,27.7130681167683],[-82.4186923832001,27.7130291159118],[-82.419574382635,27.7130491158787],[-82.4230193842117,27.7131281165171],[-82.4240493843201,27.7131251160091],[-82.4257513843461,27.7131201158658],[-82.4261143846406,27.7131111161421],[-82.4270893850293,27.713124116455],[-82.4282053859899,27.713129115853],[-82.4297423857521,27.713135115669],[-82.430991386257,27.7131321162816],[-82.4320483867711,27.713140115582],[-82.4330863874162,27.7131591156136],[-82.4341123868752,27.7131621162703],[-82.4341243877465,27.7141491157269],[-82.4341193868356,27.7150381159657],[-82.4341143873522,27.7159651162131],[-82.4341013874011,27.716877116634],[-82.4341043870639,27.7177811171296],[-82.434086387272,27.7185601172613],[-82.4340753871625,27.7189641172681],[-82.4340743877675,27.7190011169944],[-82.434074387065,27.7191451172685],[-82.4340753877056,27.7199581176962],[-82.4340123870701,27.720643117576],[-82.4339663875381,27.7215221183228],[-82.4339433869948,27.7219671176934],[-82.4339263873245,27.7224691182103],[-82.4338653877836,27.7242711189009],[-82.4338353877928,27.7252561187145],[-82.4338043878322,27.7278851198377],[-82.4337793875465,27.7295971202825],[-82.4337643873855,27.7306181203878],[-82.4336663879077,27.7314991201934],[-82.4331123870617,27.7327431204101],[-82.4326333873835,27.7334221210731],[-82.4308063870422,27.7351971216286],[-82.4334923881644,27.7352201211315],[-82.4352333884484,27.7352351211549],[-82.4364803888136,27.7352431214334],[-82.4466673912842,27.7353121213383],[-82.4474013920535,27.7353171209856],[-82.4475063921487,27.7353171207392],[-82.4514583927373,27.7353441204997],[-82.4577553951769,27.7353421203319],[-82.4640753969199,27.735340120103],[-82.468188398217,27.7353271200506],[-82.4684533976091,27.7353271201149],[-82.4701323980465,27.7351141205563],[-82.47083539845,27.7345181199645],[-82.4714123982554,27.7344071198825],[-82.4720313990648,27.7350861201171],[-82.4722933988881,27.7354771201535],[-82.4741983995778,27.7353901203222],[-82.4755513999651,27.7350211205454],[-82.475565399854,27.7349981197959],[-82.4756164001123,27.7349661199855],[-82.4756733998531,27.7349461200173],[-82.4757953998371,27.7349251204237],[-82.4759183999141,27.7349151198179],[-82.4759924005111,27.7349251196755],[-82.4760863997123,27.7349531202162],[-82.4762853997219,27.735041119813],[-82.4764344002417,27.7351411204647],[-82.4764794005925,27.7351591198653],[-82.476527399978,27.7351631202182],[-82.4766014004137,27.7351511200949],[-82.4766593999287,27.7351271202789],[-82.4767044000037,27.7351131200294],[-82.4767434005809,27.7351151199214],[-82.4767774005234,27.7351291205189],[-82.4767614000173,27.7339851195952],[-82.4769373997542,27.7339751195612],[-82.4769833998815,27.7339561198741],[-82.4770234000773,27.7339411197103],[-82.4769484002161,27.7338941202354],[-82.4769254001892,27.7338131198866],[-82.4768664000459,27.7335311197377],[-82.4768143996982,27.7333981196983],[-82.4766403997531,27.7331731193556],[-82.4765884001717,27.7330861192452],[-82.4765754001978,27.7329171200323],[-82.4765514000341,27.7327371191614],[-82.4765054002053,27.7326101193917],[-82.4764754000473,27.7324711198252],[-82.4764583995714,27.732348119051],[-82.4764233995972,27.7322301192967],[-82.4764284001092,27.7321311198395],[-82.4764103998598,27.7320641197515],[-82.476381400045,27.7318801192812],[-82.4763803997977,27.7316391190985],[-82.4763163999325,27.7315371192153],[-82.4762524001914,27.7314491188407],[-82.476239400197,27.731106119316],[-82.4762443996667,27.7309681191294],[-82.4762674000593,27.7308551195319],[-82.4762953996993,27.7306701187397],[-82.4763124002941,27.7306451186017],[-82.4763753997867,27.7306501187366],[-82.4763873995445,27.7306081194076],[-82.476386399604,27.7305421193331],[-82.4764203996015,27.7302831185736],[-82.4764203997057,27.7302591190982],[-82.4764874003497,27.7302621191395],[-82.4771024002113,27.730317119099],[-82.4771014005023,27.7303691192991],[-82.4771233998706,27.7303751186695],[-82.4771274004725,27.7303161187292],[-82.4773574001592,27.7303391192153],[-82.4773534006947,27.730398119157],[-82.4773764002945,27.7303981192294],[-82.4773904002473,27.7302671188558],[-82.4773664002084,27.7302621191128],[-82.4773604001863,27.7303191189315],[-82.4771333997717,27.7302971188404],[-82.4771384002268,27.73024111877],[-82.4771144006776,27.7302411184958],[-82.4771113998775,27.7302961189875],[-82.4767214005102,27.7302671185849],[-82.4764693996229,27.7302411190871],[-82.4764263998342,27.7302321191102],[-82.4764534002303,27.7298981190261],[-82.4762913997112,27.7298841185605],[-82.4762513997163,27.7298531184583],[-82.4763874001512,27.7293251184598],[-82.4764664004107,27.7290831190035],[-82.4765924003578,27.7287701188332],[-82.4766884000611,27.728455118298],[-82.4767573996775,27.7283311182173],[-82.4768423999721,27.7280951180299],[-82.4769514004476,27.7278231179691],[-82.4770714003969,27.7275971178622],[-82.4772024004948,27.7274531178092],[-82.4772884004189,27.7273401182332],[-82.47727039985,27.7272201179209],[-82.4772703997911,27.7271181178582],[-82.4773274001613,27.7270301183843],[-82.4773854003282,27.7269791181776],[-82.4774704003384,27.7268141179378],[-82.4776143999239,27.7266351184385],[-82.4776654005814,27.7265521182908],[-82.4778084002744,27.7263621176885],[-82.4779974004357,27.7260641183015],[-82.478117400194,27.7259301174063],[-82.4782264005943,27.7257871173835],[-82.4782894005519,27.7257201182131],[-82.4783294005016,27.7256521173879],[-82.478303400106,27.7256391173597],[-82.4796904009845,27.7256621173367],[-82.4854994021635,27.7257571174649],[-82.5663694258301,27.7270811162496],[-82.5622404246479,27.7360251184498],[-82.5589254243194,27.743207120367],[-82.5531214233805,27.755610122759],[-82.5514054226747,27.7593821241414],[-82.5492944217675,27.7642381253729],[-82.5472214217498,27.7690101267563],[-82.5467214211564,27.7700101270803],[-82.5463514216404,27.7708871270011],[-82.5448214212143,27.7745101275222],[-82.5434214210911,27.777510128795],[-82.541521420236,27.7822091302268],[-82.5406214207364,27.7850091310213],[-82.5418214204506,27.7878091311369],[-82.5467214217407,27.7912091316271],[-82.5499094236579,27.7923111316764],[-82.5533734243866,27.7935091325513],[-82.5584214258321,27.7975091331918],[-82.5596214259866,27.7989091332234],[-82.560466426903,27.8005991336178],[-82.5636224280686,27.8069081353416],[-82.5658224287543,27.8176081382334],[-82.566122428945,27.8234081392472],[-82.5661424292382,27.8244181395596],[-82.5667124301049,27.8525621465656],[-82.5668154306187,27.8576371478492],[-82.5668224299037,27.8580071473691],[-82.566875430571,27.8592061476748],[-82.5672194307408,27.8670781496321],[-82.5674224305071,27.8717061507013],[-82.5679054314543,27.8833741535884],[-82.5679194309382,27.8837061538041],[-82.5679384317061,27.8838951534277],[-82.5687224320352,27.8929051563731],[-82.5700224329176,27.8999051577784],[-82.571412432604,27.9036271585974],[-82.5734224340508,27.909005159725],[-82.5769824351585,27.9150831607649],[-82.5775224350279,27.9160051615979],[-82.5807384359423,27.9202681622196],[-82.5818224363657,27.9217041628413],[-82.5850504371493,27.9252561632613],[-82.5851024373375,27.925313162985],[-82.5851204372343,27.9253321633658],[-82.5852064378831,27.9254271632722],[-82.5852534377493,27.9254781633338],[-82.5871054385772,27.9275161641587],[-82.5872894387589,27.9277181635549],[-82.5770004358848,27.931433165343],[-82.5765414353134,27.9316021652794],[-82.5677784330469,27.9347161663821],[-82.5659684323986,27.9354001661322],[-82.5645554319451,27.9358961666382],[-82.5621494313489,27.9366641668887],[-82.5530364285214,27.9399061674196],[-82.5502524283081,27.9408941679786],[-82.5494424274776,27.9411811679478],[-82.5477274276671,27.9417901686961],[-82.5458514271182,27.9424561680668],[-82.5430764260274,27.9434421686529],[-82.5387824247857,27.9449831692799],[-82.5371964239286,27.9455511692608],[-82.5362114244739,27.9459031694726],[-82.5336144230757,27.9468321701104],[-82.5332894234309,27.9469491703576],[-82.533070423764,27.9470271698088],[-82.5328764235237,27.9470971697722],[-82.5327684230008,27.9471351703136],[-82.5317474226225,27.9475011697606],[-82.531301422287,27.947661170326],[-82.5312814231963,27.9476681698721],[-82.5312564230175,27.9476771704004],[-82.5311424223312,27.9477171700026],[-82.5307934224625,27.9478411703306],[-82.530376422443,27.9479921700975],[-82.5255344210112,27.9497271705638],[-82.5248024205112,27.9499901704546],[-82.5245584214109,27.9500771711472],[-82.5241594212686,27.9501891709092],[-82.5232554201182,27.9504441705794],[-82.5213194195948,27.9506591708045],[-82.5209584202593,27.9506541709981],[-82.5208564197141,27.9506531708842],[-82.5205584201532,27.9506491715453],[-82.5200714193447,27.95064217144],[-82.5188474195954,27.9506251713659],[-82.5176514188916,27.9506091713948],[-82.5172164183816,27.9506031712454],[-82.516593419017,27.9506091708068],[-82.5152074179668,27.9506221710287],[-82.5143774180733,27.9507011711004],[-82.5139014176138,27.9507651717802],[-82.5136524173017,27.9507991716789],[-82.5124484179224,27.951128171308],[-82.5112134167156,27.9516301715639],[-82.5102104171823,27.9521831714949],[-82.5097734171152,27.95218117191],[-82.5077284157084,27.9521881715479],[-82.5056244150405,27.9521701722188],[-82.5042764147367,27.9521491719958],[-82.5028844148733,27.9521341723399],[-82.5015354147031,27.9521231719694],[-82.5009414137782,27.9521221720027],[-82.4994574137212,27.9521221717959],[-82.4974034131734,27.9520821723293],[-82.4963624130521,27.9520801717772],[-82.4953404121456,27.9520691719614],[-82.4932584120801,27.9520381722935],[-82.4919784117263,27.9520421719251],[-82.4912174109029,27.9520441722886],[-82.4903474114066,27.9520161726358],[-82.4897814107559,27.9520301726019],[-82.4891484103995,27.9520381726924],[-82.4871174099698,27.9520821724878],[-82.4861494101045,27.9520901725426],[-82.4850654099457,27.9521061719992],[-82.4850634092328,27.9513671720033],[-82.4850824092077,27.950641172045],[-82.4829894089314,27.9506191716742],[-82.4829914088599,27.9498951716298],[-82.4809144082392,27.9498731718699],[-82.4788404076712,27.9498531715793],[-82.476786406841,27.9498301722196],[-82.4746904069182,27.9498101720421],[-82.4727384054848,27.9497731719911],[-82.4726094064078,27.9498131721252],[-82.4724784062306,27.9498741717996],[-82.4717474056087,27.9498791721925],[-82.4709224058612,27.9498721723866],[-82.4700984053782,27.9498661722162],[-82.4692834046216,27.9498601725286],[-82.468857404903,27.9498791724094],[-82.4687574045324,27.9498841721187],[-82.4684754049865,27.9499931724128],[-82.4680954046731,27.9501871723657],[-82.467494404781,27.9503151724094],[-82.466436403667,27.9502861725999],[-82.4655694043224,27.950230171991],[-82.4655194033928,27.9502281725937],[-82.4656234036097,27.9505601727496],[-82.4657604035042,27.9513681725834],[-82.4658344035435,27.952074172854],[-82.465843404301,27.9521631724988],[-82.4659364037028,27.9527681727158],[-82.4658924037736,27.9528831733392],[-82.4657544041016,27.952858173399],[-82.4655284037389,27.9538561736619],[-82.4653594041904,27.9545581730883],[-82.4651514039652,27.9554211732678],[-82.4650834038058,27.9557161738081],[-82.4650174040994,27.9559961739888],[-82.4650064042411,27.9560441742943],[-82.464998403837,27.9560801741311],[-82.4649914035055,27.9561071735515],[-82.4649824039474,27.9561471735406],[-82.464935403979,27.9563471739215],[-82.4648784042772,27.9563551741117],[-82.4647404040808,27.9563751737317],[-82.4642104037404,27.9564521737236],[-82.4640194033521,27.9564791735931],[-82.4639254037754,27.9564931737208],[-82.4635054038346,27.9565581744299],[-82.4634494031251,27.9565671741468],[-82.4633994033824,27.9565751736185],[-82.4633464035534,27.9565831741477],[-82.4631444032097,27.9566141741281],[-82.4628464029218,27.9566291738645],[-82.4627104037444,27.9566321741302],[-82.4609374023856,27.9566661737636],[-82.4604964024979,27.9566751742423],[-82.4601434026859,27.9566821744827],[-82.4594814019728,27.9566951743974],[-82.4587784018984,27.9567081742396],[-82.4580564022288,27.956722174037],[-82.458021402369,27.9567231739731],[-82.4575484016295,27.9569181745602],[-82.4570984018591,27.9571331739931],[-82.4565204016707,27.9575761748108],[-82.4565354010319,27.9573241745077],[-82.4565504017315,27.9570891747188],[-82.4565934015603,27.9563781745867],[-82.4565944018509,27.9562371739794],[-82.4565284011819,27.9561221739066],[-82.4564694019122,27.9560581738324],[-82.4558764015597,27.9553861739549],[-82.4558874008239,27.9547871734656],[-82.4558984009643,27.954150173261],[-82.4557594012192,27.9534161731518],[-82.4557054008719,27.9532991737447],[-82.4555204015567,27.9529781736669]]]},"properties":{"OBJECTID":2,"DistrictId":"School Board District 2 / Stacy Hahn","District":2,"Shape__Area":0.05345938138316342,"Shape__Length":1.2555050130116086,"BoardMember":"Stacy Hahn"}},{"type":"Feature","id":3,"geometry":{"type":"Polygon","coordinates":[[[-82.5022754222646,28.1722282253476],[-82.5020344217304,28.1722252252083],[-82.50181142163,28.1722302250616],[-82.501141421195,28.1722452252012],[-82.5009194215668,28.1722512251928],[-82.5008174214738,28.1722522254042],[-82.5005184216621,28.172256225101],[-82.500414421569,28.1722642248654],[-82.5002984211785,28.1722732249146],[-82.4999534214397,28.1723012250841],[-82.4998394215168,28.1723112254005],[-82.4994574205632,28.1723492250909],[-82.4989404212845,28.1724022250021],[-82.498754421181,28.1724252247191],[-82.4983144208194,28.1724682249904],[-82.4979824204924,28.172501225328],[-82.4979334204605,28.1725002249927],[-82.4973864206423,28.1724862253251],[-82.4957454203835,28.1724452247752],[-82.4951994195134,28.1724322252206],[-82.4947104191255,28.1724192251348],[-82.4932464195366,28.1723802252394],[-82.4927584185126,28.1723672254076],[-82.4926304194859,28.1723642252849],[-82.4922474188525,28.1723582255448],[-82.4921204193196,28.1723562257023],[-82.491917419165,28.1723512249249],[-82.4917084185822,28.1723472253769],[-82.4913094186045,28.172350225758],[-82.4911074183498,28.1723532252121],[-82.4910124189224,28.1723542255017],[-82.4871524178819,28.1722692255038],[-82.484914416628,28.1722192255689],[-82.4845484166393,28.1722112256248],[-82.483739416399,28.1722112251241],[-82.4836894159964,28.1722112257687],[-82.4824044160771,28.172188225758],[-82.4820524159302,28.1721822254486],[-82.4817014158003,28.1721762252284],[-82.4814494152569,28.1721772250954],[-82.4801384149866,28.1721222254763],[-82.4794464150385,28.1720042252588],[-82.4787114147698,28.1719982256761],[-82.4784774145703,28.1719972251478],[-82.4770814145151,28.1719862253135],[-82.4759414140319,28.1719692260403],[-82.4754584142124,28.1719622255835],[-82.4743314135687,28.1719442256815],[-82.4740594139925,28.1719402260675],[-82.4740294133903,28.1719402252387],[-82.4739854136752,28.1719392260928],[-82.4738754138588,28.1719382252202],[-82.4694264123016,28.1718932261832],[-82.467726412042,28.1718762261284],[-82.4670334117431,28.1718692253998],[-82.4666384116809,28.1718672258684],[-82.4662604111186,28.1718642261358],[-82.4643474105237,28.1718522261526],[-82.4641314102543,28.1718512257983],[-82.4635214107211,28.1718472259826],[-82.4618934104062,28.1718352257234],[-82.4618004096734,28.1718352262354],[-82.4617054095413,28.1718332256228],[-82.4614644097883,28.1718282256686],[-82.4612964094621,28.1718252263509],[-82.4609934095905,28.171820225945],[-82.4586094095481,28.1717842264019],[-82.4577274084733,28.1717712257679],[-82.4572324091889,28.1717642263792],[-82.4559594086231,28.1717742260722],[-82.4545574083981,28.1717572259536],[-82.4491704068762,28.1717742262803],[-82.4448074051847,28.1717072260752],[-82.4446744049339,28.1717062268136],[-82.4434544045637,28.1716672265519],[-82.4433134043229,28.171663226178],[-82.4428894047374,28.1716522263545],[-82.442749404563,28.1716492265191],[-82.4420684046478,28.1716102263099],[-82.4400274035377,28.1714922261449],[-82.4393474034264,28.1714542261622],[-82.4391674031771,28.1714502266092],[-82.4386314034433,28.1714382263487],[-82.4384524032197,28.171434226262],[-82.4383124034191,28.1714362265112],[-82.4382964036726,28.1714362262823],[-82.4378444027005,28.1714392260407],[-82.4378294029386,28.1714392261697],[-82.4376734033621,28.1714422262252],[-82.4360504022126,28.1714542264599],[-82.435630402,28.1714372266496],[-82.4344894020355,28.1713912265209],[-82.4344814023634,28.1713852266765],[-82.4340084022575,28.1712652266652],[-82.4335194021289,28.1711532265736],[-82.4329314019498,28.171103226572],[-82.4324374015731,28.1710912262864],[-82.4318974014299,28.171145226264],[-82.4302194005534,28.1711682262004],[-82.4292224008222,28.1711822265155],[-82.4281714006486,28.1712852264508],[-82.4278524000087,28.171283226608],[-82.4254043993972,28.1712762267974],[-82.4253253996775,28.1712762267209],[-82.4245953996881,28.1712742263609],[-82.4225973985632,28.1712682268311],[-82.422246398323,28.1712672267848],[-82.4220673981865,28.1712672272065],[-82.4219303985306,28.1712662271987],[-82.4216603988507,28.1712662267777],[-82.4216323982898,28.1712662272602],[-82.4207203983027,28.1712632269808],[-82.4200893976612,28.1712612268983],[-82.4184013974946,28.1712552273526],[-82.417792397313,28.171254226918],[-82.4177783977287,28.1712532273698],[-82.4170333966681,28.171252226887],[-82.413937396715,28.1712362274291],[-82.4124543957911,28.1712282272423],[-82.4123923957624,28.1712282271605],[-82.4105153955789,28.1712182271712],[-82.4033033936226,28.1711802271281],[-82.3958613910817,28.1712502275283],[-82.394632390919,28.171262227162],[-82.3939993906648,28.1712652273526],[-82.3936973901256,28.1712622273256],[-82.3924233900452,28.1712622273538],[-82.3923603899266,28.1712622273851],[-82.3921573897697,28.1712622276894],[-82.3920053899012,28.1712622279061],[-82.3919643894674,28.1712622279489],[-82.3895933892313,28.1712582279611],[-82.3886813891103,28.1712532275746],[-82.3885693885581,28.1712512280677],[-82.385887387909,28.1712252281778],[-82.385486387566,28.1712292279919],[-82.3854313878518,28.1712302274286],[-82.3842423879397,28.1712472280206],[-82.3835593877283,28.1712462279007],[-82.3831513877965,28.1712272277791],[-82.3827903868968,28.1711932282362],[-82.382482387523,28.1711532277375],[-82.3822303869953,28.1711162277191],[-82.3818643867438,28.171049227613],[-82.3643183821681,28.1712082281566],[-82.3641743821853,28.1712272283447],[-82.3640253815232,28.1712472279855],[-82.36400838171,28.1712502284961],[-82.3639673818639,28.1712522279712],[-82.3638773812531,28.1712562282907],[-82.363148381515,28.1712952280398],[-82.3623393813996,28.1712832286112],[-82.3622123816098,28.1712822281258],[-82.3621753810426,28.1712822285234],[-82.3617623812731,28.1712832280642],[-82.3603683809633,28.1712872281589],[-82.3597623808063,28.1712862288677],[-82.3585113806398,28.1712832288393],[-82.3571443797044,28.1712952288935],[-82.3570843793877,28.1712952283355],[-82.3569703799702,28.1712962284914],[-82.3558923793168,28.1712922283038],[-82.3558773794925,28.1712922284801],[-82.3557453789969,28.1712922285227],[-82.355724378988,28.1712912281775],[-82.3539283793362,28.1712862285849],[-82.3538683790142,28.1712862284226],[-82.3537033786603,28.1712852288939],[-82.3533243786016,28.1712482283341],[-82.3519303785768,28.1712702282329],[-82.3502103774928,28.1712922286139],[-82.3420413759269,28.1713932290246],[-82.3402153749413,28.1714152287241],[-82.3370853742229,28.1714542292006],[-82.3351753735626,28.1714782291685],[-82.3351533737537,28.1714782288662],[-82.3341343731135,28.1714912289864],[-82.3330943733206,28.1715032294382],[-82.332944372622,28.1715052293249],[-82.3317443722144,28.1714982295702],[-82.32814437144,28.1714772294731],[-82.3269443713324,28.1714702291631],[-82.3245723700955,28.1714562290007],[-82.322706369869,28.1714452294746],[-82.3225873698977,28.171444229338],[-82.3221493695322,28.1714432290667],[-82.3200903691785,28.1714312291925],[-82.3198783690679,28.1714292294176],[-82.3193793693171,28.1714272293467],[-82.3175603681856,28.1714162296579],[-82.3142253676464,28.1713972294886],[-82.3132473674531,28.1713912293198],[-82.31279236746,28.1713892300303],[-82.3110703659991,28.1713982299792],[-82.3103913667717,28.1714022295967],[-82.3083013658181,28.1714152299742],[-82.3080623654645,28.1714162298249],[-82.3073463649763,28.1714212297445],[-82.3071083654011,28.1714232300469],[-82.3065443650537,28.1714262298454],[-82.3048563644926,28.1714362297129],[-82.3042933647338,28.1714402295961],[-82.3038883646751,28.1714402300929],[-82.3026733637231,28.1714432302676],[-82.3022693643837,28.1714442299323],[-82.2998013627562,28.1714482300478],[-82.2973543622355,28.1714532301799],[-82.2972573629083,28.1714532304982],[-82.2944533618943,28.1714592302506],[-82.2923993606892,28.171464230284],[-82.2901433603819,28.1714692305624],[-82.2899323603582,28.1714702305913],[-82.289251360553,28.1714732299497],[-82.2882273596791,28.1714792303866],[-82.2872843591744,28.1714772304292],[-82.2872093596404,28.1714772307206],[-82.2865293591447,28.1714762303825],[-82.2706653547618,28.1714812311465],[-82.2692153548346,28.1714822311796],[-82.2690913544738,28.171482231235],[-82.259744351538,28.1714672314047],[-82.2580873509886,28.1714682308298],[-82.2543123502548,28.1714722310648],[-82.2524023493457,28.1714732315221],[-82.2498113488505,28.1714762316184],[-82.2466753477374,28.171473231431],[-82.2447663476727,28.1714722312654],[-82.2414913460909,28.1715002316567],[-82.2376703451555,28.171533231736],[-82.2316653431038,28.1715872316517],[-82.2283913421321,28.1716162318936],[-82.2187563397989,28.1718582323945],[-82.2119633380591,28.1718732326658],[-82.2122243378746,28.1716052319709],[-82.2123193378571,28.1713742319863],[-82.2130823382371,28.1695282317749],[-82.2152053388573,28.1643922301881],[-82.2184813390607,28.1564672289197],[-82.2210013400793,28.1503692271055],[-82.2211073400188,28.1501252271298],[-82.2211293397652,28.1500752267262],[-82.2212063402289,28.1498992267775],[-82.2215043400817,28.1492152263008],[-82.2220583402919,28.1482062267169],[-82.224456340642,28.1445252256909],[-82.2271213410124,28.1403842247148],[-82.228701341838,28.1379312239071],[-82.2319853427821,28.132899222878],[-82.2366633435176,28.1257322207296],[-82.2372823431758,28.1247802202828],[-82.2424853451466,28.1167792181804],[-82.2432333450238,28.1156282177468],[-82.245162345802,28.1126622173792],[-82.2463463458486,28.1108272166658],[-82.2474063461153,28.1091942163819],[-82.2493573469068,28.1061732151779],[-82.2491743459952,28.1056232153193],[-82.2491563462859,28.0985822137627],[-82.2491553460022,28.0981522136346],[-82.2491553465755,28.0972752137787],[-82.2491563460806,28.0958252130806],[-82.2491543455554,28.0937652126213],[-82.2491543457037,28.0936172128079],[-82.2491973457158,28.0869242110469],[-82.2492163453362,28.0839802106856],[-82.2492193461302,28.0835982103881],[-82.2492103461706,28.0814782098511],[-82.2491903459584,28.0799792089802],[-82.2492053454837,28.0790492091962],[-82.2491793452484,28.0763202080699],[-82.2487523450373,28.0763182086092],[-82.2409303434023,28.0762832090461],[-82.2370373415147,28.0762702084886],[-82.2367353416796,28.0762692091521],[-82.2316303408739,28.0762842090819],[-82.2291393399953,28.0762862091766],[-82.2265173389288,28.0762882088632],[-82.2223543380904,28.0762932095176],[-82.2203603370544,28.0762952089074],[-82.2163983362814,28.0762802095286],[-82.2163053357199,28.0730862088838],[-82.2162833356742,28.0712082079444],[-82.2162373360121,28.0673412067742],[-82.216225335717,28.0662822065199],[-82.2162213356046,28.0659112069346],[-82.21621133512,28.065025206101],[-82.2161723359428,28.0616742057358],[-82.2161573357963,28.0592552054249],[-82.2161523356758,28.0585472053837],[-82.2161493356449,28.0580452044466],[-82.2161473356154,28.0573652049752],[-82.216121335366,28.0543782040518],[-82.2161063352901,28.0516742033461],[-82.2160983349449,28.050866202881],[-82.2160613351504,28.0470562021174],[-82.2160333343815,28.0434122010257],[-82.2160173350116,28.0400432003453],[-82.2160163348702,28.0397472004871],[-82.2160143349785,28.0393672001543],[-82.2160023342041,28.0346391994451],[-82.2159873341811,28.0329421984468],[-82.2159853348021,28.0324231988926],[-82.2159723348466,28.0288961978668],[-82.2159683344905,28.0277551973966],[-82.2159653342831,28.0274101972253],[-82.2159343338938,28.0251031969447],[-82.2159143339575,28.0222251960015],[-82.2170813342246,28.0221711961418],[-82.2178153350981,28.0221021956746],[-82.2189813345956,28.0219311957554],[-82.2200233349803,28.0217161959584],[-82.2214243354212,28.0213991959856],[-82.2225323360403,28.0211251954528],[-82.2235813367091,28.0209291956356],[-82.2241333368339,28.0207911952476],[-82.2240843363252,28.0204881953387],[-82.2240863364029,28.0186221953187],[-82.2240573367564,28.0167931947493],[-82.2240383364917,28.0156301947423],[-82.2240503366708,28.0141381943482],[-82.2240613362252,28.0107481930697],[-82.2240723361171,28.0076501924423],[-82.2240293363372,28.0073881924748],[-82.2239293357868,28.0071121922922],[-82.2237653357634,28.0068621919715],[-82.2221493353786,28.0047251919658],[-82.2217453352099,28.0042891913734],[-82.2206203352824,28.0033041912416],[-82.2200393347641,28.0028511917129],[-82.2199503351244,28.0027011916406],[-82.2198963347674,28.0025501916056],[-82.2198753346036,28.0024121913484],[-82.2198813342434,27.9984071903429],[-82.2198783346163,27.9979601902747],[-82.2198673342926,27.9968361895877],[-82.2197473343013,27.996269189606],[-82.219687334137,27.995920190198],[-82.2197003341028,27.9943111890651],[-82.2196963344125,27.9941601891736],[-82.2215623347038,27.9936261895425],[-82.2281313370759,27.9920041883308],[-82.2300103376667,27.9916701884392],[-82.2360903384726,27.9906691882931],[-82.2443443415637,27.9893221877336],[-82.2486173421167,27.9886091868336],[-82.2491313429472,27.9885241874138],[-82.2529433440629,27.9878901867364],[-82.2579233450684,27.987050186868],[-82.2651723469723,27.9858491860416],[-82.2705813492014,27.9849581856741],[-82.2714693484872,27.9847831860831],[-82.2720573486878,27.9846311860221],[-82.2728733491435,27.9843411856414],[-82.2741863495887,27.9838361857521],[-82.2755763501041,27.9833001852846],[-82.2776633509539,27.9825471851147],[-82.2776573507987,27.982750185388],[-82.2801533514427,27.9818061845167],[-82.2806373514588,27.9816771844924],[-82.2810993515465,27.9816081843967],[-82.2819363517874,27.9815701843052],[-82.2831403523216,27.9815701848714],[-82.2843603530311,27.9815701842382],[-82.2848343527735,27.9815701844979],[-82.2859293525972,27.9815741845885],[-82.285927353549,27.9824241843774],[-82.2859293533018,27.9832231846296],[-82.2859243534883,27.9840311856149],[-82.2859203532905,27.9857491859115],[-82.2859213530847,27.9865651857912],[-82.2859223535902,27.9869301862722],[-82.2859233534136,27.987272185923],[-82.2859243532503,27.9886491858857],[-82.2859253529396,27.9897551861493],[-82.2859083531145,27.9904321867028],[-82.2858913536031,27.9910931873382],[-82.2858643537103,27.9921161869854],[-82.2858563529657,27.9924391875608],[-82.2859063535264,27.9950611882014],[-82.2859263537927,27.9961361878371],[-82.2859873540374,27.9976751883992],[-82.2860053535183,28.0002991892197],[-82.2859703535594,28.0020961896256],[-82.2860133537144,28.0050021901727],[-82.2839353531331,28.0053991905846],[-82.2822683524584,28.0057191904827],[-82.277734351543,28.0065881908683],[-82.2777503514548,28.0093741914427],[-82.2777533518577,28.0098061911697],[-82.2777583514642,28.0106801922213],[-82.2777723520365,28.0120281925287],[-82.2777773521529,28.0124761923656],[-82.2777953517252,28.0142541927021],[-82.2777923520933,28.0154861933717],[-82.2778563522108,28.0179911935925],[-82.2778593523434,28.0193111938475],[-82.2778723524947,28.0216421940887],[-82.2791363523011,28.0216331947388],[-82.2797573524068,28.0216281942092],[-82.2820433528678,28.0216211943811],[-82.283887353969,28.0216161946833],[-82.2841163534096,28.0216151944393],[-82.2870463541643,28.021607194511],[-82.2875663548841,28.0216051941673],[-82.2902493553931,28.0215971940708],[-82.2923233561239,28.0215961939253],[-82.2939893562885,28.0216011940722],[-82.3000523579309,28.0215941942294],[-82.302529359537,28.0215931937482],[-82.3025383594612,28.0240951948284],[-82.3025423592668,28.0252471948105],[-82.3025733590674,28.0288591957857],[-82.3026153590732,28.0324591965334],[-82.3026593596951,28.0361751975921],[-82.3059813605421,28.0361651975515],[-82.3082893611128,28.0361581968067],[-82.3099603616045,28.0361541968332],[-82.3105033623574,28.0361531971521],[-82.3109983615931,28.036152197512],[-82.3119163618369,28.0361531971525],[-82.3149913632347,28.0361561970131],[-82.3166963635588,28.0361531967441],[-82.3190283647302,28.0361501970678],[-82.3264603661675,28.0361521970185],[-82.3272583667324,28.0361531969533],[-82.327855366721,28.036155196377],[-82.3283423672661,28.0361561963854],[-82.328492367074,28.0361571968325],[-82.330764368067,28.0361661966677],[-82.3326643687148,28.0361681966222],[-82.3354103695029,28.0361601969274],[-82.3354093687797,28.0370961963804],[-82.3354083692315,28.0392081969287],[-82.3354083697869,28.0418411977354],[-82.3354043690483,28.0434191981791],[-82.3354033692697,28.0438011987604],[-82.335405369275,28.044369198929],[-82.3354073695984,28.0453021984588],[-82.3353963689256,28.0461741989079],[-82.3353933691818,28.047069199212],[-82.3353943697467,28.0494521999245],[-82.3353993694034,28.0514972000097],[-82.3354003698808,28.052002200478],[-82.3354053700598,28.0542782004411],[-82.3383223709759,28.0542662007401],[-82.3395253708074,28.0542612003446],[-82.3410373708572,28.0542492002821],[-82.3436263720351,28.0542302009683],[-82.34486837225,28.0542282010557],[-82.3455983723233,28.0542272005546],[-82.3474363727265,28.0542242004865],[-82.3475993728605,28.0542232005252],[-82.3477653729187,28.0542232007601],[-82.3494483737567,28.0542352005114],[-82.3511823740055,28.0542482006892],[-82.3533723748079,28.054265200552],[-82.3535543748401,28.0542662003074],[-82.3537593746427,28.0542652004027],[-82.3540963751572,28.0542642000914],[-82.356407375866,28.0542562002203],[-82.3565263753081,28.0542552000775],[-82.3583373760354,28.0542492004012],[-82.3591093767276,28.0542462001233],[-82.3598993768373,28.0542502006274],[-82.358790376598,28.0537032005226],[-82.3579323766211,28.0534472000952],[-82.3573833763598,28.053095200265],[-82.356411375629,28.052177199933],[-82.3564883756494,28.0518122000144],[-82.3565053752826,28.0517311992962],[-82.3565013755063,28.0511202000077],[-82.3564953761041,28.0504681996459],[-82.3564653752018,28.0493391993629],[-82.3566343754311,28.0493391991869],[-82.3598543768623,28.0493631990076],[-82.3605913769443,28.0493691990003],[-82.364584378189,28.0494211992208],[-82.3649363775902,28.0494261985584],[-82.3649833783232,28.0493431985722],[-82.3653273781003,28.0489501988164],[-82.3653863782549,28.0488871983624],[-82.3654523783911,28.0488301992021],[-82.3658093783753,28.0485631989731],[-82.3659693781285,28.0484341989231],[-82.3660323787783,28.0483731989926],[-82.3664533787293,28.047879198819],[-82.3664823787806,28.0478311983033],[-82.3665373785486,28.0476731982831],[-82.3666433783051,28.0474711988865],[-82.3666603788641,28.0474201982818],[-82.3666643785652,28.0473671983613],[-82.3666483784058,28.0472851979886],[-82.3665343779544,28.0468541985054],[-82.3664563784975,28.0466741980736],[-82.3664423786434,28.046593198512],[-82.366445378265,28.0465091982164],[-82.3664563786714,28.0464551977993],[-82.3664723782927,28.0464191978608],[-82.3664893784325,28.0463791984967],[-82.3665873779484,28.0462061985062],[-82.3667143785583,28.0459251978251],[-82.3668183787414,28.0457561982494],[-82.366949378951,28.0454761982554],[-82.3670173786394,28.045353198266],[-82.3671333785751,28.0451891981937],[-82.3672263785784,28.0450801979713],[-82.3673053787934,28.0450361975008],[-82.3673493786942,28.0449981977446],[-82.3674193789001,28.044906197958],[-82.367537378293,28.0446511981176],[-82.3675773783639,28.044548197881],[-82.3675983785006,28.0444391978517],[-82.3676033789649,28.0443291974575],[-82.3675913784552,28.044164197616],[-82.3675693790658,28.0440001973202],[-82.3675443781643,28.0438651975409],[-82.3675233785848,28.0436451975675],[-82.3674673786584,28.0431801977935],[-82.367447378553,28.042879196962],[-82.3674433786204,28.042493197208],[-82.367453378788,28.0424111968019],[-82.3674703785235,28.0423581972404],[-82.3675733790836,28.0421881971381],[-82.367690378391,28.042026197216],[-82.3677633783943,28.0418891970405],[-82.3678053785526,28.0417851968984],[-82.3678193786082,28.041732197201],[-82.3678223790949,28.041677197445],[-82.3678143784039,28.0415661967545],[-82.3678193788432,28.0415121969224],[-82.3678713782155,28.0412961967268],[-82.3678743783499,28.0412141969769],[-82.3678643784024,28.04110419699],[-82.3679133788499,28.040583196931],[-82.3679193787204,28.0402531970832],[-82.3679453787171,28.0400341964719],[-82.3680073783475,28.0396801968926],[-82.3680373789742,28.0395731967138],[-82.3680613789024,28.039524196723],[-82.3682213790165,28.0393521961322],[-82.3682483788678,28.0393051968232],[-82.3682583785739,28.0391381959672],[-82.3682703782664,28.0391131960198],[-82.3683623789515,28.0390031959835],[-82.3685893788447,28.0387761959026],[-82.3687883787156,28.0386021958487],[-82.3688843783503,28.0385311966566],[-82.3689583785594,28.0384821957894],[-82.3690693787489,28.0384311959181],[-82.3691573785134,28.0384041959012],[-82.3694323789387,28.0383561958081],[-82.3695873785948,28.0383431957358],[-82.3697103794535,28.0383441958134],[-82.3698323792293,28.0383581958347],[-82.3700163791933,28.0383941963767],[-82.370193379593,28.0384431957463],[-82.3703383797315,28.0384961957962],[-82.3704763796084,28.0385601959528],[-82.3706043792866,28.0386361960743],[-82.3706963797182,28.0387111958956],[-82.370797379799,28.0388171960888],[-82.3708443794902,28.0388871961105],[-82.3709123791311,28.0390121961215],[-82.3709653795734,28.0390791965414],[-82.3710873799432,28.0392071964117],[-82.3711773793474,28.0392841965245],[-82.3712493796199,28.0393341964989],[-82.3713013795971,28.0393611967252],[-82.3714213794119,28.0393971959767],[-82.371545379902,28.0394131960066],[-82.3716693795905,28.0394111965339],[-82.3717933800603,28.0393901967865],[-82.3719413792951,28.0393481961297],[-82.3720283796172,28.0393141961164],[-82.3720953798073,28.0392791962134],[-82.3721663793263,28.0392291964773],[-82.3722493795105,28.0391461965831],[-82.3723183793706,28.0390521963525],[-82.3723713796857,28.0389531959093],[-82.372407379935,28.0388471964469],[-82.3724613800856,28.0386581962899],[-82.3724943794008,28.0385821964073],[-82.3725723796356,28.0384621958781],[-82.3726493804122,28.0383691962037],[-82.3727143801673,28.0383081958838],[-82.3727873797195,28.0382591956803],[-82.3728673805023,28.0382251960842],[-82.3729823805069,28.0381941957718],[-82.3731363803949,28.0381701958869],[-82.3734203797002,28.0381381964325],[-82.3735423800464,28.0381151963075],[-82.3737533804686,28.0380601955828],[-82.3738433802921,28.0380481959507],[-82.3739973801847,28.0380501961316],[-82.3741533808615,28.038065196168],[-82.3743083802173,28.0380911963788],[-82.3744553807264,28.0381301957201],[-82.3745633805883,28.0381801959957],[-82.3748213808239,28.0383381957481],[-82.3751353811327,28.0385151956639],[-82.3753403804792,28.038641196346],[-82.3754333812489,28.0387121961898],[-82.3755163804532,28.0387931957977],[-82.3757193807919,28.039031196261],[-82.3757963812745,28.0390701960797],[-82.3763803811902,28.0391221965442],[-82.3765713809279,28.0391391960158],[-82.3768043808407,28.0390251959793],[-82.3778893818456,28.0380851961468],[-82.3781853815366,28.0379431956789],[-82.3782773812231,28.0379241957991],[-82.3783573812672,28.0378861962639],[-82.3784713819719,28.0378061961856],[-82.3814773828272,28.0363661950303],[-82.3818163823171,28.0362041954805],[-82.3818593829239,28.0361661956701],[-82.382152383085,28.0359061955203],[-82.3822443831083,28.0357181949152],[-82.3824103823724,28.0353791953401],[-82.3824213828859,28.0347101948611],[-82.3824533827184,28.034471194666],[-82.3824633829427,28.0343071951184],[-82.382455382375,28.0341421943742],[-82.3824343825754,28.0339861952163],[-82.3824363823907,28.03384419513],[-82.3823223830211,28.0334641951019],[-82.3822653828319,28.0332461942785],[-82.3821143822941,28.0327171941785],[-82.382055382729,28.0325271941535],[-82.3830153829395,28.0324991943468],[-82.383783382906,28.0324771946746],[-82.3839763832231,28.0324301941362],[-82.384867383197,28.032408194737],[-82.3878603844401,28.0324661943128],[-82.3886533841695,28.032495194688],[-82.3893573846965,28.0325031946746],[-82.391372384929,28.0325061940657],[-82.3916793855384,28.0325061945471],[-82.3934703860051,28.0326081944667],[-82.3934803853879,28.0343751942172],[-82.3934533858225,28.0361911954064],[-82.393446386099,28.0383501953177],[-82.3934703861758,28.0388221953567],[-82.3935483859804,28.0398151956862],[-82.3935463864044,28.0406401960519],[-82.3935483861365,28.041370195952],[-82.3935513858952,28.0420571960435],[-82.3935653865739,28.0427231962783],[-82.3935413860895,28.0434441967764],[-82.3935273866554,28.0441461973008],[-82.3936103859933,28.0449241973328],[-82.3936823866196,28.0470471976953],[-82.3936823863221,28.0489731978965],[-82.393676385985,28.0502271985879],[-82.3936573867205,28.050681198944],[-82.3936583866188,28.0507621985088],[-82.3936643862817,28.0510831986558],[-82.3936663861759,28.0512211983594],[-82.3936823864359,28.0521991987482],[-82.3936913863998,28.0527101993171],[-82.3937013860967,28.0535011990928],[-82.3936983860371,28.0544211993414],[-82.3955483870868,28.0544351989378],[-82.3975193874162,28.0544371995446],[-82.3975843872671,28.0544371990684],[-82.3997583887814,28.054435199246],[-82.400602388157,28.0544341988801],[-82.4017773891975,28.054433198976],[-82.4048333898985,28.0544461990481],[-82.4099053912585,28.0543991988313],[-82.413214392177,28.0544691992523],[-82.4134053923894,28.0544671985895],[-82.4162043932457,28.05444419884],[-82.4261063959611,28.0544691989034],[-82.426099396359,28.0549141989526],[-82.4260963955138,28.0551001984679],[-82.4260653961673,28.0570231993144],[-82.4260663959435,28.0581461992066],[-82.4260683957931,28.0602161997532],[-82.4260973961259,28.0656152014017],[-82.426088396322,28.0673742021439],[-82.4260303966443,28.0691772020796],[-82.4272783963697,28.069252201944],[-82.428239396743,28.0692532023128],[-82.4295203971734,28.0692542021523],[-82.4304333981159,28.0692402023091],[-82.4324203984397,28.0692302017894],[-82.4345323993144,28.0692292015355],[-82.4365833990599,28.0692482020288],[-82.4386364004894,28.0692482015799],[-82.439873400757,28.0692772016774],[-82.4409054011024,28.0692602015513],[-82.442839400918,28.0692302016425],[-82.4447744020555,28.0692542014035],[-82.4452234016004,28.0692362013385],[-82.4458654020601,28.0692362012712],[-82.4469954024366,28.0692592012705],[-82.4492514030331,28.0692592011769],[-82.4511454034651,28.0692592018152],[-82.4511454035236,28.0678032009791],[-82.451134403613,28.067002200605],[-82.451144403876,28.0656262009796],[-82.4511684032162,28.0649902006611],[-82.4511634034012,28.0643851999999],[-82.4511704035606,28.0637882002164],[-82.4511714036029,28.0633042003223],[-82.4511534031482,28.0626332002341],[-82.4511534032004,28.0619381994044],[-82.451162403421,28.0613221991612],[-82.4511744031935,28.0607031993612],[-82.4511854029458,28.0601511995533],[-82.4511974035947,28.0592751992741],[-82.4512014035684,28.0586951992698],[-82.4511994036562,28.0583041992489],[-82.4512014030793,28.0577081989896],[-82.4512094032469,28.0568931983648],[-82.4512034031249,28.0560761979097],[-82.4511984030593,28.0553831981298],[-82.4511964032718,28.0551921984187],[-82.4511964031537,28.0551431981532],[-82.4511964029455,28.0549591980914],[-82.451197403062,28.0546351983518],[-82.4511854034856,28.0528141971078],[-82.451181403362,28.0521161971271],[-82.4511824026976,28.0509351974732],[-82.4511824029565,28.0500691970483],[-82.451186402782,28.0472681961235],[-82.4511884024954,28.0465221961587],[-82.4511884029987,28.0461681963063],[-82.4511884030284,28.0460811959043],[-82.4511894024352,28.0460091955239],[-82.4511894028277,28.0458091956607],[-82.4511914028824,28.045075195657],[-82.4511944025504,28.0447661958041],[-82.4511944026401,28.044388195622],[-82.4511974031038,28.0436201951447],[-82.4512134026623,28.0422251945898],[-82.451221402627,28.0417731945918],[-82.4512254030076,28.0408991945358],[-82.4512314029844,28.0399471941866],[-82.4512314022014,28.0392281944314],[-82.4512344026441,28.0385171944561],[-82.4512374024913,28.0378001943437],[-82.4512414029535,28.0370911933658],[-82.4512384023458,28.0363351938786],[-82.4512394023518,28.0355351936039],[-82.45126340205,28.0349371933977],[-82.4512744028561,28.0345331935469],[-82.4512674028573,28.0336441928927],[-82.4512694025736,28.0328631927065],[-82.4524274028271,28.032886192863],[-82.4532654028724,28.0329021926195],[-82.4533314026999,28.032904192968],[-82.4534264034512,28.0329061923294],[-82.4547544034067,28.0329171927242],[-82.455011403994,28.0329191925175],[-82.4553794037489,28.0329221929139],[-82.4563644042831,28.0329311927708],[-82.4564514041596,28.0329321923897],[-82.4571464042074,28.0329381927647],[-82.4594804053114,28.032957192904],[-82.4611354056236,28.0329471929145],[-82.4636024059553,28.0329531927403],[-82.4644494063677,28.0329261928423],[-82.4659604062337,28.0329281920356],[-82.4664414071341,28.0329591925005],[-82.4669604069338,28.0330321925195],[-82.4678294071251,28.0332401922464],[-82.4688244073417,28.0333811927637],[-82.4717934081704,28.0334161926676],[-82.4734164092765,28.0334251924984],[-82.4759904097358,28.0334331918112],[-82.4768814098614,28.0334361923124],[-82.4790824100966,28.033444192489],[-82.48000341092,28.0333701917837],[-82.4833824117841,28.0333871918625],[-82.4841504117485,28.0334661917776],[-82.4847734118214,28.033587192321],[-82.4853264124364,28.0337931924669],[-82.4860014121776,28.0340451918022],[-82.4871604128213,28.0346401924738],[-82.4884774137234,28.0353961924202],[-82.4896034133552,28.0357031923328],[-82.4903424142473,28.0357651927908],[-82.491738414445,28.0358831927955],[-82.4925684147726,28.0359081928564],[-82.4940964151327,28.0359991920757],[-82.49596741509,28.0361101924025],[-82.4966904154544,28.036140192106],[-82.5006174169878,28.0363011919037],[-82.5020044174064,28.0363771920947],[-82.5033854176912,28.0364611918811],[-82.503436417484,28.036462192553],[-82.5048714177185,28.0365011925913],[-82.505494417814,28.0365181921849],[-82.5058174184923,28.036569192554],[-82.5061844185758,28.0366751926953],[-82.5064814183597,28.0367921920785],[-82.5067634189538,28.036946192091],[-82.5073604189435,28.0374051920313],[-82.507652418904,28.0377281920795],[-82.5080644187182,28.0384121929125],[-82.5087614196956,28.039754192737],[-82.5089134198394,28.0401651929875],[-82.5091044191865,28.0404861932603],[-82.5095854192459,28.0410691933873],[-82.5111474199004,28.0420721931773],[-82.5122744204288,28.0429311934929],[-82.5123554206868,28.0429931937056],[-82.5123754207331,28.0430081936283],[-82.5124884208215,28.0430941936313],[-82.5133114202289,28.0438231937029],[-82.5147764207443,28.0450871940207],[-82.5156704211318,28.0458591940173],[-82.5162374213999,28.0463421945021],[-82.5171774219989,28.0471551940472],[-82.5180874225621,28.0478931946695],[-82.5204384231439,28.0498031949594],[-82.5210534236033,28.0502481952816],[-82.5228814234457,28.0515721950782],[-82.5233404240589,28.0519751956627],[-82.5265494243998,28.0541521955527],[-82.5275674253096,28.0548421963179],[-82.5285534259673,28.0555141960729],[-82.5313464262946,28.0568921968356],[-82.5334004270826,28.0578681966475],[-82.5343074271348,28.0582981966845],[-82.535838427593,28.0590231970576],[-82.5375994279637,28.0598541969151],[-82.5386464283471,28.0602851969778],[-82.5389704284405,28.0604191967296],[-82.5397174291018,28.0607271976296],[-82.5419154298732,28.061379197681],[-82.5417724293719,28.062037197338],[-82.5417094292164,28.0628331978737],[-82.5417084296104,28.0635051979749],[-82.5417084295896,28.0645091981066],[-82.5417054298913,28.0659361983462],[-82.5416944299249,28.0668131984782],[-82.5416744299712,28.067515199142],[-82.5416684300955,28.0678371984322],[-82.5416674295145,28.0679441988114],[-82.5416394298856,28.069555199606],[-82.541663429348,28.0703481993626],[-82.5417114302246,28.0719691995688],[-82.5417344299789,28.0731532003266],[-82.5417494303036,28.0739652006813],[-82.5417764297561,28.0754552008937],[-82.5418154296627,28.0775962010208],[-82.5418264297966,28.0781182014195],[-82.5418354304815,28.0785412013542],[-82.5418384305368,28.0786652012209],[-82.5418434301333,28.0789192012718],[-82.5418544299714,28.0794512018408],[-82.5418684303922,28.0800582015896],[-82.5418814303388,28.0806582017936],[-82.5419044298951,28.0816532020277],[-82.5418844301326,28.0829472023569],[-82.5419194299007,28.0832232022197],[-82.5405734300162,28.0839682024347],[-82.5399244299634,28.0842582025066],[-82.5399014298879,28.0866222037534],[-82.5398984298691,28.0870222035907],[-82.5398864294755,28.089551203729],[-82.5398834301052,28.0899202045736],[-82.5398824295155,28.0902852044685],[-82.5398724302676,28.0921262045963],[-82.5399104297167,28.0925642047415],[-82.5400004299217,28.0929182045005],[-82.5400484302897,28.0930182049181],[-82.5401134303711,28.0931532051623],[-82.5403254306165,28.0935262050558],[-82.5404544303694,28.0937522051483],[-82.5407264298342,28.0941702055613],[-82.5418214311299,28.0960522060166],[-82.5419384308642,28.0962412053801],[-82.5424654305132,28.0970982062954],[-82.5422004305938,28.0976242064563],[-82.5419934305919,28.0997092066919],[-82.5420724305895,28.1010812072793],[-82.542086431256,28.1037342070335],[-82.5421134307129,28.1046462073671],[-82.5422024306352,28.1053292077711],[-82.5424954313024,28.1062372078967],[-82.5426634309885,28.1065512077613],[-82.542965431325,28.1066582085273],[-82.5431974315678,28.1070572080581],[-82.543483431309,28.1075062082088],[-82.5453284318461,28.1104122085811],[-82.5457164327503,28.111111208824],[-82.5459804326464,28.111789209498],[-82.5461834321225,28.1125602095064],[-82.5462144320676,28.1128652092004],[-82.5462174322295,28.1137042096324],[-82.5462124329707,28.1139832096921],[-82.5459914324074,28.1139752094339],[-82.5458614322147,28.1180872112782],[-82.5458904329416,28.119074211272],[-82.545851432442,28.1212142113931],[-82.5459084327264,28.121482211507],[-82.5460384326866,28.1219662121546],[-82.5461554329328,28.1224032114659],[-82.5465674325243,28.1234672124605],[-82.5467554332163,28.1240932118415],[-82.5468384333945,28.1243702127677],[-82.547382433615,28.1259952124781],[-82.5482554340672,28.1286042131297],[-82.5485814336527,28.1286342134635],[-82.5486114334434,28.128728213644],[-82.5487434340995,28.130062213236],[-82.5487284338678,28.1314592141719],[-82.5487034341922,28.1318522138608],[-82.5486074335956,28.1328802147368],[-82.5479524336846,28.1360832153809],[-82.5478284335337,28.1367812154481],[-82.547026433969,28.1400252163897],[-82.5465374335909,28.1421802164492],[-82.5463284337678,28.1426692167978],[-82.5460604332687,28.1431312171903],[-82.5459354334521,28.1433472171598],[-82.5453704337633,28.1442232172581],[-82.5441574332813,28.1457072173377],[-82.5432134329212,28.1469892175302],[-82.5425414327969,28.1479032177971],[-82.5418854324279,28.1488612183022],[-82.5413604318747,28.1496662185037],[-82.5408584323295,28.1502452187307],[-82.5406964326146,28.1501232183935],[-82.538679431327,28.1524252191748],[-82.5384864320631,28.1527442191805],[-82.5382864318737,28.153076219026],[-82.5380544313108,28.1536002199222],[-82.537874431839,28.1542042197483],[-82.5378474311243,28.1543092201441],[-82.5377284309415,28.1547812202249],[-82.5377314318329,28.155839220239],[-82.5379734318155,28.1558482197788],[-82.5379764316126,28.1564012202661],[-82.538115431449,28.1575742201477],[-82.5382844314522,28.1589532204428],[-82.538342432058,28.1603772213539],[-82.5383254321264,28.1609362214575],[-82.5382364317697,28.1614322215467],[-82.538076431328,28.1619642220241],[-82.5379164316878,28.1625152218627],[-82.5376754320074,28.1631382216923],[-82.537272431715,28.1639412223367],[-82.5366574319016,28.1650792221436],[-82.5362044313752,28.1659832228287],[-82.5358534313865,28.1669752225941],[-82.5355844308117,28.1681752227886],[-82.5354974307822,28.1690862236815],[-82.5354914314426,28.1698072234348],[-82.5355584316056,28.1704112232494],[-82.5356824312551,28.1712342236009],[-82.5358354314769,28.1719252242013],[-82.5358984315073,28.1721582241676],[-82.5359674311255,28.1724252238453],[-82.5360064313047,28.1725512244418],[-82.5360124310624,28.1725812239508],[-82.5359464312996,28.1727952238415],[-82.5357754312056,28.1727952243044],[-82.5355024313525,28.1727942238633],[-82.535437431073,28.1727942244561],[-82.5353724318067,28.1727942241118],[-82.5338994306732,28.1727892238731],[-82.5320214302029,28.172782224623],[-82.518382426174,28.1727322244126],[-82.5182954266021,28.1727302246704],[-82.5182074264969,28.1727302247206],[-82.5178584260373,28.1727302247424],[-82.5177584266078,28.1727282250893],[-82.5176564266416,28.172728224475],[-82.5165174259907,28.1727252249829],[-82.5164874255672,28.172724224598],[-82.5162514253707,28.172719224648],[-82.5091504236841,28.1724462244396],[-82.5069074232883,28.1723602250396],[-82.5063144234031,28.1723372252263],[-82.5039324217512,28.1722462251804],[-82.5037934220148,28.1722452251143],[-82.5033784217653,28.172242224843],[-82.5032404220203,28.1722412250516],[-82.5029984218782,28.1722372250316],[-82.5022754222646,28.1722282253476]]]},"properties":{"OBJECTID":3,"DistrictId":"School Board District 3 / Jessica Vaughn","District":3,"Shape__Area":0.043297846831592324,"Shape__Length":1.190941605737591,"BoardMember":"Jessica Vaughn"}},{"type":"Feature","id":4,"geometry":{"type":"Polygon","coordinates":[[[-82.1248093131426,28.1721542343074],[-82.1058563075207,28.1716552348105],[-82.0916673032237,28.1716332353078],[-82.0859083011201,28.1716242352274],[-82.0774772985362,28.171611235392],[-82.0757302980872,28.1716072358506],[-82.0739832980588,28.171602235823],[-82.0696082966192,28.171596236348],[-82.0652332954407,28.1715902360792],[-82.0651972953867,28.1715902360767],[-82.0647632951502,28.1715892363954],[-82.0642942948673,28.171588236434],[-82.0607252937652,28.1715922360697],[-82.0562642923403,28.1715972366932],[-82.0562702930278,28.1704502360846],[-82.056273292539,28.170381236499],[-82.0562702928099,28.1703622359093],[-82.0562802922919,28.1686022352732],[-82.0562802924768,28.1685792358159],[-82.0562802928743,28.1685352357161],[-82.0562982929457,28.1653222348629],[-82.0563492922322,28.1602232334216],[-82.0563502922135,28.160194233463],[-82.0563522924378,28.1601542337312],[-82.0563512926566,28.1601272334124],[-82.0563252919375,28.1595332334312],[-82.056346292605,28.1589342337189],[-82.0563452921388,28.1588592328909],[-82.056319292425,28.155385232337],[-82.0563132918202,28.1518272316554],[-82.0563132920041,28.1518042312394],[-82.0563042917788,28.1476002308272],[-82.0563012920721,28.1436572300508],[-82.0563012916793,28.1435922299748],[-82.056301291765,28.1433782296503],[-82.0563072920426,28.1433642291117],[-82.056300291754,28.1431382296976],[-82.0563002918609,28.1431092291756],[-82.0562992916811,28.1430772294771],[-82.0562992920623,28.1430312294886],[-82.056291291369,28.1413472287135],[-82.0562882914518,28.1393222288907],[-82.0562882919729,28.1386902288344],[-82.0562882914828,28.1380582287202],[-82.0562882913573,28.137937228132],[-82.0562882912324,28.137816228444],[-82.0562882920687,28.1344402274568],[-82.0562882910645,28.1310642266116],[-82.0562882913035,28.128181225948],[-82.0562882916847,28.1252982249738],[-82.0562882909325,28.1252422253138],[-82.0565082907872,28.120299223592],[-82.056512291461,28.1186832239402],[-82.0565122915855,28.1186252235915],[-82.0565122907604,28.1174472234372],[-82.0565122913318,28.1170872228804],[-82.056512291051,28.1160752228393],[-82.0565052907329,28.1132852226141],[-82.0565052913235,28.1132572218324],[-82.0565122909352,28.1127472219032],[-82.0565060738764,28.1126472567304],[-82.0565312913575,28.1114692216932],[-82.0565332908538,28.1113112220233],[-82.0565342911858,28.1112372215221],[-82.0565362912605,28.1110842220846],[-82.0565362904572,28.111065221903],[-82.0565372910978,28.1110442215744],[-82.0565372910951,28.1110112214482],[-82.0565392912025,28.11095922212],[-82.0565382906189,28.1109182216642],[-82.0565392908235,28.1108692214464],[-82.0565542912231,28.1096772210467],[-82.0565652907705,28.1088522212662],[-82.0566082908749,28.1056992201827],[-82.0564682907148,28.0998502188971],[-82.0564672900056,28.0997912189323],[-82.0564442905862,28.09866621896],[-82.0564082900402,28.0969002187076],[-82.0564082902207,28.096406218353],[-82.0564082905114,28.0959922183353],[-82.0564082904054,28.0959122179629],[-82.0564082897928,28.0891002160327],[-82.0564082896118,28.0876242160098],[-82.0564092898459,28.0875872158776],[-82.0564082902516,28.0874872157002],[-82.0564092899344,28.0874472159559],[-82.056408290328,28.0870532159275],[-82.0564082900225,28.0870312160674],[-82.0564092903627,28.0870022157992],[-82.0564082899091,28.0868032157884],[-82.0564082898991,28.086729215435],[-82.05640928982,28.0866702154367],[-82.0564082901851,28.0866032154898],[-82.0564082899632,28.0865872157545],[-82.0564082896389,28.0861972156512],[-82.0564082901131,28.0857912157882],[-82.0564082904094,28.0857392152882],[-82.0564052902002,28.0830102148654],[-82.0564082903173,28.0829022149101],[-82.0564092902067,28.0828432148789],[-82.0564092901354,28.0826172151056],[-82.0564092896905,28.0825482149659],[-82.0564072896857,28.080989214194],[-82.056407290146,28.0806532140539],[-82.056407290087,28.0803902144486],[-82.0564082897308,28.0800562145142],[-82.0563932893122,28.0785312141607],[-82.0563832895115,28.077229213559],[-82.0563752901121,28.0762212131159],[-82.0563662896114,28.0751272130864],[-82.0563582892146,28.0741712129215],[-82.0563472897082,28.0727512124858],[-82.0563452894231,28.0725502127259],[-82.0563342898315,28.0710552124604],[-82.0563342891285,28.0710402116595],[-82.0563302896945,28.0705582122667],[-82.0563292896192,28.0705192122157],[-82.0563292894646,28.0705072119349],[-82.0563292891043,28.0704792118812],[-82.0563292898129,28.0704552122214],[-82.0563292895811,28.0704372118],[-82.0563252890424,28.0698652120556],[-82.0563242891641,28.0698012115631],[-82.0563242893782,28.0697782117743],[-82.0563192897369,28.069038212028],[-82.0563142898023,28.0683892115029],[-82.0563132890949,28.0682982117099],[-82.0563102893872,28.0680142110085],[-82.0563092889464,28.0678632115879],[-82.0563082892084,28.0678482111899],[-82.0563082895529,28.0678352110308],[-82.056308289376,28.0678212109985],[-82.056308289746,28.0678102114886],[-82.0563072898738,28.06774421123],[-82.0563072898906,28.067705211655],[-82.0563012891617,28.0673902115704],[-82.0562942894369,28.0670752109783],[-82.0562942890624,28.0670452111636],[-82.0562962892436,28.0666042110645],[-82.0562962894396,28.0665792106154],[-82.0562982896956,28.0662672113306],[-82.0562932897072,28.0657952107484],[-82.0562922898374,28.0656452111523],[-82.056291289203,28.0655562110702],[-82.0562912894741,28.0654962105245],[-82.0562702890025,28.0624772098207],[-82.0562702888566,28.0624652104283],[-82.0562692894134,28.0623862099485],[-82.0562522892569,28.0601352091702],[-82.0562492888727,28.0597162097218],[-82.0562472891554,28.0595662094996],[-82.0562472890122,28.0595542091997],[-82.0562472888215,28.0595382094013],[-82.0562472886309,28.0595222096029],[-82.0562342895307,28.0578502087057],[-82.0562342895097,28.0578052089228],[-82.0562322886079,28.057549208385],[-82.0562312892723,28.057429208465],[-82.0562312895582,28.0574102090367],[-82.0562312889713,28.0573602089742],[-82.0562302892546,28.0572942086143],[-82.0562232886662,28.0562152082767],[-82.0562202893629,28.0557802087804],[-82.0562192886055,28.0557102080026],[-82.0562192889638,28.055697208723],[-82.0562192887548,28.0556792082629],[-82.0562192885463,28.0556612087051],[-82.0562192889041,28.0556482085229],[-82.0562082893703,28.0540402078128],[-82.0561992885081,28.0529692076875],[-82.0561982893065,28.0528532080917],[-82.0561962886915,28.0525152076409],[-82.0561932891966,28.0521772075821],[-82.0561872890339,28.0513912075426],[-82.0561812884493,28.0506042075369],[-82.0561802886328,28.0505202075403],[-82.0561722887351,28.0492132068193],[-82.056170289128,28.0489512067024],[-82.0561692889411,28.0488312066318],[-82.0561682890649,28.0487392067016],[-82.056167288685,28.048601207051],[-82.0561672883771,28.0485732069079],[-82.0561672884348,28.048532206569],[-82.0561632887664,28.0478212068452],[-82.0561612891277,28.0477842068248],[-82.0561622888674,28.0477722060953],[-82.056164288757,28.0477392066517],[-82.0561642882094,28.0476892065187],[-82.0561622890603,28.0475572065135],[-82.0561212887055,28.0423652054404],[-82.0561202886266,28.0422432054999],[-82.0561182887239,28.0419742050735],[-82.0561162883356,28.0417552048137],[-82.0561142880394,28.0413972053673],[-82.0561142883299,28.0413762052377],[-82.0561032887237,28.0413122049525],[-82.0560462880072,28.0409702052155],[-82.0560402883103,28.040935204738],[-82.0560342886368,28.0409022049171],[-82.0560322889062,28.0408902044977],[-82.0560272885076,28.0408542046367],[-82.0560222882456,28.0408322048627],[-82.0560162880655,28.0407982051634],[-82.0560122886125,28.0407742043237],[-82.0560102888684,28.0407602050515],[-82.0559352888276,28.0403132046956],[-82.055931288894,28.040288204877],[-82.0559572882316,28.0386202045466],[-82.0559492881132,28.0371402037238],[-82.0559492884089,28.0369422035376],[-82.0559502879222,28.0367392035491],[-82.0559522882378,28.0363652032588],[-82.0559502885493,28.034664202958],[-82.0559472882452,28.0334922033111],[-82.0559442884291,28.0332472027357],[-82.055943288188,28.0331302029263],[-82.0559412880244,28.0329912025861],[-82.0559332884675,28.0318432026784],[-82.0558702880131,28.0294022019527],[-82.0558382875315,28.0284842014472],[-82.0558332879932,28.0279382017708],[-82.0558322876,28.0277772017695],[-82.0557912882618,28.0274222017256],[-82.0557702880665,28.0272412014153],[-82.055709287838,28.0269482010528],[-82.0557042877739,28.0269252013425],[-82.0556972877778,28.0268912010624],[-82.0556892875939,28.0268562013077],[-82.0556872875,28.0265722011775],[-82.0556862879696,28.0265132014778],[-82.0556702876493,28.02618620136],[-82.0556682874078,28.0261212009805],[-82.0556602874554,28.0259422014274],[-82.0556552880189,28.0258432009422],[-82.0556542878934,28.025765200818],[-82.0556542876707,28.0257272008839],[-82.0556522879047,28.0255662012339],[-82.0556502881445,28.0254052006777],[-82.0557462883063,28.025154201012],[-82.0557472879944,28.0246272008596],[-82.055748287974,28.0242962005615],[-82.055748287706,28.0242562008597],[-82.0557492881053,28.0240642009795],[-82.0557282880943,28.0223122006214],[-82.0557212872982,28.0212351999285],[-82.0556402873539,28.0210102001406],[-82.0556342877997,28.0205951999254],[-82.0556342874454,28.0199851998316],[-82.0556342872148,28.0196701996067],[-82.0556352874663,28.019329199363],[-82.0557092874524,28.019166199699],[-82.0557092878055,28.0182461994937],[-82.0556992876077,28.0173111986899],[-82.0557042878903,28.0169481993301],[-82.0557062878759,28.0168331986891],[-82.0557032875196,28.0165731993004],[-82.0556932876637,28.0156561988335],[-82.0556402873607,28.0153841985163],[-82.0556302878385,28.014033198005],[-82.0556322878685,28.0137341984077],[-82.0556152871384,28.0131321982206],[-82.0556732873515,28.0129261982745],[-82.0556792872716,28.0122471978324],[-82.0556642875029,28.0110871977906],[-82.0556682874138,28.0106001978333],[-82.0556692871887,28.0104661970312],[-82.0556642871542,28.0094171975795],[-82.0556532871453,28.0086431968348],[-82.0555982874985,28.0084051966291],[-82.0555962876324,28.0079321972598],[-82.0555952870143,28.0078111965853],[-82.0555942867703,28.0074591969558],[-82.0555962869128,28.0067741964957],[-82.0555932872889,28.0064411962885],[-82.0556412875957,28.0063311961285],[-82.0556472874554,28.0062161963991],[-82.0556442873283,28.0060031964946],[-82.0556522872304,28.0056251961861],[-82.0556662869894,28.0049741957158],[-82.0556202874105,28.0047181956639],[-82.0556432872562,28.0045791963587],[-82.0556882866855,28.0041951961333],[-82.055724287038,28.0039741957425],[-82.0557352876379,28.0038701962627],[-82.055736287468,28.0038471958477],[-82.0557542875382,28.0036941956631],[-82.055805287179,28.0034781957852],[-82.0558262867222,28.0032861953269],[-82.0558262867924,28.0031521956896],[-82.0558412870338,28.003042195268],[-82.0559162870693,28.0029811953963],[-82.0559242870282,28.0027551951539],[-82.0559362875754,28.0024361951409],[-82.0559372868978,28.0022941951147],[-82.0559372870753,28.0022531954018],[-82.0559402873362,28.0018611949339],[-82.0558612870586,28.0016201956851],[-82.0558592869839,28.0013201954825],[-82.0558652866917,28.0009081951789],[-82.0558702874211,27.9998781952155],[-82.0559262867708,27.9997281944666],[-82.0559232872606,27.9987351941693],[-82.0559202865381,27.9976431944224],[-82.0558392868401,27.9975191939407],[-82.0558472866366,27.9969461941751],[-82.0558542866906,27.9964771944135],[-82.0558562867668,27.9963731939549],[-82.0558512870134,27.9957741942704],[-82.0558332868642,27.9953481941771],[-82.0558532874134,27.9951501936886],[-82.0557692866019,27.9944971934144],[-82.0556772869031,27.9937811936348],[-82.0556132869951,27.9932831932655],[-82.0556092863173,27.9932511931726],[-82.0555922871547,27.9929821932727],[-82.055567287032,27.9929291932649],[-82.0555142872082,27.992814192779],[-82.0555402862569,27.992297193336],[-82.0555602865059,27.9920351929793],[-82.0556342872568,27.991854193002],[-82.055715287229,27.9913131929158],[-82.0557862862752,27.9908401925606],[-82.0557432866113,27.9905291926327],[-82.0558402865753,27.9899031920719],[-82.0558842868249,27.9896901924294],[-82.0558962867498,27.9896601928144],[-82.0559512863832,27.9894881920712],[-82.0559642864927,27.9891291920313],[-82.0559682871313,27.9875351914698],[-82.0559682866428,27.9874121920668],[-82.0559582869713,27.985769191593],[-82.05595828629,27.9856201915293],[-82.0559572861918,27.9853921909963],[-82.0559582866529,27.9840711911457],[-82.0559582867355,27.9836341905928],[-82.0559582864094,27.9835291908669],[-82.0559582868297,27.9833901905136],[-82.0559342864003,27.9833241906733],[-82.0558742869866,27.983160190485],[-82.0558742865278,27.9830251905699],[-82.0558732861111,27.9827941911952],[-82.0558812865344,27.9825341905655],[-82.0558952860597,27.9820641906999],[-82.0558982865928,27.9819531904152],[-82.0559022863087,27.9818321908634],[-82.0559002861703,27.9809931898787],[-82.0559322865379,27.9809041906227],[-82.0559592861323,27.9808301898787],[-82.0559492864658,27.9791991900759],[-82.0559472860822,27.9788881901462],[-82.0559432866355,27.9787611899621],[-82.055942286762,27.9787441895932],[-82.0559172864965,27.9784581898368],[-82.0559042867688,27.9783801895411],[-82.0558712868167,27.9781731894561],[-82.0557852866677,27.9774551894348],[-82.0557022865472,27.9767771889499],[-82.0556892857874,27.9766291893285],[-82.05566228618,27.9763331895738],[-82.0556432863039,27.9759991890637],[-82.0556542864799,27.9747271886522],[-82.0556542858371,27.9747001889975],[-82.0556502859366,27.974379188993],[-82.0556482860305,27.9741741885977],[-82.0556492863504,27.9733721885033],[-82.0556492860057,27.9733021882808],[-82.0556412859212,27.9718291879161],[-82.055637286586,27.9716991879298],[-82.0556382857885,27.971600187844],[-82.0556402855897,27.9714821876863],[-82.0556372860134,27.9709411875139],[-82.0556372862096,27.9707691879102],[-82.0556362858697,27.970521188228],[-82.0556362856795,27.9704811882132],[-82.0556352862491,27.9701021879014],[-82.0556332863346,27.9693301878847],[-82.0556252864768,27.9686551874495],[-82.0556242862258,27.9674201872923],[-82.0556242856544,27.9670741872262],[-82.0556172863943,27.9661081871177],[-82.055620286043,27.9659421864126],[-82.0556132856111,27.9652551865799],[-82.0556162855787,27.9650501865985],[-82.0556072854878,27.9637771860426],[-82.0556012854145,27.9627371860836],[-82.0555732853444,27.961921185292],[-82.0555672857187,27.9619031861062],[-82.055532285839,27.9611751854781],[-82.0555152855355,27.960496185603],[-82.0555142857574,27.9604371853343],[-82.0555112858747,27.9590571852276],[-82.0555112860732,27.9588171847348],[-82.0554952856517,27.9580771846521],[-82.0554952852877,27.9578081846251],[-82.0555162853775,27.9577801846671],[-82.0555082852883,27.9569801842656],[-82.0554842851416,27.9558471845454],[-82.0554612855505,27.9552451843858],[-82.0554192857006,27.9544441839525],[-82.055393285727,27.9536251834665],[-82.0553922850464,27.9528671832646],[-82.0553692849289,27.9516641829018],[-82.0553712850925,27.9504651826618],[-82.0553662850483,27.9504151829292],[-82.0553472848941,27.9502091824432],[-82.0553592855623,27.9492801827028],[-82.0553542857517,27.9490431826488],[-82.0553532855905,27.9486541822455],[-82.0553492856944,27.9471811821911],[-82.0553462847438,27.946846182016],[-82.0553392851781,27.9459791818088],[-82.0553482847505,27.9453971819661],[-82.0553382848894,27.9441541812123],[-82.0553362850399,27.9438331816747],[-82.055331284999,27.943224181182],[-82.0553192846797,27.941560180389],[-82.0553252845229,27.9407511806554],[-82.0553232852328,27.9400061807388],[-82.0553212851792,27.9398061805783],[-82.0553192845007,27.9395111798367],[-82.0553062851093,27.938803180215],[-82.0553072852746,27.9381831798558],[-82.0553102847862,27.9380851801839],[-82.055305284758,27.9379621800991],[-82.055304285182,27.9377791794515],[-82.0552992853603,27.9368921794469],[-82.0552972850994,27.9363901791714],[-82.0552902846982,27.9349781792728],[-82.0552882846622,27.93461617919],[-82.055285284323,27.9342871786607],[-82.0552832844446,27.9340651788854],[-82.055280284653,27.9337431784821],[-82.0552762849352,27.9332811790105],[-82.055275284539,27.9332101788882],[-82.0552732846134,27.9328701790664],[-82.0552722846544,27.9326981789118],[-82.0552712846449,27.9324541783282],[-82.0552692848083,27.9321941789446],[-82.055267284903,27.9318221779783],[-82.055265284994,27.9314201783894],[-82.0552642851116,27.9313181779468],[-82.0552612842032,27.9297811778867],[-82.0552612841567,27.9297051778593],[-82.0552612845242,27.9294741780914],[-82.0552602846542,27.9284871779208],[-82.055259284539,27.9279091774853],[-82.0552682849961,27.9277221774946],[-82.0552712846917,27.9274931771466],[-82.0552652843563,27.9272581774297],[-82.0552632842533,27.9271851769561],[-82.0552612841409,27.9270901770116],[-82.055259284546,27.9270061768008],[-82.0552332849802,27.9257541773794],[-82.0549602840905,27.9126161739621],[-82.0548872842014,27.9083201729919],[-82.0548772835156,27.9077311728726],[-82.0548692843113,27.9072471727978],[-82.0548932837317,27.9059391718079],[-82.0551062834058,27.8944891697547],[-82.0551152838738,27.8940181696739],[-82.0552182830016,27.8884811683328],[-82.0552912836754,27.8845951667093],[-82.0552912831649,27.8845721672036],[-82.0552532827295,27.8845331673843],[-82.0552552826977,27.8836531669405],[-82.0552552832301,27.8835401664869],[-82.0552562832418,27.8829431669821],[-82.055217283248,27.8816331660078],[-82.0552132831522,27.881047166344],[-82.0552062834992,27.8798251660144],[-82.0552562830034,27.8780541654283],[-82.0552682832642,27.876824164967],[-82.0552682832676,27.8768081647433],[-82.0552682827622,27.8767971649281],[-82.0552772827847,27.8759451651469],[-82.0552772832953,27.875924164512],[-82.0552602827058,27.8750331644489],[-82.0552592829118,27.8750041650006],[-82.0552592829188,27.8749821644615],[-82.0552592829239,27.8749661642336],[-82.0552482833205,27.8743611641672],[-82.055252282349,27.8735181643024],[-82.0552522823532,27.8735081643835],[-82.0552522828657,27.8734971645626],[-82.0552522828755,27.8734731642154],[-82.0552522828981,27.8734191641109],[-82.055256283035,27.8722121637714],[-82.0552652829532,27.8710181635531],[-82.0552662832623,27.8709141634149],[-82.0552702824962,27.8703481630926],[-82.0552752824979,27.8696611633267],[-82.0552772830764,27.8694491633987],[-82.0552772830842,27.8694191636239],[-82.0552772825795,27.86940616309],[-82.0552772825847,27.8693861632401],[-82.0552792826287,27.8692511629988],[-82.0552802829154,27.8691311634948],[-82.0552822824951,27.8687631634455],[-82.0552842825978,27.8682681631366],[-82.0552842831275,27.86816516326],[-82.0552762822306,27.8679031631469],[-82.0552662824464,27.8675441624511],[-82.0552512829678,27.8673521628078],[-82.0552372824759,27.8668331630217],[-82.0552302827266,27.8663141621968],[-82.0552292823787,27.8657951625402],[-82.0552342828581,27.8652911625942],[-82.055234282361,27.8652761622467],[-82.0551992830013,27.865002162261],[-82.0546692821203,27.8602781608314],[-82.0545872817579,27.8595461609646],[-82.0540482819923,27.8547331600123],[-82.0540442814208,27.8546961597022],[-82.0540392823335,27.8546521595497],[-82.05403828168,27.8506881587284],[-82.0540382822166,27.8505581584459],[-82.0540342815118,27.8445511568441],[-82.0540302814475,27.8384101561895],[-82.0540302809695,27.83836615578],[-82.0540302809872,27.8383231561793],[-82.054030281029,27.8382781558624],[-82.0540302814374,27.8382031556341],[-82.0540302813505,27.8381271554984],[-82.0540302813194,27.8380881555234],[-82.0540302813128,27.8380471557346],[-82.0540302813307,27.8380041561319],[-82.0540302812751,27.8379671559699],[-82.054030281195,27.8379321556214],[-82.0540292808975,27.8370461554838],[-82.0540292810796,27.8361611556504],[-82.0540292814469,27.8361311548279],[-82.0540292809467,27.8360891551206],[-82.0540292811624,27.8360301551871],[-82.0540292815549,27.8359981554523],[-82.0540272807192,27.8324031544468],[-82.0540242808606,27.8288071538558],[-82.0540202813039,27.8230451516295],[-82.0540162806862,27.8172831509097],[-82.0540152803291,27.8160101504727],[-82.0540352804343,27.8151091505799],[-82.0540442807041,27.8147121502361],[-82.0540462808217,27.8146231502263],[-82.0540472805073,27.8145881502706],[-82.0540472806317,27.814578150266],[-82.0540502806498,27.814477150038],[-82.0540512810762,27.814423149982],[-82.0540532806383,27.8143371496993],[-82.0540552801979,27.8142511503181],[-82.0540582806693,27.8141121498848],[-82.0542152803773,27.8072251478372],[-82.0543752805656,27.8002001460766],[-82.0543812803236,27.799939146749],[-82.0543872805707,27.7996771465962],[-82.0543882797316,27.7996191467733],[-82.0543892806724,27.7995871464759],[-82.0543912802731,27.7994961464422],[-82.054402280081,27.7990191459817],[-82.0544042806387,27.7989321464923],[-82.0544042802725,27.7989171460005],[-82.0544052803387,27.7988691461979],[-82.0544062802158,27.7988411464498],[-82.05440628031,27.7988311464224],[-82.0544092801254,27.7987271462197],[-82.0544122802162,27.7985931459323],[-82.0544132803138,27.7985411464773],[-82.0544162801709,27.7984311458923],[-82.0544182799159,27.7983201457869],[-82.0544312803272,27.7977771457091],[-82.0544452797144,27.7972331461835],[-82.0544612801526,27.7965791454897],[-82.0544782804914,27.7959261451534],[-82.0545462804073,27.7931891449865],[-82.0546372800412,27.7895031442531],[-82.0547252798944,27.7858101432865],[-82.0547332799165,27.7851211431324],[-82.0547452800387,27.785093142579],[-82.0547672799764,27.7842851424579],[-82.0548052800954,27.7827521426464],[-82.0548062799466,27.782688142287],[-82.0548082802764,27.7826241424328],[-82.0548152797099,27.7823451417553],[-82.0548222796108,27.7820671418834],[-82.0548252797664,27.781937141827],[-82.0548292798858,27.7818061423588],[-82.0548322794782,27.7816831417023],[-82.0548352800793,27.7815601419456],[-82.0548392802116,27.7813341415198],[-82.054837279576,27.7811061418325],[-82.0548372796741,27.7810011417271],[-82.0548462802405,27.780923142073],[-82.0548502801933,27.7807211413936],[-82.0548532796725,27.7805191420077],[-82.0548592793904,27.7801551416301],[-82.0548632793715,27.7799391412124],[-82.0548672798509,27.7797221417749],[-82.0548782796245,27.7789981409736],[-82.0548792800456,27.7789091408898],[-82.0548812793935,27.7788191413953],[-82.0548862796995,27.7785141408464],[-82.0548912799795,27.7782091411864],[-82.0548952794582,27.7779681410149],[-82.0548992799349,27.7777271408345],[-82.0549142800893,27.7770881409888],[-82.0549262797701,27.7765601410411],[-82.0549292800752,27.7764491410826],[-82.0549312791908,27.7757791407706],[-82.0549312798101,27.7756551403784],[-82.0549272793476,27.7753161407104],[-82.0549262797061,27.7744611398744],[-82.0549242799236,27.7742591404856],[-82.0549242796918,27.7741051398773],[-82.0549242799632,27.773952140084],[-82.0549212793353,27.7733451398452],[-82.054917279722,27.7731611397097],[-82.0549202798073,27.7729791402308],[-82.0549202798503,27.7728721401696],[-82.0549192793188,27.7728011401966],[-82.0549192791773,27.7727301398254],[-82.0548922791056,27.7662631385763],[-82.0548892797212,27.76551613841],[-82.0548882793979,27.763696137463],[-82.0548832797044,27.7633701374347],[-82.0548822789393,27.7630031373744],[-82.0548812789144,27.7626861376924],[-82.0548732791177,27.760039137073],[-82.0548732793146,27.7600051371502],[-82.0548682791556,27.7584111359344],[-82.0548672786305,27.7581111364591],[-82.0548642791601,27.7569481359187],[-82.0548632785692,27.7561521361328],[-82.054853279173,27.7532331350613],[-82.0548432789373,27.7503131346418],[-82.0548142784213,27.744609132759],[-82.0547852784267,27.7389051315762],[-82.0547542779292,27.7327101304691],[-82.0547332779404,27.7286831293348],[-82.0547322779879,27.7285451286739],[-82.0547312784192,27.7283571291688],[-82.0547312779958,27.728346129117],[-82.0547312777551,27.7283111291159],[-82.0547222775533,27.7265151287106],[-82.0547222781453,27.7265041286555],[-82.0547062778328,27.7231441277416],[-82.0547052777258,27.7229101280005],[-82.0547032775912,27.7226251280359],[-82.054701277983,27.7223391272332],[-82.0547012782228,27.7223091277217],[-82.0547012774319,27.7222811271551],[-82.0547002781472,27.722264127947],[-82.0547002777437,27.722251127136],[-82.0547002776285,27.7222021272715],[-82.0546912778562,27.7208131276542],[-82.0546822774317,27.7192881272667],[-82.0546512773053,27.7123081250623],[-82.0546902772353,27.7097711243976],[-82.0547012770035,27.7090551247208],[-82.0547522770071,27.7087031244707],[-82.0547642771939,27.7081721240578],[-82.054764277785,27.7081611239736],[-82.054764277362,27.7081501238897],[-82.0548402777653,27.7047441234755],[-82.0547592770906,27.7009231228292],[-82.0547522769385,27.7006001222102],[-82.0547392769639,27.6924211201824],[-82.0547362773391,27.6903321201167],[-82.0547132763949,27.6763731160363],[-82.054713275937,27.6762501165001],[-82.0547142763409,27.6762051165382],[-82.0547152768318,27.6760911159758],[-82.0547152765811,27.6758851159062],[-82.0547132761796,27.6758701159373],[-82.054713276782,27.6758591167042],[-82.0547132765081,27.6758321158797],[-82.0547132761137,27.6758191158839],[-82.0547132762521,27.6758031160971],[-82.0547092760896,27.6755831158667],[-82.0546952768869,27.6749031164112],[-82.054684276721,27.6743501159008],[-82.0546812763532,27.674222116055],[-82.0546782761724,27.6740741157914],[-82.0546772758861,27.6740501160486],[-82.0546762766496,27.6740221156808],[-82.0546712760604,27.6738101161342],[-82.0546692762661,27.6737331159525],[-82.0546662767108,27.6736311160948],[-82.0546622760704,27.6734831153104],[-82.054650276634,27.6729971158482],[-82.0546442764872,27.6727501154787],[-82.0546342767864,27.6723591158183],[-82.0546252765905,27.6719721154643],[-82.0545292757942,27.6681291148174],[-82.0544972761342,27.666857114398],[-82.0544702762154,27.6657791138702],[-82.0544672764913,27.6651341139364],[-82.0544652759978,27.6646911133289],[-82.0544652758557,27.6645211131757],[-82.054459276154,27.661594112989],[-82.0544542755708,27.6595371121703],[-82.0544542759765,27.6595011118883],[-82.0544542762248,27.6594791124679],[-82.0544532761035,27.659457112538],[-82.0544532759021,27.6593851119733],[-82.0544532763094,27.6593041120138],[-82.0544522757563,27.6588271120254],[-82.0544522760332,27.6586681118908],[-82.0544522762163,27.6586071123831],[-82.0544522757743,27.6584221121865],[-82.0544512757386,27.6579011114817],[-82.0544502759863,27.657133111957],[-82.0544492755281,27.6568751115901],[-82.0544492759149,27.656618111656],[-82.054449275848,27.6564011117429],[-82.0544482761946,27.6562961119423],[-82.0544482754085,27.6562761114759],[-82.0544482760632,27.656263111443],[-82.0544482753227,27.656239111244],[-82.0544482759373,27.6561851112465],[-82.0544492761837,27.6560151113941],[-82.054449276189,27.6559701116958],[-82.05444927538,27.6559521110947],[-82.0544502754267,27.6559331110698],[-82.0544502757451,27.6559051111367],[-82.0544502753227,27.6558531110032],[-82.0544542761164,27.6551421108979],[-82.0544562756982,27.6551031109105],[-82.0544552753895,27.6548331112684],[-82.0544572758242,27.6544051110406],[-82.054458275927,27.6539771111793],[-82.0544592757419,27.6537531112567],[-82.0544602755531,27.6535291104243],[-82.0544602752843,27.6535081109187],[-82.0544602756239,27.6534781111088],[-82.0544642755159,27.6519391106411],[-82.0544682753773,27.6504861104672],[-82.0544682754046,27.6503491104932],[-82.0544142757311,27.6485811092727],[-82.0543972756303,27.6479941094183],[-82.0543952757239,27.6479421091074],[-82.054381275752,27.6475091096446],[-82.0543602755703,27.6467101089138],[-82.0543602752982,27.6466911092565],[-82.0543522750191,27.6463871088413],[-82.0546412759706,27.6463861090331],[-82.0547702753702,27.6463831088734],[-82.0555842760652,27.6463561089051],[-82.0558422757443,27.6463481086467],[-82.0563542764617,27.6462341093175],[-82.0566122761649,27.6462091087396],[-82.0572752761922,27.6461901093519],[-82.0586322769937,27.6462031089882],[-82.0589032769286,27.6462001089415],[-82.0621962778106,27.646169108823],[-82.062295277515,27.6461681086677],[-82.0675332790276,27.6461561083748],[-82.0750112818223,27.6461091086331],[-82.0773432815382,27.6460871086271],[-82.0839592835179,27.6461091080464],[-82.0856282847142,27.6461331083359],[-82.0856892845506,27.6461291079172],[-82.0867262851722,27.6461241078872],[-82.0892422851105,27.6461941077779],[-82.0900162853136,27.6461911085363],[-82.0912752857951,27.6461851080406],[-82.0913402857119,27.6461851085566],[-82.0918672859962,27.6461781083143],[-82.091929286354,27.6461771079001],[-82.0919922859454,27.6461761076977],[-82.0925932864222,27.6461681079912],[-82.0941942864334,27.6461471076792],[-82.0943022871567,27.6461451084049],[-82.0944092874722,27.6461441078568],[-82.0984712876446,27.6460901082656],[-82.104189290229,27.6460881082334],[-82.1043932900229,27.6460871073818],[-82.1045972897514,27.6460871079689],[-82.1179242936439,27.64608110728],[-82.1180122940153,27.6460801073832],[-82.1181002933715,27.6460791074315],[-82.1197722945551,27.6460811071612],[-82.1209232943692,27.6461121069511],[-82.1209862946395,27.6461111071125],[-82.1249142962276,27.6460331074583],[-82.1346262983405,27.6463221074766],[-82.1424673004471,27.6462921064948],[-82.146274301663,27.6462901064714],[-82.1464043024847,27.6462901064458],[-82.1469863018873,27.646290107105],[-82.1598113054424,27.646372106444],[-82.1598823058488,27.6463721067193],[-82.1934703153266,27.6465111060684],[-82.1949943158835,27.6465201058808],[-82.1950213165157,27.6465201058111],[-82.1950963159075,27.6465201058941],[-82.2015453179211,27.6465171054439],[-82.2015613178417,27.6465171056507],[-82.2054513191761,27.6464901054493],[-82.2081903201071,27.6464991057598],[-82.2106383208616,27.646482105359],[-82.2165773222419,27.6464421054379],[-82.2173783228195,27.6464371049783],[-82.2174623222909,27.6464371050254],[-82.2203763230702,27.6464581054274],[-82.2253403249742,27.6464941050812],[-82.2255603246724,27.6464951046827],[-82.2286543255349,27.6464971051713],[-82.249843332356,27.6465671039242],[-82.253571333284,27.6465921040835],[-82.2541543334867,27.6465961040289],[-82.2547133332891,27.6465911038358],[-82.2601963348599,27.6465471043604],[-82.2631223352543,27.6464821041675],[-82.2633233355058,27.6464781037235],[-82.2681643376682,27.6463721034772],[-82.2745033387908,27.6464861033499],[-82.281898341624,27.6466181031116],[-82.2828863415662,27.6466631037936],[-82.2856003421597,27.6465961033186],[-82.2889113436156,27.6465161030769],[-82.2905103439509,27.6464921030039],[-82.2920613441689,27.646528103634],[-82.2926703445292,27.6465431035519],[-82.2932683448106,27.6466221031588],[-82.2933663441618,27.6466231033445],[-82.2964803456439,27.6466621029486],[-82.2983453460421,27.6466851033746],[-82.3047043478905,27.6466311029801],[-82.3047763475454,27.6466301027445],[-82.3048363480469,27.6466301026072],[-82.3130193500843,27.6465731031208],[-82.3138163499556,27.6465671024636],[-82.3168823512521,27.6465541028498],[-82.3180663512424,27.6465571027106],[-82.3182573519902,27.6465581029664],[-82.3222873526806,27.6465391020611],[-82.3339693565246,27.6465461025497],[-82.3360153572245,27.646504101809],[-82.3361863569929,27.646501101768],[-82.3363723573206,27.6464971022029],[-82.3383753577985,27.646458102144],[-82.3421313587427,27.6463831023613],[-82.3443083593263,27.6463401018802],[-82.3449263593569,27.6463371021368],[-82.3477363598392,27.6463251019551],[-82.3528563621343,27.6463041019167],[-82.352887361438,27.6463041015406],[-82.3582563632985,27.6463691017975],[-82.3671363657768,27.6462691009283],[-82.3671493658316,27.6462691017024],[-82.3687923660869,27.646297100946],[-82.3688833660836,27.6462991014889],[-82.3748283678057,27.6463991013096],[-82.3756733678762,27.6464211014096],[-82.3773213682865,27.6464141015313],[-82.3809663700609,27.6463931012775],[-82.3812043695493,27.6463921006209],[-82.3831643706484,27.6463801012988],[-82.3847113704267,27.6463951005189],[-82.3848873712983,27.6463941012967],[-82.3863933710809,27.6463821010987],[-82.394698374189,27.6463191003511],[-82.3948943733773,27.6463181009891],[-82.4003493755878,27.6462831003359],[-82.4036003765738,27.6462621006865],[-82.4253433821975,27.6461230998225],[-82.4336483850276,27.6460700992603],[-82.4338533849473,27.646069099707],[-82.4377553860761,27.6460450993045],[-82.444150388106,27.6460030989729],[-82.4485343896732,27.6459740991146],[-82.4487033888919,27.6459730993006],[-82.450323389698,27.6459540995137],[-82.4522843906056,27.6459330989673],[-82.4523903904684,27.6459320988934],[-82.453738390406,27.6459150988134],[-82.4538953906541,27.6459130986285],[-82.4613543926212,27.6458620989346],[-82.4640753938535,27.6458440989299],[-82.4643563934475,27.6458420986946],[-82.4682183950574,27.6458090986645],[-82.4685813953026,27.6458050982902],[-82.4694353950238,27.6457960982748],[-82.475115396953,27.645735098577],[-82.4883794007795,27.6455940981575],[-82.4885804011798,27.6455920977508],[-82.4969104035313,27.6455030976712],[-82.4969894027595,27.6455030979105],[-82.4984924036673,27.6455010976627],[-82.4986754038182,27.6454910974928],[-82.4998204036953,27.6454300980652],[-82.5185134090591,27.6454280974965],[-82.5247534111824,27.6454270973223],[-82.5249504115517,27.6454270970605],[-82.5250964113838,27.6454220969868],[-82.5256934110786,27.6454030972189],[-82.5316704134792,27.6454670972168],[-82.5317124134987,27.6454670968024],[-82.5325394136574,27.6454690967876],[-82.5341744137942,27.6454730964972],[-82.5364444146326,27.6454790969171],[-82.5371994151719,27.6454810967574],[-82.5374424152742,27.645481097256],[-82.539824415747,27.6454870963995],[-82.5399874156654,27.6454870970377],[-82.5406464155035,27.6454890963697],[-82.5481834180069,27.6455510966733],[-82.548314417961,27.6455520966187],[-82.5491484179048,27.6455590966298],[-82.5495514179279,27.6455620961399],[-82.5499874189006,27.6455360961908],[-82.5511684189333,27.6454670967561],[-82.5512774191488,27.6454670966115],[-82.5530694192126,27.6454510966298],[-82.5532784194812,27.6454560962319],[-82.5534674192738,27.645468096198],[-82.5535494196939,27.6454690963584],[-82.5536694191867,27.6454700963547],[-82.5539994200118,27.6453430966679],[-82.554109419455,27.645300096062],[-82.5553494199803,27.6448280960713],[-82.5567004205539,27.6443130964582],[-82.5733134247784,27.6365630935605],[-82.5733784251175,27.6365340937497],[-82.5760824256371,27.6353660930075],[-82.6010534325056,27.6238950898984],[-82.6434904443619,27.6043980838975],[-82.6436524439116,27.6043580846699],[-82.6472294454263,27.6027040837336],[-82.648819445886,27.601974083385],[-82.6501584463391,27.6015010837411],[-82.6878794569078,27.5869110790253],[-82.706496461811,27.5797190770421],[-82.7463174729216,27.5644690720581],[-82.7481444731493,27.5637660718169],[-82.75254447377,27.5620740714885],[-82.7538694743464,27.5615650707708],[-82.757611475278,27.5602040704276],[-82.7649444776044,27.5573040699603],[-82.8188794930632,27.5483420664471],[-82.9241735230657,27.530755059186],[-82.924743523116,27.5321050601184],[-82.9259535228835,27.5352050608502],[-82.927333524206,27.5389950617133],[-82.9287835240292,27.5433550623632],[-82.930153524792,27.5482850631261],[-82.9313235257651,27.5532550644926],[-82.932403526183,27.5587950659262],[-82.9329235257543,27.562035066965],[-82.9334835263398,27.5663550681226],[-82.9339105267806,27.5707220692065],[-82.9341855274063,27.5740420697223],[-82.9347335277829,27.5806550716027],[-82.9349285273099,27.5837040720153],[-82.935093527709,27.5876270731776],[-82.9351525277677,27.5910890741754],[-82.9351055273602,27.5952790751012],[-82.9349135282925,27.5994580754028],[-82.9346025276815,27.6039420770923],[-82.9341785278122,27.6078430774325],[-82.9336525280058,27.6117260787447],[-82.9328435282254,27.6165350803995],[-82.9319335278756,27.6209650813676],[-82.9309635276086,27.6250150824363],[-82.9294995270731,27.630265083329],[-82.9267725264859,27.6394040857559],[-82.9255935263611,27.6431440863987],[-82.9250375261928,27.6448180869881],[-82.8135134940983,27.646403090066],[-82.7467544756874,27.6473520918119],[-82.7470474755075,27.6407570903878],[-82.7470124750761,27.6400980899745],[-82.7469804755614,27.6395130902275],[-82.7469464747783,27.6379130893774],[-82.746346475303,27.6368480898471],[-82.7460604744627,27.6364900897183],[-82.7458354745856,27.6362080889795],[-82.7453764748047,27.6356330890022],[-82.7448634740749,27.6352420887781],[-82.7440524740691,27.634624089364],[-82.7430664733712,27.6342640887617],[-82.7420724732865,27.6339010889779],[-82.7401734731329,27.6312360887732],[-82.7401554729891,27.6312110883339],[-82.7397604725094,27.6306570884626],[-82.7396654724376,27.6303160877986],[-82.7368484716802,27.6252060872276],[-82.736945471968,27.6249290869357],[-82.7369014716677,27.6240090866516],[-82.7369744720466,27.622949086473],[-82.7369404718357,27.6218060860395],[-82.7369844714878,27.619766085568],[-82.7371644715656,27.6190330853568],[-82.737589472113,27.6173190849818],[-82.7382064722511,27.6151450844264],[-82.7384154715007,27.6144950842086],[-82.7385834721747,27.6133380842134],[-82.7381704718065,27.6121410838089],[-82.7377814711615,27.611326083643],[-82.7367044715074,27.6106530833425],[-82.7355954711432,27.6104420834626],[-82.7348244702218,27.610480083313],[-82.7344104704929,27.6105110831752],[-82.7332124705474,27.6113830833982],[-82.7324734698142,27.6122500839779],[-82.7317324703013,27.6127890839817],[-82.7292434696045,27.6141850846361],[-82.7282154690553,27.6146670849201],[-82.7267184682841,27.615246085144],[-82.7255964684939,27.6157830851867],[-82.7245624681018,27.6159940847463],[-82.7228234675103,27.6165620852375],[-82.7213294671211,27.6171790858395],[-82.7201144662833,27.6177200855924],[-82.7191864664635,27.6180650856048],[-82.717602466124,27.6185270854608],[-82.7166674653124,27.6189810862012],[-82.7154104654078,27.6193920864273],[-82.714898465664,27.6195440860529],[-82.7139554653922,27.6201150867076],[-82.7129524651348,27.6206150864684],[-82.7124284641632,27.6209770867211],[-82.7112814643999,27.6216630867204],[-82.7102064635368,27.6221210866914],[-82.7082714630031,27.6228410870147],[-82.7071504634031,27.6232320870741],[-82.7057684630932,27.6237850878168],[-82.7054414629101,27.6239210870201],[-82.7046044626546,27.624527087706],[-82.7042344620827,27.625004087846],[-82.7040464626536,27.6252650877631],[-82.7029824620264,27.6264780882294],[-82.7023714617372,27.6277260887774],[-82.7018974621287,27.6282580881971],[-82.7008344613437,27.6302160886893],[-82.7003964614688,27.6307520893207],[-82.6998484611337,27.6319950895829],[-82.6997624616567,27.6329260899843],[-82.6992814614374,27.633843090345],[-82.6988244606356,27.634878090029],[-82.697960460782,27.6361520901723],[-82.6975454612196,27.6372310906228],[-82.6969084607847,27.6383950910401],[-82.6965414603834,27.6390670908901],[-82.6965414605899,27.6392280917797],[-82.6965404605224,27.6414930914653],[-82.6965394610483,27.6445300924266],[-82.6965384610093,27.6447140930392],[-82.6965394607251,27.6458080932084],[-82.6930674601704,27.6460670928227],[-82.6890174583031,27.6466760930272],[-82.6849404573382,27.6476370939558],[-82.6826744566002,27.6484320935011],[-82.6767774556755,27.6503070941011],[-82.676571455316,27.6503720945792],[-82.6762084548899,27.6504880944572],[-82.6758814547513,27.650592094233],[-82.6757044548908,27.6506480946836],[-82.6754204545528,27.650738094645],[-82.675310455015,27.650781094419],[-82.6751624547209,27.650820094597],[-82.6631454513898,27.654640095957],[-82.6528444487195,27.6579130973364],[-82.6454484466923,27.6602620976984],[-82.638255444506,27.6625470986758],[-82.624818441197,27.6668131000319],[-82.623535440023,27.667234099641],[-82.6210334395473,27.6680400998322],[-82.6179514385298,27.668978100665],[-82.6143204374465,27.6700681011086],[-82.6101534366859,27.6714521012765],[-82.6067564353954,27.6725841019897],[-82.6036014350568,27.6736221017988],[-82.6005814338742,27.6748661021883],[-82.5982484330313,27.67617510288],[-82.5952024324777,27.6790711035006],[-82.5927214319453,27.6814381043702],[-82.5888014312593,27.6859861051156],[-82.5843524302831,27.6919311067533],[-82.5804784293967,27.6987451086069],[-82.5793524283508,27.7007371091625],[-82.5777104286835,27.7036401096337],[-82.5699984270147,27.7192241142748],[-82.5675304257675,27.7245691151796],[-82.5663694258301,27.7270811162496],[-82.4854994021635,27.7257571174649],[-82.4796904009845,27.7256621173367],[-82.478303400106,27.7256391173597],[-82.4783294005016,27.7256521173879],[-82.4782894005519,27.7257201182131],[-82.4782264005943,27.7257871173835],[-82.478117400194,27.7259301174063],[-82.4779974004357,27.7260641183015],[-82.4778084002744,27.7263621176885],[-82.4776654005814,27.7265521182908],[-82.4776143999239,27.7266351184385],[-82.4774704003384,27.7268141179378],[-82.4773854003282,27.7269791181776],[-82.4773274001613,27.7270301183843],[-82.4772703997911,27.7271181178582],[-82.47727039985,27.7272201179209],[-82.4772884004189,27.7273401182332],[-82.4772024004948,27.7274531178092],[-82.4770714003969,27.7275971178622],[-82.4769514004476,27.7278231179691],[-82.4768423999721,27.7280951180299],[-82.4767573996775,27.7283311182173],[-82.4766884000611,27.728455118298],[-82.4765924003578,27.7287701188332],[-82.4764664004107,27.7290831190035],[-82.4763874001512,27.7293251184598],[-82.4762513997163,27.7298531184583],[-82.4762913997112,27.7298841185605],[-82.4764534002303,27.7298981190261],[-82.4764263998342,27.7302321191102],[-82.4764693996229,27.7302411190871],[-82.4767214005102,27.7302671185849],[-82.4771113998775,27.7302961189875],[-82.4771144006776,27.7302411184958],[-82.4771384002268,27.73024111877],[-82.4771333997717,27.7302971188404],[-82.4773604001863,27.7303191189315],[-82.4773664002084,27.7302621191128],[-82.4773904002473,27.7302671188558],[-82.4773764002945,27.7303981192294],[-82.4773534006947,27.730398119157],[-82.4773574001592,27.7303391192153],[-82.4771274004725,27.7303161187292],[-82.4771233998706,27.7303751186695],[-82.4771014005023,27.7303691192991],[-82.4771024002113,27.730317119099],[-82.4764874003497,27.7302621191395],[-82.4764203997057,27.7302591190982],[-82.4764203996015,27.7302831185736],[-82.476386399604,27.7305421193331],[-82.4763873995445,27.7306081194076],[-82.4763753997867,27.7306501187366],[-82.4763124002941,27.7306451186017],[-82.4762953996993,27.7306701187397],[-82.4762674000593,27.7308551195319],[-82.4762443996667,27.7309681191294],[-82.476239400197,27.731106119316],[-82.4762524001914,27.7314491188407],[-82.4763163999325,27.7315371192153],[-82.4763803997977,27.7316391190985],[-82.476381400045,27.7318801192812],[-82.4764103998598,27.7320641197515],[-82.4764284001092,27.7321311198395],[-82.4764233995972,27.7322301192967],[-82.4764583995714,27.732348119051],[-82.4764754000473,27.7324711198252],[-82.4765054002053,27.7326101193917],[-82.4765514000341,27.7327371191614],[-82.4765754001978,27.7329171200323],[-82.4765884001717,27.7330861192452],[-82.4766403997531,27.7331731193556],[-82.4768143996982,27.7333981196983],[-82.4768664000459,27.7335311197377],[-82.4769254001892,27.7338131198866],[-82.4769484002161,27.7338941202354],[-82.4770234000773,27.7339411197103],[-82.4769833998815,27.7339561198741],[-82.4769373997542,27.7339751195612],[-82.4767614000173,27.7339851195952],[-82.4767774005234,27.7351291205189],[-82.4767434005809,27.7351151199214],[-82.4767044000037,27.7351131200294],[-82.4766593999287,27.7351271202789],[-82.4766014004137,27.7351511200949],[-82.476527399978,27.7351631202182],[-82.4764794005925,27.7351591198653],[-82.4764344002417,27.7351411204647],[-82.4762853997219,27.735041119813],[-82.4760863997123,27.7349531202162],[-82.4759924005111,27.7349251196755],[-82.4759183999141,27.7349151198179],[-82.4757953998371,27.7349251204237],[-82.4756733998531,27.7349461200173],[-82.4756164001123,27.7349661199855],[-82.475565399854,27.7349981197959],[-82.4755513999651,27.7350211205454],[-82.4741983995778,27.7353901203222],[-82.4722933988881,27.7354771201535],[-82.4720313990648,27.7350861201171],[-82.4714123982554,27.7344071198825],[-82.47083539845,27.7345181199645],[-82.4701323980465,27.7351141205563],[-82.4684533976091,27.7353271201149],[-82.468188398217,27.7353271200506],[-82.4640753969199,27.735340120103],[-82.4577553951769,27.7353421203319],[-82.4514583927373,27.7353441204997],[-82.4475063921487,27.7353171207392],[-82.4474013920535,27.7353171209856],[-82.4466673912842,27.7353121213383],[-82.4364803888136,27.7352431214334],[-82.4352333884484,27.7352351211549],[-82.4334923881644,27.7352201211315],[-82.4308063870422,27.7351971216286],[-82.4326333873835,27.7334221210731],[-82.4331123870617,27.7327431204101],[-82.4336663879077,27.7314991201934],[-82.4337643873855,27.7306181203878],[-82.4337793875465,27.7295971202825],[-82.4338043878322,27.7278851198377],[-82.4338353877928,27.7252561187145],[-82.4338653877836,27.7242711189009],[-82.4339263873245,27.7224691182103],[-82.4339433869948,27.7219671176934],[-82.4339663875381,27.7215221183228],[-82.4340123870701,27.720643117576],[-82.4340753877056,27.7199581176962],[-82.434074387065,27.7191451172685],[-82.4340743877675,27.7190011169944],[-82.4340753871625,27.7189641172681],[-82.434086387272,27.7185601172613],[-82.4341043870639,27.7177811171296],[-82.4341013874011,27.716877116634],[-82.4341143873522,27.7159651162131],[-82.4341193868356,27.7150381159657],[-82.4341243877465,27.7141491157269],[-82.4341123868752,27.7131621162703],[-82.4330863874162,27.7131591156136],[-82.4320483867711,27.713140115582],[-82.430991386257,27.7131321162816],[-82.4297423857521,27.713135115669],[-82.4282053859899,27.713129115853],[-82.4270893850293,27.713124116455],[-82.4261143846406,27.7131111161421],[-82.4257513843461,27.7131201158658],[-82.4240493843201,27.7131251160091],[-82.4230193842117,27.7131281165171],[-82.419574382635,27.7130491158787],[-82.4186923832001,27.7130291159118],[-82.4146663811902,27.7130681167683],[-82.4126473808325,27.7130681159394],[-82.4106243801661,27.7130671165693],[-82.4078793801585,27.7130881166193],[-82.4065283787779,27.713099116987],[-82.403971378099,27.7130871165874],[-82.403072378421,27.7130821167885],[-82.402204378189,27.7130781166604],[-82.4001233774637,27.7130701167031],[-82.3981633767813,27.7130901167505],[-82.3951993762136,27.7130791170846],[-82.3940923756833,27.7130751164534],[-82.3925123752877,27.7130301168854],[-82.3921093752728,27.7130731171563],[-82.392037375486,27.7130811173148],[-82.3900003742603,27.7130211167802],[-82.3889783739661,27.7129871172562],[-82.3877793736789,27.7129281173625],[-82.3849043729698,27.7127991166865],[-82.3845353731669,27.7127881170266],[-82.3844423731994,27.7127801170193],[-82.3840993725339,27.7136961169979],[-82.3838983726072,27.7142631175812],[-82.3837813724879,27.7146541170483],[-82.3836413727188,27.7151621175103],[-82.3835213730826,27.7157151179932],[-82.3832793724764,27.7167561180824],[-82.3831563731699,27.7175271180433],[-82.3830523723162,27.7183281185484],[-82.3829603729902,27.7195521186362],[-82.3829363726282,27.7199051185749],[-82.3829363727503,27.7199211189619],[-82.3829103731186,27.7211861193051],[-82.3828693730933,27.723440119787],[-82.3828603728093,27.7270121205872],[-82.3831093732154,27.7269641207546],[-82.3833563734827,27.7269161206011],[-82.3833583736418,27.7310431211237],[-82.3833593728893,27.7325011220119],[-82.3833363731699,27.7346061222811],[-82.3833043730581,27.737547123029],[-82.3829853733118,27.7404461234283],[-82.3822633732785,27.7434431244054],[-82.381320372978,27.745691124989],[-82.3812053725788,27.7458791250084],[-82.3806303732477,27.7468271255993],[-82.3795373726696,27.7486261254398],[-82.3794943728307,27.7486831262458],[-82.3788113724529,27.7486521260487],[-82.3642033678046,27.7487761262626],[-82.3517383648214,27.7488831265018],[-82.3514993645267,27.7488741266347],[-82.3514553645704,27.7488741265389],[-82.3351573598771,27.7485441269149],[-82.3241223562261,27.7484661268638],[-82.3234713560838,27.7484611270241],[-82.3230003561566,27.748597127232],[-82.3203133552013,27.7487371274121],[-82.3189183547283,27.7487221277574],[-82.3189183547436,27.7484101274938],[-82.3184033551722,27.7484051276746],[-82.318420355063,27.7492321278842],[-82.3186773553669,27.7500581276235],[-82.317797354998,27.7500521277947],[-82.3161323544417,27.7497411274669],[-82.3158763540669,27.7497371279114],[-82.3145873540634,27.7497761274251],[-82.3136333539689,27.7499211278307],[-82.313227353683,27.7503191281396],[-82.3127893538435,27.7507771284146],[-82.3127373534188,27.7511211279091],[-82.3130203533836,27.751580128266],[-82.3129943537117,27.7519931287063],[-82.3118853536289,27.7531391287292],[-82.3112153527997,27.7534821283371],[-82.3111123532072,27.753688128737],[-82.311138353159,27.7541701292446],[-82.3107253528289,27.7551101291793],[-82.3106733524618,27.7555911290259],[-82.3097963525325,27.7561641292614],[-82.3093843527827,27.7568511291949],[-82.3085073524271,27.7576991300158],[-82.3083783527491,27.7585931300485],[-82.3079653527607,27.7589141300131],[-82.3072173519632,27.7592581304279],[-82.3063673514827,27.760059130412],[-82.3059543516437,27.7602431303558],[-82.3047423518861,27.7615261311724],[-82.3041483510142,27.7627171315758],[-82.3037353509151,27.7637951318607],[-82.3034263506919,27.7642081313995],[-82.3013633504077,27.7656281319179],[-82.3005643508198,27.765948132102],[-82.2997873500336,27.7661361325175],[-82.3003803503918,27.7675441322288],[-82.3003863501759,27.7689321323311],[-82.3008573504848,27.7701591328412],[-82.2904593476688,27.7701981329953],[-82.289716347801,27.7702011332471],[-82.2855653461203,27.7702301335621],[-82.2829703451502,27.770241133194],[-82.2814873448764,27.7702471333472],[-82.2775353443036,27.7702741335695],[-82.2747543427803,27.7703131340661],[-82.2739843425735,27.7700261339331],[-82.2733683428286,27.7695741340196],[-82.2743493432144,27.771724133976],[-82.2747823430746,27.7726721344775],[-82.2756323438659,27.775390134525],[-82.2762993432294,27.7775111358028],[-82.2776843444422,27.7819131364908],[-82.2778543438611,27.7823891366021],[-82.2796243449891,27.7873451375134],[-82.2810933455728,27.7903261388482],[-82.2820713458813,27.7921781385283],[-82.2821763456768,27.7923761385166],[-82.282262346216,27.792539138982],[-82.283144345913,27.7940821395692],[-82.2836203464536,27.7947931390786],[-82.2837833466313,27.7950351390852],[-82.2843443461662,27.79587213994],[-82.2848233472267,27.7965871402176],[-82.2855373469096,27.797851140321],[-82.2859563476666,27.7987231399785],[-82.2862773468975,27.7993881406894],[-82.2872023475046,27.80130814092],[-82.2888813478118,27.8047101420452],[-82.2889303484475,27.8048091420244],[-82.2890853483207,27.8051211417258],[-82.2897473480501,27.8064601419761],[-82.2897663483263,27.8064981418015],[-82.289897348235,27.8067641419927],[-82.2906303488877,27.8083261422269],[-82.2912373485975,27.8096171429396],[-82.293352349533,27.8141181442279],[-82.2937883500327,27.8150451445279],[-82.29527635011,27.8181141447447],[-82.2960783505053,27.8191471449864],[-82.2980843512016,27.8215431452937],[-82.2994773517036,27.8234121462135],[-82.3012743522864,27.8259431468934],[-82.3019843523011,27.8269391466618],[-82.3035503530727,27.8291341471831],[-82.3036133532892,27.8292211470747],[-82.3028823529388,27.8295761471756],[-82.3023643533846,27.8299291474279],[-82.3020303533241,27.8305271475263],[-82.3019113531328,27.8315581478989],[-82.3020133533631,27.8370041493153],[-82.302031353429,27.8380771498169],[-82.3020423526449,27.8388761498171],[-82.3020443534312,27.8390201498515],[-82.3020713533079,27.8409651503898],[-82.3020953537158,27.8426621505275],[-82.3020973527939,27.8433551506794],[-82.3021123532387,27.8448121510458],[-82.3021283536031,27.8462791515018],[-82.3021413531539,27.8473661519308],[-82.3021423534938,27.8474871518143],[-82.3021903537994,27.8514431529434],[-82.3022163539501,27.8535531531594],[-82.3021973542608,27.8588591547694],[-82.3022343536585,27.8625831552447],[-82.3022523537973,27.8645361562179],[-82.3017273542092,27.8645371558015],[-82.2981643532472,27.8734971583183],[-82.2981543528641,27.8736501583424],[-82.2981263529505,27.8774671588043],[-82.2981403533279,27.8781851595435],[-82.2980103528258,27.8782961589155],[-82.2979043529725,27.8784791591136],[-82.2979923534385,27.8785271596858],[-82.298774353051,27.8789711592092],[-82.2991383535627,27.8794071591951],[-82.299664353424,27.8800711599836],[-82.2997523538415,27.8801851595806],[-82.3001293540718,27.8806481599743],[-82.2999623535513,27.8806691601585],[-82.2999773540507,27.8807101601422],[-82.2999893540258,27.8807911596686],[-82.2999873535078,27.8808741596595],[-82.299970353925,27.8810121602293],[-82.2999423543,27.8811191600636],[-82.2998513540663,27.881355160381],[-82.2998113534519,27.8814291600329],[-82.2997283535514,27.8815441603256],[-82.2994843538084,27.8818301599632],[-82.2990313534869,27.8823881602338],[-82.2989323531448,27.8824931606169],[-82.2989043534261,27.8825081601525],[-82.2988743537476,27.882517160148],[-82.2988333533919,27.8825181604709],[-82.2987973536649,27.8825131605142],[-82.2987163538932,27.882493160387],[-82.2986913535927,27.8824801599893],[-82.2986743537324,27.8824621599383],[-82.2986683540027,27.8824371602703],[-82.2986753531846,27.8823881602821],[-82.2987183536558,27.8822381598934],[-82.2987173536922,27.8821831598254],[-82.2987013534251,27.8821611598441],[-82.2986463533732,27.8821311603666],[-82.2986163531597,27.882132160261],[-82.2985563532446,27.8821491602286],[-82.2985023534971,27.8821761605489],[-82.2984543534999,27.8822111605414],[-82.2984373530806,27.8822351604781],[-82.2984413532268,27.8822561604013],[-82.2984643530233,27.8822381603719],[-82.2984933539141,27.8822271601345],[-82.2985243532039,27.8822271598015],[-82.2985463534328,27.8822431600882],[-82.2985473531007,27.8822721602341],[-82.2985353539375,27.8822981599685],[-82.2985093538396,27.882310159928],[-82.2984773531406,27.8823101606208],[-82.2984583530887,27.8823271602232],[-82.2984633530902,27.8823831605513],[-82.2984773530031,27.8824071601636],[-82.298539353924,27.8824131606546],[-82.2985643538841,27.8824271600714],[-82.2985953536609,27.8824591599045],[-82.2986163535758,27.8824751605407],[-82.2986863533105,27.8825151607564],[-82.2987403531502,27.8825721603931],[-82.2988153532142,27.8826041604916],[-82.2988303531947,27.8826261599184],[-82.2988343535437,27.8826501604092],[-82.2988283537757,27.8826991600421],[-82.2988053533089,27.8827831602817],[-82.298790353482,27.882868160218],[-82.2987923538703,27.8829231608191],[-82.2988093536032,27.8830091607867],[-82.2988353540128,27.8830571606573],[-82.2988743532361,27.8830951604906],[-82.2989243540931,27.8831281604601],[-82.2990393538936,27.8831791601061],[-82.2990983533016,27.8831981600441],[-82.2992263532717,27.8832111606731],[-82.2992843538373,27.8832251605277],[-82.2993083537009,27.8832391601724],[-82.2993293532763,27.883257160483],[-82.2993683540099,27.8833011604298],[-82.2993993537194,27.8833521607451],[-82.2994323536268,27.8834291602374],[-82.2994353538854,27.8834561607523],[-82.29942935384,27.883541160153],[-82.299432353933,27.8835961603713],[-82.2994513536439,27.8836491603475],[-82.2994803541641,27.8837021602566],[-82.299516353672,27.8837471602521],[-82.2995383540591,27.8837641602668],[-82.2995623536518,27.8837761609831],[-82.2995933539392,27.8837811607709],[-82.299660353881,27.8837791606745],[-82.299720353636,27.8837651608073],[-82.2997463535155,27.8837511608359],[-82.2998683538604,27.8836531605515],[-82.2998933534391,27.8836491607524],[-82.2999193536698,27.8836581609867],[-82.2999703541849,27.8836851608452],[-82.300293354321,27.8839101609333],[-82.3004063539218,27.8840031601737],[-82.3005523542407,27.8841461605255],[-82.3007553546903,27.8843681605585],[-82.3007863540837,27.8844021605715],[-82.3012943545583,27.8850271609321],[-82.3014123548108,27.8851541609784],[-82.301584354798,27.8853131611925],[-82.3017233542719,27.885424160969],[-82.3018723544816,27.8855221608612],[-82.3020063550062,27.8855941610529],[-82.3021183549387,27.8856401606873],[-82.3023243542315,27.8856971614132],[-82.3025663548598,27.8857471611893],[-82.3029943548012,27.8858151605593],[-82.3030873546347,27.8858231610339],[-82.3031803548621,27.88581416057],[-82.3032393546373,27.8857971607916],[-82.3033803553779,27.8857431605319],[-82.3035723547894,27.8856511611348],[-82.303834355601,27.8855031612559],[-82.3040103551764,27.8853901608707],[-82.3041503550455,27.8852821606329],[-82.3042553549782,27.8851821608294],[-82.3044513555272,27.8849671610244],[-82.3046313557609,27.8847781610041],[-82.3047823551888,27.8846261604118],[-82.3048543558705,27.8845441607656],[-82.3049883557823,27.8844351604147],[-82.3051053555056,27.8843611603959],[-82.3051723551046,27.8843281609588],[-82.3052303554003,27.8843111607385],[-82.3052893551428,27.8843021601266],[-82.3053873556849,27.8843021605779],[-82.3054783557467,27.8843181603083],[-82.305562355906,27.8843521609193],[-82.3056413551204,27.8843991603354],[-82.3056983559758,27.8844461606542],[-82.3057663557701,27.8845201607203],[-82.3059153552974,27.8847641603612],[-82.3059883561382,27.8848521603406],[-82.3060963554408,27.8849541604862],[-82.3061913562695,27.8850241603763],[-82.3062693559997,27.8850661603778],[-82.3063573556671,27.8850951611749],[-82.3064823558786,27.8851151609567],[-82.3066043560421,27.8851171611165],[-82.3067593557824,27.8851071603356],[-82.3070053559051,27.8850751603906],[-82.3072743561237,27.8850101610407],[-82.3073353556205,27.8850021604027],[-82.3073993562233,27.8850081605602],[-82.3074533560577,27.8849861607433],[-82.307492355911,27.8849601604996],[-82.3073243563654,27.885370160546],[-82.3067563556507,27.8860351606851],[-82.3065493560517,27.8861721614075],[-82.3046653554435,27.8873411612482],[-82.3042523552161,27.8882121615296],[-82.3039163549985,27.8884181620331],[-82.3036073547161,27.888463161194],[-82.3029363553833,27.8884401616006],[-82.3028573548105,27.8884491618376],[-82.3015423545541,27.8886001619751],[-82.3011553541033,27.8888291619542],[-82.3006903541015,27.8896541618422],[-82.3005613542681,27.8907551623849],[-82.3003413544713,27.8908741624241],[-82.3000023539432,27.8910961627115],[-82.2995913541865,27.8913931625312],[-82.2993363535436,27.8918371629825],[-82.2991323535937,27.8925111626824],[-82.2990703542456,27.8927151631598],[-82.2989643539185,27.8929511626167],[-82.2988693539718,27.8934551631614],[-82.2987483539562,27.8936121629328],[-82.2983913542929,27.8941011628974],[-82.2982873540474,27.8949721632713],[-82.2976013534553,27.8954031634026],[-82.2970483536012,27.8957501633648],[-82.2967263535131,27.896062163264],[-82.2964803535272,27.8963001640394],[-82.296032353368,27.8965141642066],[-82.2958313530674,27.8966101638618],[-82.2958093536346,27.8966211638546],[-82.2954543530945,27.8966941637929],[-82.2952903526597,27.8967281641002],[-82.2949083533787,27.8968061639784],[-82.2944753528141,27.896894164196],[-82.2939773530774,27.8969971638044],[-82.2939783528793,27.8974701642719],[-82.2939623527052,27.8984151639031],[-82.2939683525157,27.9008981648155],[-82.2939703531732,27.9013471646083],[-82.2939543526669,27.9020801653089],[-82.2939563532984,27.9028621654728],[-82.2939583525611,27.9036601655972],[-82.2939423525961,27.9044261660314],[-82.2939423527563,27.9047291660794],[-82.2939443523901,27.9051431658705],[-82.2939643525959,27.9059901661502],[-82.2939673533457,27.906869166568],[-82.2939933526877,27.9086671669027],[-82.2939903534476,27.9097051666785],[-82.2939913526323,27.9105631669038],[-82.2940093533419,27.9116141670687],[-82.2940023535232,27.9121061679551],[-82.2939843531332,27.9133001683254],[-82.2939843528023,27.9133661681992],[-82.2939823534571,27.913446168072],[-82.2939673534876,27.9141591684952],[-82.2939753528416,27.9152911686848],[-82.2939683529161,27.916309168311],[-82.2939593531027,27.9177781694086],[-82.2939933535329,27.9200551691454],[-82.2939923536709,27.9204851699109],[-82.2939923530681,27.9209431698816],[-82.2939903537554,27.9211561700552],[-82.2939743538312,27.9231481703441],[-82.2939723534329,27.9250031710051],[-82.2938913539512,27.9271351712063],[-82.2938923538491,27.9278451716147],[-82.2939103540646,27.9291241721346],[-82.2939353534232,27.9300621718994],[-82.2939263537234,27.9310421725332],[-82.2939313541637,27.9321651728668],[-82.2939263535953,27.9329111724295],[-82.2939393533575,27.9343031733624],[-82.2939433538749,27.9359301735186],[-82.293930353763,27.937736173685],[-82.29254335367,27.9377391733715],[-82.2908683525509,27.937731174307],[-82.2898363530998,27.9377451739197],[-82.2884783526605,27.9377481735922],[-82.2871583524587,27.937760174356],[-82.2857963512549,27.9377481738824],[-82.2844873513636,27.9377501742808],[-82.283800351078,27.9377291738905],[-82.2822903504617,27.9376821742458],[-82.281528350416,27.9376711743264],[-82.2796413497984,27.9377351740553],[-82.2775893496715,27.9377451745765],[-82.2775893496366,27.940013174562],[-82.2775923492463,27.941516175138],[-82.277584349243,27.9431901752224],[-82.2775933490218,27.9450481763037],[-82.2776143499919,27.9469471768297],[-82.2776173492618,27.9476451768485],[-82.2776213496917,27.9483491767914],[-82.2776233496352,27.9487131767023],[-82.2776253491327,27.9490491771266],[-82.2776333499495,27.9494711771365],[-82.277628349165,27.9498371773387],[-82.2776323495838,27.950494177089],[-82.2776363496816,27.9513051778648],[-82.2776403494908,27.9519161774017],[-82.2776423501038,27.9523931775329],[-82.2776403495375,27.9532701780007],[-82.2776383502097,27.9540121778262],[-82.2776383494059,27.9547531781694],[-82.2776393502911,27.9555861783174],[-82.2776523494512,27.9559761787943],[-82.2776453500771,27.9573751793334],[-82.2776493503943,27.9596841798347],[-82.2776563500995,27.9610171798859],[-82.2776563496532,27.9624431801561],[-82.2776563502567,27.9633361806441],[-82.2776573505097,27.9637591802422],[-82.2776493505449,27.9669451812653],[-82.2776503505528,27.9697611822146],[-82.2776513503166,27.9706011824259],[-82.2776543501391,27.9718221828102],[-82.2776753502599,27.9729231826071],[-82.2776563506222,27.9735011827448],[-82.2776573501276,27.9742571825984],[-82.2776583503553,27.97583318364],[-82.2776583502423,27.978273183856],[-82.2776573502979,27.9797851839737],[-82.277660350653,27.9806621844014],[-82.2776663506252,27.9815501845573],[-82.2776743506385,27.9820001846053],[-82.2776623510718,27.9824401846887],[-82.2776633509539,27.9825471851147],[-82.2755763501041,27.9833001852846],[-82.2741863495887,27.9838361857521],[-82.2728733491435,27.9843411856414],[-82.2720573486878,27.9846311860221],[-82.2714693484872,27.9847831860831],[-82.2705813492014,27.9849581856741],[-82.2651723469723,27.9858491860416],[-82.2579233450684,27.987050186868],[-82.2529433440629,27.9878901867364],[-82.2491313429472,27.9885241874138],[-82.2486173421167,27.9886091868336],[-82.2443443415637,27.9893221877336],[-82.2360903384726,27.9906691882931],[-82.2300103376667,27.9916701884392],[-82.2281313370759,27.9920041883308],[-82.2215623347038,27.9936261895425],[-82.2196963344125,27.9941601891736],[-82.2197003341028,27.9943111890651],[-82.219687334137,27.995920190198],[-82.2197473343013,27.996269189606],[-82.2198673342926,27.9968361895877],[-82.2198783346163,27.9979601902747],[-82.2198813342434,27.9984071903429],[-82.2198753346036,28.0024121913484],[-82.2198963347674,28.0025501916056],[-82.2199503351244,28.0027011916406],[-82.2200393347641,28.0028511917129],[-82.2206203352824,28.0033041912416],[-82.2217453352099,28.0042891913734],[-82.2221493353786,28.0047251919658],[-82.2237653357634,28.0068621919715],[-82.2239293357868,28.0071121922922],[-82.2240293363372,28.0073881924748],[-82.2240723361171,28.0076501924423],[-82.2240613362252,28.0107481930697],[-82.2240503366708,28.0141381943482],[-82.2240383364917,28.0156301947423],[-82.2240573367564,28.0167931947493],[-82.2240863364029,28.0186221953187],[-82.2240843363252,28.0204881953387],[-82.2241333368339,28.0207911952476],[-82.2235813367091,28.0209291956356],[-82.2225323360403,28.0211251954528],[-82.2214243354212,28.0213991959856],[-82.2200233349803,28.0217161959584],[-82.2189813345956,28.0219311957554],[-82.2178153350981,28.0221021956746],[-82.2170813342246,28.0221711961418],[-82.2159143339575,28.0222251960015],[-82.2159343338938,28.0251031969447],[-82.2159653342831,28.0274101972253],[-82.2159683344905,28.0277551973966],[-82.2159723348466,28.0288961978668],[-82.2159853348021,28.0324231988926],[-82.2159873341811,28.0329421984468],[-82.2160023342041,28.0346391994451],[-82.2160143349785,28.0393672001543],[-82.2160163348702,28.0397472004871],[-82.2160173350116,28.0400432003453],[-82.2160333343815,28.0434122010257],[-82.2160613351504,28.0470562021174],[-82.2160983349449,28.050866202881],[-82.2161063352901,28.0516742033461],[-82.216121335366,28.0543782040518],[-82.2161473356154,28.0573652049752],[-82.2161493356449,28.0580452044466],[-82.2161523356758,28.0585472053837],[-82.2161573357963,28.0592552054249],[-82.2161723359428,28.0616742057358],[-82.21621133512,28.065025206101],[-82.2162213356046,28.0659112069346],[-82.216225335717,28.0662822065199],[-82.2162373360121,28.0673412067742],[-82.2162833356742,28.0712082079444],[-82.2163053357199,28.0730862088838],[-82.2163983362814,28.0762802095286],[-82.2203603370544,28.0762952089074],[-82.2223543380904,28.0762932095176],[-82.2265173389288,28.0762882088632],[-82.2291393399953,28.0762862091766],[-82.2316303408739,28.0762842090819],[-82.2367353416796,28.0762692091521],[-82.2370373415147,28.0762702084886],[-82.2409303434023,28.0762832090461],[-82.2487523450373,28.0763182086092],[-82.2491793452484,28.0763202080699],[-82.2492053454837,28.0790492091962],[-82.2491903459584,28.0799792089802],[-82.2492103461706,28.0814782098511],[-82.2492193461302,28.0835982103881],[-82.2492163453362,28.0839802106856],[-82.2491973457158,28.0869242110469],[-82.2491543457037,28.0936172128079],[-82.2491543455554,28.0937652126213],[-82.2491563460806,28.0958252130806],[-82.2491553465755,28.0972752137787],[-82.2491553460022,28.0981522136346],[-82.2491563462859,28.0985822137627],[-82.2491743459952,28.1056232153193],[-82.2493573469068,28.1061732151779],[-82.2474063461153,28.1091942163819],[-82.2463463458486,28.1108272166658],[-82.245162345802,28.1126622173792],[-82.2432333450238,28.1156282177468],[-82.2424853451466,28.1167792181804],[-82.2372823431758,28.1247802202828],[-82.2366633435176,28.1257322207296],[-82.2319853427821,28.132899222878],[-82.228701341838,28.1379312239071],[-82.2271213410124,28.1403842247148],[-82.224456340642,28.1445252256909],[-82.2220583402919,28.1482062267169],[-82.2215043400817,28.1492152263008],[-82.2212063402289,28.1498992267775],[-82.2211293397652,28.1500752267262],[-82.2211073400188,28.1501252271298],[-82.2210013400793,28.1503692271055],[-82.2184813390607,28.1564672289197],[-82.2152053388573,28.1643922301881],[-82.2130823382371,28.1695282317749],[-82.2123193378571,28.1713742319863],[-82.2122243378746,28.1716052319709],[-82.2119633380591,28.1718732326658],[-82.2116503378453,28.171873232166],[-82.1948293329379,28.171903232494],[-82.1884153311449,28.1717292326145],[-82.1840583299127,28.1716582328249],[-82.1819233289225,28.1716662328449],[-82.181188329057,28.1716692331176],[-82.1799733284733,28.1716742336245],[-82.1758833271251,28.1716882329899],[-82.1758623275319,28.1717912333817],[-82.1756073276533,28.1717902331721],[-82.1753863267968,28.1717892331683],[-82.1742483274244,28.1717822330746],[-82.1717863263476,28.1717692338728],[-82.1695833254426,28.1717462332385],[-82.1692103259513,28.1717422331578],[-82.1678063247582,28.171727233853],[-82.167654324644,28.1717272332192],[-82.1649083245708,28.1717352336307],[-82.164603324302,28.171737233895],[-82.1636033237338,28.1716772333822],[-82.1617573234882,28.1716762335194],[-82.1611293227286,28.1716752340117],[-82.1608403225979,28.1716752335262],[-82.1593133229841,28.171673233728],[-82.1589103227896,28.1716732335969],[-82.157752321758,28.1716722333704],[-82.1560263220112,28.171670233793],[-82.1557393215855,28.1716672342313],[-82.1556513211109,28.1716662342539],[-82.1556263216873,28.1716652339316],[-82.1512483205028,28.1716632338266],[-82.1434273178032,28.1716622342051],[-82.139299316865,28.1716602343751],[-82.1390383165328,28.1716932340864],[-82.1388423165686,28.1718062344752],[-82.1387613166595,28.1718072343089],[-82.1248093131426,28.1721542343074]]]},"properties":{"OBJECTID":4,"DistrictId":"School Board District 4 / Patricia Rendon","District":4,"Shape__Area":0.16497702072047105,"Shape__Length":3.0596763735929504,"BoardMember":"Patricia Rendon"}},{"type":"Feature","id":5,"geometry":{"type":"Polygon","coordinates":[[[-82.4458654020601,28.0692362012712],[-82.4452234016004,28.0692362013385],[-82.4447744020555,28.0692542014035],[-82.442839400918,28.0692302016425],[-82.4409054011024,28.0692602015513],[-82.439873400757,28.0692772016774],[-82.4386364004894,28.0692482015799],[-82.4365833990599,28.0692482020288],[-82.4345323993144,28.0692292015355],[-82.4324203984397,28.0692302017894],[-82.4304333981159,28.0692402023091],[-82.4295203971734,28.0692542021523],[-82.428239396743,28.0692532023128],[-82.4272783963697,28.069252201944],[-82.4260303966443,28.0691772020796],[-82.426088396322,28.0673742021439],[-82.4260973961259,28.0656152014017],[-82.4260683957931,28.0602161997532],[-82.4260663959435,28.0581461992066],[-82.4260653961673,28.0570231993144],[-82.4260963955138,28.0551001984679],[-82.426099396359,28.0549141989526],[-82.4261063959611,28.0544691989034],[-82.4162043932457,28.05444419884],[-82.4134053923894,28.0544671985895],[-82.413214392177,28.0544691992523],[-82.4099053912585,28.0543991988313],[-82.4048333898985,28.0544461990481],[-82.4017773891975,28.054433198976],[-82.400602388157,28.0544341988801],[-82.3997583887814,28.054435199246],[-82.3975843872671,28.0544371990684],[-82.3975193874162,28.0544371995446],[-82.3955483870868,28.0544351989378],[-82.3936983860371,28.0544211993414],[-82.3937013860967,28.0535011990928],[-82.3936913863998,28.0527101993171],[-82.3936823864359,28.0521991987482],[-82.3936663861759,28.0512211983594],[-82.3936643862817,28.0510831986558],[-82.3936583866188,28.0507621985088],[-82.3936573867205,28.050681198944],[-82.393676385985,28.0502271985879],[-82.3936823863221,28.0489731978965],[-82.3936823866196,28.0470471976953],[-82.3936103859933,28.0449241973328],[-82.3935273866554,28.0441461973008],[-82.3935413860895,28.0434441967764],[-82.3935653865739,28.0427231962783],[-82.3935513858952,28.0420571960435],[-82.3935483861365,28.041370195952],[-82.3935463864044,28.0406401960519],[-82.3935483859804,28.0398151956862],[-82.3934703861758,28.0388221953567],[-82.393446386099,28.0383501953177],[-82.3934533858225,28.0361911954064],[-82.3934803853879,28.0343751942172],[-82.3934703860051,28.0326081944667],[-82.3916793855384,28.0325061945471],[-82.391372384929,28.0325061940657],[-82.3893573846965,28.0325031946746],[-82.3886533841695,28.032495194688],[-82.3878603844401,28.0324661943128],[-82.384867383197,28.032408194737],[-82.3839763832231,28.0324301941362],[-82.383783382906,28.0324771946746],[-82.3830153829395,28.0324991943468],[-82.382055382729,28.0325271941535],[-82.3821143822941,28.0327171941785],[-82.3822653828319,28.0332461942785],[-82.3823223830211,28.0334641951019],[-82.3824363823907,28.03384419513],[-82.3824343825754,28.0339861952163],[-82.382455382375,28.0341421943742],[-82.3824633829427,28.0343071951184],[-82.3824533827184,28.034471194666],[-82.3824213828859,28.0347101948611],[-82.3824103823724,28.0353791953401],[-82.3822443831083,28.0357181949152],[-82.382152383085,28.0359061955203],[-82.3818593829239,28.0361661956701],[-82.3818163823171,28.0362041954805],[-82.3814773828272,28.0363661950303],[-82.3784713819719,28.0378061961856],[-82.3783573812672,28.0378861962639],[-82.3782773812231,28.0379241957991],[-82.3781853815366,28.0379431956789],[-82.3778893818456,28.0380851961468],[-82.3768043808407,28.0390251959793],[-82.3765713809279,28.0391391960158],[-82.3763803811902,28.0391221965442],[-82.3757963812745,28.0390701960797],[-82.3757193807919,28.039031196261],[-82.3755163804532,28.0387931957977],[-82.3754333812489,28.0387121961898],[-82.3753403804792,28.038641196346],[-82.3751353811327,28.0385151956639],[-82.3748213808239,28.0383381957481],[-82.3745633805883,28.0381801959957],[-82.3744553807264,28.0381301957201],[-82.3743083802173,28.0380911963788],[-82.3741533808615,28.038065196168],[-82.3739973801847,28.0380501961316],[-82.3738433802921,28.0380481959507],[-82.3737533804686,28.0380601955828],[-82.3735423800464,28.0381151963075],[-82.3734203797002,28.0381381964325],[-82.3731363803949,28.0381701958869],[-82.3729823805069,28.0381941957718],[-82.3728673805023,28.0382251960842],[-82.3727873797195,28.0382591956803],[-82.3727143801673,28.0383081958838],[-82.3726493804122,28.0383691962037],[-82.3725723796356,28.0384621958781],[-82.3724943794008,28.0385821964073],[-82.3724613800856,28.0386581962899],[-82.372407379935,28.0388471964469],[-82.3723713796857,28.0389531959093],[-82.3723183793706,28.0390521963525],[-82.3722493795105,28.0391461965831],[-82.3721663793263,28.0392291964773],[-82.3720953798073,28.0392791962134],[-82.3720283796172,28.0393141961164],[-82.3719413792951,28.0393481961297],[-82.3717933800603,28.0393901967865],[-82.3716693795905,28.0394111965339],[-82.371545379902,28.0394131960066],[-82.3714213794119,28.0393971959767],[-82.3713013795971,28.0393611967252],[-82.3712493796199,28.0393341964989],[-82.3711773793474,28.0392841965245],[-82.3710873799432,28.0392071964117],[-82.3709653795734,28.0390791965414],[-82.3709123791311,28.0390121961215],[-82.3708443794902,28.0388871961105],[-82.370797379799,28.0388171960888],[-82.3706963797182,28.0387111958956],[-82.3706043792866,28.0386361960743],[-82.3704763796084,28.0385601959528],[-82.3703383797315,28.0384961957962],[-82.370193379593,28.0384431957463],[-82.3700163791933,28.0383941963767],[-82.3698323792293,28.0383581958347],[-82.3697103794535,28.0383441958134],[-82.3695873785948,28.0383431957358],[-82.3694323789387,28.0383561958081],[-82.3691573785134,28.0384041959012],[-82.3690693787489,28.0384311959181],[-82.3689583785594,28.0384821957894],[-82.3688843783503,28.0385311966566],[-82.3687883787156,28.0386021958487],[-82.3685893788447,28.0387761959026],[-82.3683623789515,28.0390031959835],[-82.3682703782664,28.0391131960198],[-82.3682583785739,28.0391381959672],[-82.3682483788678,28.0393051968232],[-82.3682213790165,28.0393521961322],[-82.3680613789024,28.039524196723],[-82.3680373789742,28.0395731967138],[-82.3680073783475,28.0396801968926],[-82.3679453787171,28.0400341964719],[-82.3679193787204,28.0402531970832],[-82.3679133788499,28.040583196931],[-82.3678643784024,28.04110419699],[-82.3678743783499,28.0412141969769],[-82.3678713782155,28.0412961967268],[-82.3678193788432,28.0415121969224],[-82.3678143784039,28.0415661967545],[-82.3678223790949,28.041677197445],[-82.3678193786082,28.041732197201],[-82.3678053785526,28.0417851968984],[-82.3677633783943,28.0418891970405],[-82.367690378391,28.042026197216],[-82.3675733790836,28.0421881971381],[-82.3674703785235,28.0423581972404],[-82.367453378788,28.0424111968019],[-82.3674433786204,28.042493197208],[-82.367447378553,28.042879196962],[-82.3674673786584,28.0431801977935],[-82.3675233785848,28.0436451975675],[-82.3675443781643,28.0438651975409],[-82.3675693790658,28.0440001973202],[-82.3675913784552,28.044164197616],[-82.3676033789649,28.0443291974575],[-82.3675983785006,28.0444391978517],[-82.3675773783639,28.044548197881],[-82.367537378293,28.0446511981176],[-82.3674193789001,28.044906197958],[-82.3673493786942,28.0449981977446],[-82.3673053787934,28.0450361975008],[-82.3672263785784,28.0450801979713],[-82.3671333785751,28.0451891981937],[-82.3670173786394,28.045353198266],[-82.366949378951,28.0454761982554],[-82.3668183787414,28.0457561982494],[-82.3667143785583,28.0459251978251],[-82.3665873779484,28.0462061985062],[-82.3664893784325,28.0463791984967],[-82.3664723782927,28.0464191978608],[-82.3664563786714,28.0464551977993],[-82.366445378265,28.0465091982164],[-82.3664423786434,28.046593198512],[-82.3664563784975,28.0466741980736],[-82.3665343779544,28.0468541985054],[-82.3666483784058,28.0472851979886],[-82.3666643785652,28.0473671983613],[-82.3666603788641,28.0474201982818],[-82.3666433783051,28.0474711988865],[-82.3665373785486,28.0476731982831],[-82.3664823787806,28.0478311983033],[-82.3664533787293,28.047879198819],[-82.3660323787783,28.0483731989926],[-82.3659693781285,28.0484341989231],[-82.3658093783753,28.0485631989731],[-82.3654523783911,28.0488301992021],[-82.3653863782549,28.0488871983624],[-82.3653273781003,28.0489501988164],[-82.3649833783232,28.0493431985722],[-82.3649363775902,28.0494261985584],[-82.364584378189,28.0494211992208],[-82.3605913769443,28.0493691990003],[-82.3598543768623,28.0493631990076],[-82.3566343754311,28.0493391991869],[-82.3564653752018,28.0493391993629],[-82.3564953761041,28.0504681996459],[-82.3565013755063,28.0511202000077],[-82.3565053752826,28.0517311992962],[-82.3564883756494,28.0518122000144],[-82.356411375629,28.052177199933],[-82.3573833763598,28.053095200265],[-82.3579323766211,28.0534472000952],[-82.358790376598,28.0537032005226],[-82.3598993768373,28.0542502006274],[-82.3591093767276,28.0542462001233],[-82.3583373760354,28.0542492004012],[-82.3565263753081,28.0542552000775],[-82.356407375866,28.0542562002203],[-82.3540963751572,28.0542642000914],[-82.3537593746427,28.0542652004027],[-82.3535543748401,28.0542662003074],[-82.3533723748079,28.054265200552],[-82.3511823740055,28.0542482006892],[-82.3494483737567,28.0542352005114],[-82.3477653729187,28.0542232007601],[-82.3475993728605,28.0542232005252],[-82.3474363727265,28.0542242004865],[-82.3455983723233,28.0542272005546],[-82.34486837225,28.0542282010557],[-82.3436263720351,28.0542302009683],[-82.3410373708572,28.0542492002821],[-82.3395253708074,28.0542612003446],[-82.3383223709759,28.0542662007401],[-82.3354053700598,28.0542782004411],[-82.3354003698808,28.052002200478],[-82.3353993694034,28.0514972000097],[-82.3353943697467,28.0494521999245],[-82.3353933691818,28.047069199212],[-82.3353963689256,28.0461741989079],[-82.3354073695984,28.0453021984588],[-82.335405369275,28.044369198929],[-82.3354033692697,28.0438011987604],[-82.3354043690483,28.0434191981791],[-82.3354083697869,28.0418411977354],[-82.3354083692315,28.0392081969287],[-82.3354093687797,28.0370961963804],[-82.3354103695029,28.0361601969274],[-82.3326643687148,28.0361681966222],[-82.330764368067,28.0361661966677],[-82.328492367074,28.0361571968325],[-82.3283423672661,28.0361561963854],[-82.327855366721,28.036155196377],[-82.3272583667324,28.0361531969533],[-82.3264603661675,28.0361521970185],[-82.3190283647302,28.0361501970678],[-82.3166963635588,28.0361531967441],[-82.3149913632347,28.0361561970131],[-82.3119163618369,28.0361531971525],[-82.3109983615931,28.036152197512],[-82.3105033623574,28.0361531971521],[-82.3099603616045,28.0361541968332],[-82.3082893611128,28.0361581968067],[-82.3059813605421,28.0361651975515],[-82.3026593596951,28.0361751975921],[-82.3026153590732,28.0324591965334],[-82.3025733590674,28.0288591957857],[-82.3025423592668,28.0252471948105],[-82.3025383594612,28.0240951948284],[-82.302529359537,28.0215931937482],[-82.3000523579309,28.0215941942294],[-82.2939893562885,28.0216011940722],[-82.2923233561239,28.0215961939253],[-82.2902493553931,28.0215971940708],[-82.2875663548841,28.0216051941673],[-82.2870463541643,28.021607194511],[-82.2841163534096,28.0216151944393],[-82.283887353969,28.0216161946833],[-82.2820433528678,28.0216211943811],[-82.2797573524068,28.0216281942092],[-82.2791363523011,28.0216331947388],[-82.2778723524947,28.0216421940887],[-82.2778593523434,28.0193111938475],[-82.2778563522108,28.0179911935925],[-82.2777923520933,28.0154861933717],[-82.2777953517252,28.0142541927021],[-82.2777773521529,28.0124761923656],[-82.2777723520365,28.0120281925287],[-82.2777583514642,28.0106801922213],[-82.2777533518577,28.0098061911697],[-82.2777503514548,28.0093741914427],[-82.277734351543,28.0065881908683],[-82.2822683524584,28.0057191904827],[-82.2839353531331,28.0053991905846],[-82.2860133537144,28.0050021901727],[-82.2859703535594,28.0020961896256],[-82.2860053535183,28.0002991892197],[-82.2859873540374,27.9976751883992],[-82.2859263537927,27.9961361878371],[-82.2859063535264,27.9950611882014],[-82.2858563529657,27.9924391875608],[-82.2858643537103,27.9921161869854],[-82.2858913536031,27.9910931873382],[-82.2859083531145,27.9904321867028],[-82.2859253529396,27.9897551861493],[-82.2859243532503,27.9886491858857],[-82.2859233534136,27.987272185923],[-82.2859223535902,27.9869301862722],[-82.2859213530847,27.9865651857912],[-82.2859203532905,27.9857491859115],[-82.2859243534883,27.9840311856149],[-82.2859293533018,27.9832231846296],[-82.285927353549,27.9824241843774],[-82.2859293525972,27.9815741845885],[-82.2848343527735,27.9815701844979],[-82.2843603530311,27.9815701842382],[-82.2831403523216,27.9815701848714],[-82.2819363517874,27.9815701843052],[-82.2810993515465,27.9816081843967],[-82.2806373514588,27.9816771844924],[-82.2801533514427,27.9818061845167],[-82.2776573507987,27.982750185388],[-82.2776633509539,27.9825471851147],[-82.2776623510718,27.9824401846887],[-82.2776743506385,27.9820001846053],[-82.2776663506252,27.9815501845573],[-82.277660350653,27.9806621844014],[-82.2776573502979,27.9797851839737],[-82.2776583502423,27.978273183856],[-82.2776583503553,27.97583318364],[-82.2776573501276,27.9742571825984],[-82.2776563506222,27.9735011827448],[-82.2776753502599,27.9729231826071],[-82.2776543501391,27.9718221828102],[-82.2776513503166,27.9706011824259],[-82.2776503505528,27.9697611822146],[-82.2776493505449,27.9669451812653],[-82.2776573505097,27.9637591802422],[-82.2776563502567,27.9633361806441],[-82.2776563496532,27.9624431801561],[-82.2776563500995,27.9610171798859],[-82.2776493503943,27.9596841798347],[-82.2776453500771,27.9573751793334],[-82.2776523494512,27.9559761787943],[-82.2776393502911,27.9555861783174],[-82.2776383494059,27.9547531781694],[-82.2776383502097,27.9540121778262],[-82.2776403495375,27.9532701780007],[-82.2776423501038,27.9523931775329],[-82.2776403494908,27.9519161774017],[-82.2776363496816,27.9513051778648],[-82.2776323495838,27.950494177089],[-82.277628349165,27.9498371773387],[-82.2776333499495,27.9494711771365],[-82.2776253491327,27.9490491771266],[-82.2776233496352,27.9487131767023],[-82.2776213496917,27.9483491767914],[-82.2776173492618,27.9476451768485],[-82.2776143499919,27.9469471768297],[-82.2775933490218,27.9450481763037],[-82.277584349243,27.9431901752224],[-82.2775923492463,27.941516175138],[-82.2775893496366,27.940013174562],[-82.2775893496715,27.9377451745765],[-82.2796413497984,27.9377351740553],[-82.281528350416,27.9376711743264],[-82.2822903504617,27.9376821742458],[-82.283800351078,27.9377291738905],[-82.2844873513636,27.9377501742808],[-82.2857963512549,27.9377481738824],[-82.2871583524587,27.937760174356],[-82.2884783526605,27.9377481735922],[-82.2898363530998,27.9377451739197],[-82.2908683525509,27.937731174307],[-82.29254335367,27.9377391733715],[-82.293930353763,27.937736173685],[-82.2939433538749,27.9359301735186],[-82.2939393533575,27.9343031733624],[-82.2939263535953,27.9329111724295],[-82.2939313541637,27.9321651728668],[-82.2939263537234,27.9310421725332],[-82.2939353534232,27.9300621718994],[-82.2939103540646,27.9291241721346],[-82.2938923538491,27.9278451716147],[-82.2938913539512,27.9271351712063],[-82.2939723534329,27.9250031710051],[-82.2939743538312,27.9231481703441],[-82.2961203544167,27.9231921702305],[-82.30016935532,27.9232511704331],[-82.3021143557696,27.9232571698302],[-82.3023393555247,27.9232601703539],[-82.3024483562113,27.9232621699826],[-82.3025063556162,27.9232631697509],[-82.3067723574181,27.9233381695844],[-82.3132293594057,27.9233251694245],[-82.3181843601233,27.9233121695549],[-82.3184153605262,27.9225241695803],[-82.3186103607219,27.9216051689647],[-82.3186443606429,27.920297168668],[-82.3186353609938,27.919845168631],[-82.3185783602434,27.916610167994],[-82.3185783607735,27.9164581680333],[-82.3185823606811,27.9145401678061],[-82.3185883606082,27.9120811673154],[-82.3186073597048,27.9107731665344],[-82.3186093598941,27.9077741657649],[-82.3191993598475,27.9077551660174],[-82.3197083602356,27.907738165575],[-82.3201473609753,27.9077201662851],[-82.3205553604315,27.9076481661523],[-82.3209673602751,27.9075491657368],[-82.3214973611839,27.9073611659125],[-82.3221383607205,27.9070411657478],[-82.322432361074,27.9068871658749],[-82.322705361451,27.9067441654971],[-82.3231243609056,27.9064471653135],[-82.3236783615552,27.9060621652961],[-82.3242003619992,27.9056301650857],[-82.3256253622766,27.9044321653421],[-82.3261163621957,27.9041421647181],[-82.3267993625533,27.903787164747],[-82.3276163624331,27.9036171642671],[-82.3279923630826,27.9036051646328],[-82.3295723627467,27.9035711647682],[-82.3299963634456,27.903576164795],[-82.3305843633391,27.903583164345],[-82.330588363682,27.9019201646104],[-82.3309813634653,27.9012081644157],[-82.3311373636619,27.9009471635189],[-82.331191363615,27.900485163781],[-82.3311663637558,27.8996831633898],[-82.3311663631139,27.8976021628441],[-82.3311543631465,27.8963851624556],[-82.330789363634,27.8952501629172],[-82.3307683626483,27.8936781624076],[-82.3347533642391,27.8937911623855],[-82.334955364811,27.8937971619314],[-82.3362343643068,27.8938421618507],[-82.3379853647452,27.8938891617911],[-82.3388553656442,27.8938861622045],[-82.3400503663187,27.89388116184],[-82.3418323660471,27.8938521621783],[-82.3428343667071,27.8938361616596],[-82.3430173663534,27.8936351618997],[-82.343032366586,27.8934641616246],[-82.3430543670743,27.8930051614752],[-82.3430513670015,27.8919201612128],[-82.3430483665351,27.8911961614008],[-82.3430413663498,27.8890511607646],[-82.3429133663628,27.8887701610164],[-82.3429543669775,27.8887051609578],[-82.3430573663342,27.8886571608618],[-82.3430553666592,27.8884171607525],[-82.3430533663697,27.8881421608893],[-82.3430413669274,27.886394160532],[-82.3433493665372,27.8863891605313],[-82.3440403667548,27.8863801598218],[-82.34440936676,27.8863761603235],[-82.348426368411,27.8863231599794],[-82.3488593682963,27.8863371598956],[-82.3485043673694,27.8801741580792],[-82.3484173679055,27.8788991583016],[-82.348203367204,27.8757581571727],[-82.3481613672078,27.8751361576414],[-82.3479213678726,27.8716011560783],[-82.347671367069,27.8679211551178],[-82.3474303673765,27.864378154892],[-82.3478613676245,27.8643701542221],[-82.349529367959,27.8643461545993],[-82.3505903681255,27.8643161544598],[-82.3517023682818,27.8642831545313],[-82.3529083683457,27.8642761541641],[-82.3542273688981,27.8642801542444],[-82.3548403687813,27.8642791544452],[-82.3566983693276,27.8642641540316],[-82.3573283697071,27.8642601545845],[-82.3574503694192,27.8642621541269],[-82.3587833705593,27.8642791541747],[-82.3589913706668,27.8642821541363],[-82.3607873711055,27.8643061547061],[-82.3609733709073,27.8643091541714],[-82.3614773710937,27.8643161547257],[-82.3628733719124,27.8643231542565],[-82.3653303720271,27.8643371539136],[-82.366295372939,27.8643431542711],[-82.3670103724836,27.8643471538188],[-82.3690533736474,27.8643581541911],[-82.3690533736168,27.8671541552279],[-82.3690543733815,27.8694501556671],[-82.3690563737862,27.8799451580556],[-82.3690543741735,27.8800341580606],[-82.3690043742877,27.8825741589277],[-82.3690193742176,27.8871851597329],[-82.3689683744005,27.8882621594859],[-82.3687943736409,27.8898271600036],[-82.3687593738406,27.8901371601912],[-82.3686423739735,27.8912101604066],[-82.3686113744286,27.8914941608477],[-82.3686313739994,27.8935151614425],[-82.3686453738623,27.8949821615529],[-82.368677373843,27.8973821619023],[-82.3687023742823,27.8992121627438],[-82.3686443740456,27.9008881626078],[-82.368622373913,27.9018741633508],[-82.3686243738783,27.9023941637218],[-82.368616373928,27.9027521632539],[-82.3686183740192,27.9034091632649],[-82.3686203748456,27.9036371634715],[-82.3686363739956,27.906171163903],[-82.3686393748717,27.9065781642955],[-82.3686393740333,27.9067181644968],[-82.3686433746304,27.9071491648447],[-82.3686513744153,27.9083001647661],[-82.3686523741772,27.9084281645362],[-82.36866237471,27.9100181652309],[-82.3686723744354,27.9115271658759],[-82.3686833751869,27.9130741663395],[-82.3686993743257,27.9154531668105],[-82.3686973747161,27.9164271666137],[-82.3686993745917,27.9168451668973],[-82.3687003748436,27.917700166891],[-82.3687013746014,27.9183881672543],[-82.3687013748205,27.9190911675757],[-82.3687013749385,27.9200621672788],[-82.3687013752032,27.9226871685686],[-82.3707893760896,27.9227051685698],[-82.3717333764277,27.922692167926],[-82.3728613767171,27.9227071685642],[-82.3748533768861,27.9227341680907],[-82.3758043766377,27.9227231680941],[-82.3769273777452,27.9227281682901],[-82.3778853772188,27.9227361677352],[-82.3788753777114,27.9227271683521],[-82.3799313779068,27.9227521680477],[-82.380955378491,27.9227221679884],[-82.3822163794464,27.9227331676737],[-82.3827393791851,27.9227371679122],[-82.3830863796431,27.9227401676514],[-82.3840273796437,27.922762168194],[-82.3850593798253,27.9227651682881],[-82.3870513798961,27.9227811677473],[-82.388916380507,27.9227961677572],[-82.3893643810829,27.9228001677676],[-82.3895353808374,27.922801167884],[-82.3931233820474,27.9227921676754],[-82.3936533822632,27.922805167689],[-82.395057382537,27.9228201676019],[-82.39706838292,27.9228401675444],[-82.3976243836753,27.9229231673649],[-82.3984283832394,27.9229741672533],[-82.4008693839939,27.9230521679395],[-82.4018803842621,27.9230291675553],[-82.4019223844546,27.9238391677157],[-82.4019103850638,27.9242521678845],[-82.4019553847091,27.9266091681498],[-82.401947384416,27.9271221688756],[-82.4019433848758,27.927374168408],[-82.4019373843453,27.9278111687426],[-82.4019323849965,27.9286341685523],[-82.40194338502,27.9293211685885],[-82.4019233846741,27.930479169012],[-82.4019283846673,27.9312121691075],[-82.4019353850842,27.9324341693329],[-82.4019353850909,27.9335751697707],[-82.401890384542,27.9339221698723],[-82.4018933847076,27.9348821705625],[-82.401902384835,27.937079170728],[-82.4019043849035,27.9375471713171],[-82.4019173855176,27.9411731718452],[-82.4018953854876,27.9429801727505],[-82.4018623852071,27.9444621728484],[-82.4018503850508,27.9450241725231],[-82.4017503853539,27.9450241728878],[-82.4016903855003,27.9450331726927],[-82.4015743850954,27.9450771727193],[-82.4015153852411,27.9450941730647],[-82.4012703849586,27.9451051731099],[-82.4007113847757,27.945101172874],[-82.3998703847,27.9451271729663],[-82.3995963850014,27.9451361732854],[-82.3994733848639,27.9451281729517],[-82.3993123850016,27.9450951729802],[-82.3992923849674,27.9450911728184],[-82.3991383844275,27.9450771725816],[-82.3989523841767,27.9450711727825],[-82.3987983846284,27.9450781732064],[-82.3985223842126,27.9451151728608],[-82.3982753845693,27.9451341732914],[-82.398119384404,27.9451401725493],[-82.3980283843553,27.9451441725753],[-82.3974723839442,27.9451371725396],[-82.3974253838098,27.946008172969],[-82.3974083844746,27.9465621732745],[-82.4009723846736,27.9464501728256],[-82.401695385344,27.9466561732187],[-82.4018283851072,27.946649173081],[-82.4018273858942,27.9467561728062],[-82.4018043850679,27.9484861738101],[-82.4017973851083,27.949437173901],[-82.4017953859844,27.9497871736795],[-82.4017933856281,27.9500091738574],[-82.401791384995,27.9503381743922],[-82.4016773855459,27.9521041748335],[-82.4081113871587,27.9522091747838],[-82.4090103878576,27.9523901741593],[-82.4104393882913,27.952992174882],[-82.4109243886367,27.9531961743778],[-82.4140603889463,27.9548461747712],[-82.4146523898241,27.9550421748297],[-82.4155753894209,27.955348174839],[-82.4159723900723,27.9554451745507],[-82.4166033898639,27.955504174588],[-82.4171803903784,27.955493174498],[-82.4178653899246,27.9554161745693],[-82.4192283905781,27.9550981747443],[-82.4209693907882,27.9547081745239],[-82.4217923917795,27.954555174738],[-82.4224513918696,27.9545541743735],[-82.425412392625,27.9545851742756],[-82.425542392967,27.9546361748229],[-82.4258613924405,27.9547621741],[-82.4260833925598,27.9548491746154],[-82.4265043926663,27.9550141747678],[-82.4274013926783,27.9554641748193],[-82.4280663934031,27.9556871747227],[-82.4306553942286,27.9557661750742],[-82.4347163953118,27.9557871745017],[-82.4355113955647,27.9557761741179],[-82.4380133965768,27.9557801745447],[-82.4404733971794,27.9558161741172],[-82.4429663971261,27.9558191747893],[-82.4442633976549,27.9558231740097],[-82.4454783986481,27.9558341746662],[-82.4455823979536,27.9558351745006],[-82.4455833980618,27.9559121741091],[-82.445939398326,27.9559171747116],[-82.4462573988464,27.9559241746192],[-82.4467263982932,27.9559011740049],[-82.4469203983977,27.9558581741563],[-82.4478893986967,27.9558581746932],[-82.448312399374,27.9554321738278],[-82.4482623989226,27.9555791744844],[-82.4480733992657,27.9560101746205],[-82.4485883992517,27.9554901741306],[-82.4498843994242,27.9541371736752],[-82.4503823993293,27.9536191739588],[-82.4508293999281,27.9532521731958],[-82.4510984001894,27.9530601735984],[-82.4512743994902,27.9529611733004],[-82.4515193999264,27.9528601732174],[-82.4517433999502,27.9527791732031],[-82.4520534005902,27.9526731733467],[-82.452371400485,27.9525961735015],[-82.452636399829,27.9525331730755],[-82.4543564012248,27.9522581734018],[-82.4548734013891,27.9521851735611],[-82.4551344005269,27.95219517317],[-82.4554474009113,27.9528311731655],[-82.4555204015567,27.9529781736669],[-82.4557054008719,27.9532991737447],[-82.4557594012192,27.9534161731518],[-82.4558984009643,27.954150173261],[-82.4558874008239,27.9547871734656],[-82.4558764015597,27.9553861739549],[-82.4564694019122,27.9560581738324],[-82.4565284011819,27.9561221739066],[-82.4565944018509,27.9562371739794],[-82.4565934015603,27.9563781745867],[-82.4565504017315,27.9570891747188],[-82.4565354010319,27.9573241745077],[-82.4565204016707,27.9575761748108],[-82.4570984018591,27.9571331739931],[-82.4575484016295,27.9569181745602],[-82.458021402369,27.9567231739731],[-82.4580564022288,27.956722174037],[-82.4587784018984,27.9567081742396],[-82.4594814019728,27.9566951743974],[-82.4601434026859,27.9566821744827],[-82.4604964024979,27.9566751742423],[-82.4609374023856,27.9566661737636],[-82.4627104037444,27.9566321741302],[-82.4628464029218,27.9566291738645],[-82.4631444032097,27.9566141741281],[-82.4633464035534,27.9565831741477],[-82.4633994033824,27.9565751736185],[-82.4634494031251,27.9565671741468],[-82.4635054038346,27.9565581744299],[-82.4639254037754,27.9564931737208],[-82.4640194033521,27.9564791735931],[-82.4642104037404,27.9564521737236],[-82.4647404040808,27.9563751737317],[-82.4648784042772,27.9563551741117],[-82.464935403979,27.9563471739215],[-82.4649824039474,27.9561471735406],[-82.4649914035055,27.9561071735515],[-82.464998403837,27.9560801741311],[-82.4650064042411,27.9560441742943],[-82.4650174040994,27.9559961739888],[-82.4650834038058,27.9557161738081],[-82.4651514039652,27.9554211732678],[-82.4653594041904,27.9545581730883],[-82.4655284037389,27.9538561736619],[-82.4657544041016,27.952858173399],[-82.4658924037736,27.9528831733392],[-82.4659364037028,27.9527681727158],[-82.465843404301,27.9521631724988],[-82.4658344035435,27.952074172854],[-82.4657604035042,27.9513681725834],[-82.4656234036097,27.9505601727496],[-82.4655194033928,27.9502281725937],[-82.4655694043224,27.950230171991],[-82.466436403667,27.9502861725999],[-82.467494404781,27.9503151724094],[-82.4680954046731,27.9501871723657],[-82.4684754049865,27.9499931724128],[-82.4687574045324,27.9498841721187],[-82.468857404903,27.9498791724094],[-82.4692834046216,27.9498601725286],[-82.4700984053782,27.9498661722162],[-82.4709224058612,27.9498721723866],[-82.4717474056087,27.9498791721925],[-82.4724784062306,27.9498741717996],[-82.4726094064078,27.9498131721252],[-82.4727384054848,27.9497731719911],[-82.4746904069182,27.9498101720421],[-82.476786406841,27.9498301722196],[-82.4788404076712,27.9498531715793],[-82.4809144082392,27.9498731718699],[-82.4829914088599,27.9498951716298],[-82.4829894089314,27.9506191716742],[-82.4850824092077,27.950641172045],[-82.4850634092328,27.9513671720033],[-82.4850654099457,27.9521061719992],[-82.4850564094658,27.9528341724053],[-82.4850394097769,27.953559172436],[-82.4850334093825,27.9542851732076],[-82.4850204097202,27.9550081727884],[-82.4850084095508,27.9554181734353],[-82.4850044096799,27.9555821733943],[-82.4850004100337,27.9557341731067],[-82.4849974092733,27.9560091731252],[-82.4849954099588,27.9562021730708],[-82.4849924098546,27.9564561730986],[-82.4849914096484,27.9571851736065],[-82.484981409739,27.9579281741434],[-82.4849714094136,27.9586501737369],[-82.4849614096378,27.9593761745355],[-82.4849554098277,27.9601041744381],[-82.4849464094147,27.9608311741401],[-82.4849374101286,27.9615811743571],[-82.4849264098796,27.9623091745039],[-82.4849224099334,27.9630491754044],[-82.4849114095583,27.9637921752323],[-82.4849024095453,27.9645231758272],[-82.4848944103899,27.9652611755072],[-82.4848814102632,27.9659881761316],[-82.4848814097831,27.9667031757708],[-82.482800409031,27.9666891762549],[-82.4807254089591,27.9666551756561],[-82.4786524085143,27.9666371762075],[-82.4765774073133,27.9666351765217],[-82.4761034074684,27.9666911757464],[-82.4757034070572,27.9667381759089],[-82.4752884071382,27.9667871759239],[-82.474806407294,27.9668441765342],[-82.4745694075055,27.966872176465],[-82.4743154071478,27.9669021765737],[-82.4730984069464,27.966919175848],[-82.4726094065372,27.9669171761997],[-82.4716424059861,27.9669201763858],[-82.4710784060608,27.9669201763063],[-82.4706834062065,27.9669191763212],[-82.4697274054986,27.9669211760886],[-82.4691964057226,27.9669221764328],[-82.4690824049571,27.9669221761632],[-82.4689704054536,27.966922176198],[-82.4686844056986,27.9669211761521],[-82.4676744049928,27.9669261764295],[-82.4676654048924,27.9677941767623],[-82.4676534055803,27.9686341764012],[-82.4676454046166,27.9691761769587],[-82.4676534049355,27.9699781775021],[-82.4676584046969,27.9705891770711],[-82.4676574056289,27.9713321778696],[-82.4676674051474,27.9719461779786],[-82.4676704055149,27.9729551779402],[-82.4676714050119,27.9733601782012],[-82.4668824051576,27.9733411775398],[-82.4661334048589,27.9733491776795],[-82.4635244044533,27.9733361783544],[-82.4635424038988,27.9742281785442],[-82.46354140459,27.9746411782622],[-82.4635404044981,27.9751281781692],[-82.4635384038477,27.9755841782663],[-82.4635354040477,27.9760451783356],[-82.4635404040514,27.9770461787542],[-82.4635324045808,27.9779411790361],[-82.4633294040669,27.9780311796477],[-82.4628114043216,27.9780371790566],[-82.4619634039052,27.9780311794033],[-82.4611094033727,27.9780261791608],[-82.4602524036826,27.9780181795321],[-82.4595304033721,27.9780181792465],[-82.459424402931,27.977900179706],[-82.4594314031237,27.9790061796942],[-82.4594214034005,27.9797501801658],[-82.4594174034071,27.980040179709],[-82.4594074027957,27.9808031802763],[-82.4594034034036,27.9815231799252],[-82.4583574024324,27.9815271800837],[-82.4578934025764,27.9815271804895],[-82.4573274027354,27.9815201800985],[-82.456762402642,27.9815231799607],[-82.4562834022054,27.981525180263],[-82.4552744023033,27.9815141805964],[-82.4542084018364,27.9814851800276],[-82.4538204014173,27.9814861799972],[-82.4538214019446,27.9839371807532],[-82.4537744012159,27.985157181231],[-82.4537394019778,27.9860701815555],[-82.4537204016402,27.9871061812955],[-82.4536904018297,27.9887961819817],[-82.4536764018493,27.9895801819982],[-82.4536754018907,27.989617182195],[-82.4537004018687,27.9902661823776],[-82.4537314016538,27.9910871822662],[-82.4538224014231,27.993465182958],[-82.4538524021953,27.9960981839819],[-82.4535694023754,27.9961031839795],[-82.4532424017225,27.9961101837799],[-82.4521904018611,27.9961011840918],[-82.4511434014749,27.9960761837426],[-82.4501624009004,27.9960731838452],[-82.4479023999028,27.996074183768],[-82.4470173996309,27.9960761837321],[-82.4454193990884,27.9960731844017],[-82.4450053998663,27.9960731838206],[-82.4429573989961,27.9960721844473],[-82.4429683993025,27.9969931846348],[-82.4429653990191,27.9979041842052],[-82.4429613991528,27.9988041847307],[-82.4429633990672,27.9997141852337],[-82.4429693988569,28.0006251852305],[-82.4429643993937,28.0015061857451],[-82.4429583988364,28.002447185867],[-82.4429713990395,28.00334918581],[-82.44296339896,28.0042551859819],[-82.4429793994861,28.005176186106],[-82.4429893991396,28.0060811868313],[-82.4429893992117,28.0066861868475],[-82.4429853995001,28.0069961869857],[-82.4429813987637,28.0073921863878],[-82.442983398754,28.0080341866019],[-82.4429793995462,28.0089621874549],[-82.4429873993282,28.0098821875934],[-82.4429753992901,28.0106481879988],[-82.4430013992062,28.0115821875725],[-82.4429903990586,28.0124841878548],[-82.4429693996127,28.0128941883966],[-82.4429663994414,28.013414188226],[-82.4429433995611,28.0143641888591],[-82.4426343998123,28.0143751883422],[-82.4426503991435,28.0144921886625],[-82.4420563987266,28.0144281886612],[-82.4420483996425,28.0144491889852],[-82.4420353995939,28.0145231882936],[-82.4420363987196,28.0146241885581],[-82.4420563993868,28.0147211887134],[-82.4421003987899,28.0148391882443],[-82.4421623992661,28.0149511884177],[-82.4422113996742,28.0150101888325],[-82.4423543988523,28.015129189044],[-82.4424723997047,28.0152671884961],[-82.4425553996668,28.0153331884724],[-82.4427533989966,28.0154691884301],[-82.4431593996065,28.0157331887924],[-82.4435143994698,28.0159731888201],[-82.4436163999417,28.0160571884552],[-82.4438203994909,28.0162611889272],[-82.4439783994367,28.0164341893837],[-82.4440394001746,28.0165171886083],[-82.4441924002006,28.0167811889917],[-82.4442083997176,28.0168181891094],[-82.4442553994155,28.0169191895247],[-82.444309399699,28.0170051891817],[-82.4444204001652,28.0171481889841],[-82.4446334005093,28.0173781889379],[-82.4447563998234,28.0175231890705],[-82.4448134005588,28.0176091896356],[-82.4448553998127,28.0177001893219],[-82.4448824006078,28.0177961890358],[-82.4448993997114,28.0179191894718],[-82.4448844001364,28.0180191892282],[-82.444898400329,28.0180661889523],[-82.4450033998571,28.0182961895155],[-82.4450533999346,28.0184711896904],[-82.445058400683,28.0184891890947],[-82.4450834003337,28.0185321898167],[-82.4451284004363,28.0185661892495],[-82.4451544002544,28.0185761894065],[-82.4451794002174,28.0185801891021],[-82.4454024003842,28.0185431890404],[-82.4454524000375,28.0185241893068],[-82.4455734005362,28.0184411891914],[-82.4457974008926,28.0183051897048],[-82.4459944001913,28.0181381896527],[-82.4463084001615,28.0178931891331],[-82.4464434002151,28.0178051894972],[-82.4465414008055,28.0177581888563],[-82.4466724006733,28.0177131889204],[-82.4467814009771,28.0176911895651],[-82.4469484005836,28.0176781889023],[-82.4470894009998,28.0176811892192],[-82.4471984004358,28.0176951891467],[-82.4473064011024,28.0177211887992],[-82.4474384009916,28.0177651890032],[-82.4475614006521,28.0178231894088],[-82.4476754010631,28.0178941892703],[-82.4481084009899,28.0182111896673],[-82.4481634012038,28.0182651888656],[-82.4481904011169,28.0183071889447],[-82.4482224009067,28.0184031897143],[-82.4482514011678,28.0184741892283],[-82.4484104014511,28.0187361898008],[-82.4484494014036,28.0188011890445],[-82.448482400968,28.0188411896099],[-82.4486054017375,28.0189431893664],[-82.4486514017452,28.0190041897085],[-82.4487084013461,28.0190911893771],[-82.448740401111,28.0191261893121],[-82.4487604017485,28.0191481895863],[-82.4488074016563,28.0191851898842],[-82.448887401551,28.0192381893924],[-82.4489614012237,28.01928218983],[-82.4491094012213,28.0193511895663],[-82.4492394018376,28.0193981896189],[-82.4495024011441,28.019468189141],[-82.4496414019008,28.0194851896414],[-82.4497344016355,28.0194851894545],[-82.4498374014533,28.0194861897259],[-82.4502914014554,28.0194741899815],[-82.4504024015184,28.0194801891035],[-82.4505024014965,28.0195021895203],[-82.4506144018843,28.0195471897869],[-82.4508264017269,28.0196581895403],[-82.4510974017117,28.0198421892762],[-82.4512344023615,28.0199231895777],[-82.4512844020222,28.0199381893944],[-82.4512844023392,28.0199611898563],[-82.4512814016672,28.0203111897165],[-82.45138640159,28.0203231897708],[-82.4514704025576,28.0203131895481],[-82.4516564021077,28.0202621899954],[-82.4517954024372,28.0202531900598],[-82.4519914024577,28.020255189629],[-82.452073402235,28.0202651892721],[-82.4521544026261,28.0202861897456],[-82.4522584025187,28.0203211892736],[-82.4524754028786,28.02043518943],[-82.4525694020559,28.0204891901659],[-82.4525944023891,28.0204991894871],[-82.4527044029043,28.0205131898371],[-82.4529944027965,28.0206031893006],[-82.4531024024016,28.0206271900433],[-82.4531534024838,28.0206441901131],[-82.4531764023852,28.0206601896867],[-82.4532264024744,28.0206821896341],[-82.4532804028416,28.0206941894712],[-82.4533644030907,28.0206941894292],[-82.4533914027197,28.0206871897535],[-82.4534674024626,28.0206571894733],[-82.4535214028238,28.0206441899357],[-82.4536044030584,28.020641189849],[-82.4537694022962,28.0206141893935],[-82.4538764029024,28.0205851892628],[-82.4538994031782,28.0205711901195],[-82.4539264032645,28.020528189859],[-82.4539434032386,28.0205091895547],[-82.4539714027648,28.0205051896612],[-82.4539994031796,28.0205081897017],[-82.4540254032524,28.0205181899707],[-82.4540504025745,28.0205191893607],[-82.4541144029761,28.0204831894849],[-82.4541434024643,28.020474189645],[-82.4541744031963,28.0204731893077],[-82.4544134030236,28.0204151896041],[-82.4546294034869,28.0203941892074],[-82.4547224028174,28.0203931893864],[-82.4548444026867,28.0204141897719],[-82.454907402822,28.0204131898437],[-82.4549354026252,28.020419189284],[-82.4549504029549,28.0204431895777],[-82.4549744031412,28.0204401899488],[-82.4549974035098,28.0204281894458],[-82.455274402837,28.0204651892772],[-82.4554594030596,28.0204851898909],[-82.4555604036152,28.0204861897828],[-82.4556364030959,28.0207951896093],[-82.4559224034249,28.0225641900759],[-82.4559524037329,28.0227491905269],[-82.4560404038307,28.0241561902903],[-82.4559974032673,28.0251361906645],[-82.4559764038826,28.0252631904892],[-82.4557574035113,28.0265971914395],[-82.455732403083,28.0267041909948],[-82.4555684035889,28.027420190994],[-82.4554914037247,28.0277551914927],[-82.4554344034063,28.028079191241],[-82.4552524037826,28.0291221916152],[-82.4550494034158,28.0302841923419],[-82.4550274040067,28.0316811923573],[-82.4550184037191,28.0322701927251],[-82.4550124039395,28.0326341927129],[-82.4550124033221,28.0326811925016],[-82.455011403994,28.0329191925175],[-82.4547544034067,28.0329171927242],[-82.4534264034512,28.0329061923294],[-82.4533314026999,28.032904192968],[-82.4532654028724,28.0329021926195],[-82.4524274028271,28.032886192863],[-82.4512694025736,28.0328631927065],[-82.4512674028573,28.0336441928927],[-82.4512744028561,28.0345331935469],[-82.45126340205,28.0349371933977],[-82.4512394023518,28.0355351936039],[-82.4512384023458,28.0363351938786],[-82.4512414029535,28.0370911933658],[-82.4512374024913,28.0378001943437],[-82.4512344026441,28.0385171944561],[-82.4512314022014,28.0392281944314],[-82.4512314029844,28.0399471941866],[-82.4512254030076,28.0408991945358],[-82.451221402627,28.0417731945918],[-82.4512134026623,28.0422251945898],[-82.4511974031038,28.0436201951447],[-82.4511944026401,28.044388195622],[-82.4511944025504,28.0447661958041],[-82.4511914028824,28.045075195657],[-82.4511894028277,28.0458091956607],[-82.4511894024352,28.0460091955239],[-82.4511884030284,28.0460811959043],[-82.4511884029987,28.0461681963063],[-82.4511884024954,28.0465221961587],[-82.451186402782,28.0472681961235],[-82.4511824029565,28.0500691970483],[-82.4511824026976,28.0509351974732],[-82.451181403362,28.0521161971271],[-82.4511854034856,28.0528141971078],[-82.451197403062,28.0546351983518],[-82.4511964029455,28.0549591980914],[-82.4511964031537,28.0551431981532],[-82.4511964032718,28.0551921984187],[-82.4511984030593,28.0553831981298],[-82.4512034031249,28.0560761979097],[-82.4512094032469,28.0568931983648],[-82.4512014030793,28.0577081989896],[-82.4511994036562,28.0583041992489],[-82.4512014035684,28.0586951992698],[-82.4511974035947,28.0592751992741],[-82.4511854029458,28.0601511995533],[-82.4511744031935,28.0607031993612],[-82.451162403421,28.0613221991612],[-82.4511534032004,28.0619381994044],[-82.4511534031482,28.0626332002341],[-82.4511714036029,28.0633042003223],[-82.4511704035606,28.0637882002164],[-82.4511634034012,28.0643851999999],[-82.4511684032162,28.0649902006611],[-82.451144403876,28.0656262009796],[-82.451134403613,28.067002200605],[-82.4511454035236,28.0678032009791],[-82.4511454034651,28.0692592018152],[-82.4492514030331,28.0692592011769],[-82.4469954024366,28.0692592012705],[-82.4458654020601,28.0692362012712]]]},"properties":{"OBJECTID":5,"DistrictId":"School Board District 5 / Henry Washington","District":5,"Shape__Area":0.02176955725803964,"Shape__Length":0.9349335472975387,"BoardMember":"Henry Washington"}}]}